,radiant_P1_different_H_7day_ago,radiant_P1_winrate_7day_ago,radiant_P1_kills_7day_ago,radiant_P1_deaths_7day_ago,radiant_P1_assists_7day_ago,radiant_P1_eloShift_7day_ago,radiant_P1_gpm_7day_ago,radiant_P1_xpm_7day_ago,radiant_P1_kda_7day_ago,radiant_P1_lastHits_7day_ago,radiant_P1_denies_7day_ago,radiant_P2_different_H_7day_ago,radiant_P2_winrate_7day_ago,radiant_P2_kills_7day_ago,radiant_P2_deaths_7day_ago,radiant_P2_assists_7day_ago,radiant_P2_eloShift_7day_ago,radiant_P2_gpm_7day_ago,radiant_P2_xpm_7day_ago,radiant_P2_kda_7day_ago,radiant_P2_lastHits_7day_ago,radiant_P2_denies_7day_ago,radiant_P3_different_H_7day_ago,radiant_P3_winrate_7day_ago,radiant_P3_kills_7day_ago,radiant_P3_deaths_7day_ago,radiant_P3_assists_7day_ago,radiant_P3_eloShift_7day_ago,radiant_P3_gpm_7day_ago,radiant_P3_xpm_7day_ago,radiant_P3_kda_7day_ago,radiant_P3_lastHits_7day_ago,radiant_P3_denies_7day_ago,radiant_P4_different_H_7day_ago,radiant_P4_winrate_7day_ago,radiant_P4_kills_7day_ago,radiant_P4_deaths_7day_ago,radiant_P4_assists_7day_ago,radiant_P4_eloShift_7day_ago,radiant_P4_gpm_7day_ago,radiant_P4_xpm_7day_ago,radiant_P4_kda_7day_ago,radiant_P4_lastHits_7day_ago,radiant_P4_denies_7day_ago,radiant_P5_different_H_7day_ago,radiant_P5_winrate_7day_ago,radiant_P5_kills_7day_ago,radiant_P5_deaths_7day_ago,radiant_P5_assists_7day_ago,radiant_P5_eloShift_7day_ago,radiant_P5_gpm_7day_ago,radiant_P5_xpm_7day_ago,radiant_P5_kda_7day_ago,radiant_P5_lastHits_7day_ago,radiant_P5_denies_7day_ago,dire_P1_different_H_7day_ago,dire_P1_winrate_7day_ago,dire_P1_kills_7day_ago,dire_P1_deaths_7day_ago,dire_P1_assists_7day_ago,dire_P1_eloShift_7day_ago,dire_P1_gpm_7day_ago,dire_P1_xpm_7day_ago,dire_P1_kda_7day_ago,dire_P1_lastHits_7day_ago,dire_P1_denies_7day_ago,dire_P2_different_H_7day_ago,dire_P2_winrate_7day_ago,dire_P2_kills_7day_ago,dire_P2_deaths_7day_ago,dire_P2_assists_7day_ago,dire_P2_eloShift_7day_ago,dire_P2_gpm_7day_ago,dire_P2_xpm_7day_ago,dire_P2_kda_7day_ago,dire_P2_lastHits_7day_ago,dire_P2_denies_7day_ago,dire_P3_different_H_7day_ago,dire_P3_winrate_7day_ago,dire_P3_kills_7day_ago,dire_P3_deaths_7day_ago,dire_P3_assists_7day_ago,dire_P3_eloShift_7day_ago,dire_P3_gpm_7day_ago,dire_P3_xpm_7day_ago,dire_P3_kda_7day_ago,dire_P3_lastHits_7day_ago,dire_P3_denies_7day_ago,dire_P4_different_H_7day_ago,dire_P4_winrate_7day_ago,dire_P4_kills_7day_ago,dire_P4_deaths_7day_ago,dire_P4_assists_7day_ago,dire_P4_eloShift_7day_ago,dire_P4_gpm_7day_ago,dire_P4_xpm_7day_ago,dire_P4_kda_7day_ago,dire_P4_lastHits_7day_ago,dire_P4_denies_7day_ago,dire_P5_different_H_7day_ago,dire_P5_winrate_7day_ago,dire_P5_kills_7day_ago,dire_P5_deaths_7day_ago,dire_P5_assists_7day_ago,dire_P5_eloShift_7day_ago,dire_P5_gpm_7day_ago,dire_P5_xpm_7day_ago,dire_P5_kda_7day_ago,dire_P5_lastHits_7day_ago,dire_P5_denies_7day_ago,match_id
0,3,1.0,3.8333333333333335,5.166666666666667,18.333333333333332,23.090325354451654,267.1666666666667,343.8333333333333,6.090909090909091,35.166666666666664,5.5,2,1.0,14.5,4.5,15.0,23.510316092987395,644.25,639.25,7.166666666666666,266.75,12.75,4,1.0,9.75,3.25,13.75,23.258321649865948,547.75,594.25,10.3125,242.0,14.0,3,1.0,5.833333333333333,2.3333333333333335,14.5,23.25832164986595,410.3333333333333,505.8333333333333,11.333333333333334,120.33333333333333,8.833333333333334,4,1.0,4.5,5.0,18.0,23.132324428305232,293.875,395.625,4.911111111111111,42.5,9.75,0,0.0,0.0,0.0,0.0,0.0,0.0,0.0,0.0,0.0,0.0,0,0.0,0.0,0.0,0.0,0.0,0.0,0.0,0.0,0.0,0.0,0,0.0,0.0,0.0,0.0,0.0,0.0,0.0,0.0,0.0,0.0,0,0.0,0.0,0.0,0.0,0.0,0.0,0.0,0.0,0.0,0.0,0,0.0,0.0,0.0,0.0,0.0,0.0,0.0,0.0,0.0,0.0,3927969458
1,0,0.0,0.0,0.0,0.0,0.0,0.0,0.0,0.0,0.0,0.0,0,0.0,0.0,0.0,0.0,0.0,0.0,0.0,0.0,0.0,0.0,3,0.3333333333333333,3.6666666666666665,3.6666666666666665,10.0,-6.793486302984178,314.6666666666667,365.6666666666667,8.944444444444445,94.33333333333333,5.0,2,0.25,3.75,7.25,6.0,-12.12681963631751,393.0,403.0,1.738888888888889,198.25,14.0,0,0.0,0.0,0.0,0.0,0.0,0.0,0.0,0.0,0.0,0.0,0,0.0,0.0,0.0,0.0,0.0,0.0,0.0,0.0,0.0,0.0,0,0.0,0.0,0.0,0.0,0.0,0.0,0.0,0.0,0.0,0.0,0,0.0,0.0,0.0,0.0,0.0,0.0,0.0,0.0,0.0,0.0,0,0.0,0.0,0.0,0.0,0.0,0.0,0.0,0.0,0.0,0.0,0,0.0,0.0,0.0,0.0,0.0,0.0,0.0,0.0,0.0,0.0,3927969700
2,0,0.0,0.0,0.0,0.0,0.0,0.0,0.0,0.0,0.0,0.0,0,0.0,0.0,0.0,0.0,0.0,0.0,0.0,0.0,0.0,0.0,0,0.0,0.0,0.0,0.0,0.0,0.0,0.0,0.0,0.0,0.0,0,0.0,0.0,0.0,0.0,0.0,0.0,0.0,0.0,0.0,0.0,0,0.0,0.0,0.0,0.0,0.0,0.0,0.0,0.0,0.0,0.0,0,0.0,0.0,0.0,0.0,0.0,0.0,0.0,0.0,0.0,0.0,0,0.0,0.0,0.0,0.0,0.0,0.0,0.0,0.0,0.0,0.0,0,0.0,0.0,0.0,0.0,0.0,0.0,0.0,0.0,0.0,0.0,0,0.0,0.0,0.0,0.0,0.0,0.0,0.0,0.0,0.0,0.0,0,0.0,0.0,0.0,0.0,0.0,0.0,0.0,0.0,0.0,0.0,3927970381
3,0,0.0,0.0,0.0,0.0,0.0,0.0,0.0,0.0,0.0,0.0,0,0.0,0.0,0.0,0.0,0.0,0.0,0.0,0.0,0.0,0.0,0,0.0,0.0,0.0,0.0,0.0,0.0,0.0,0.0,0.0,0.0,0,0.0,0.0,0.0,0.0,0.0,0.0,0.0,0.0,0.0,0.0,0,0.0,0.0,0.0,0.0,0.0,0.0,0.0,0.0,0.0,0.0,0,0.0,0.0,0.0,0.0,0.0,0.0,0.0,0.0,0.0,0.0,0,0.0,0.0,0.0,0.0,0.0,0.0,0.0,0.0,0.0,0.0,0,0.0,0.0,0.0,0.0,0.0,0.0,0.0,0.0,0.0,0.0,0,0.0,0.0,0.0,0.0,0.0,0.0,0.0,0.0,0.0,0.0,0,0.0,0.0,0.0,0.0,0.0,0.0,0.0,0.0,0.0,0.0,3927970658
4,3,1.0,3.8333333333333335,5.166666666666667,18.333333333333332,23.090325354451654,267.1666666666667,343.8333333333333,6.090909090909091,35.166666666666664,5.5,2,1.0,14.5,4.5,15.0,23.510316092987395,644.25,639.25,7.166666666666666,266.75,12.75,4,1.0,9.75,3.25,13.75,23.258321649865948,547.75,594.25,10.3125,242.0,14.0,3,1.0,5.833333333333333,2.3333333333333335,14.5,23.25832164986595,410.3333333333333,505.8333333333333,11.333333333333334,120.33333333333333,8.833333333333334,4,1.0,4.5,5.0,18.0,23.132324428305232,293.875,395.625,4.911111111111111,42.5,9.75,0,0.0,0.0,0.0,0.0,0.0,0.0,0.0,0.0,0.0,0.0,0,0.0,0.0,0.0,0.0,0.0,0.0,0.0,0.0,0.0,0.0,0,0.0,0.0,0.0,0.0,0.0,0.0,0.0,0.0,0.0,0.0,0,0.0,0.0,0.0,0.0,0.0,0.0,0.0,0.0,0.0,0.0,0,0.0,0.0,0.0,0.0,0.0,0.0,0.0,0.0,0.0,0.0,3928022579
5,0,0.0,0.0,0.0,0.0,0.0,0.0,0.0,0.0,0.0,0.0,0,0.0,0.0,0.0,0.0,0.0,0.0,0.0,0.0,0.0,0.0,0,0.0,0.0,0.0,0.0,0.0,0.0,0.0,0.0,0.0,0.0,0,0.0,0.0,0.0,0.0,0.0,0.0,0.0,0.0,0.0,0.0,0,0.0,0.0,0.0,0.0,0.0,0.0,0.0,0.0,0.0,0.0,0,0.0,0.0,0.0,0.0,0.0,0.0,0.0,0.0,0.0,0.0,0,0.0,0.0,0.0,0.0,0.0,0.0,0.0,0.0,0.0,0.0,0,0.0,0.0,0.0,0.0,0.0,0.0,0.0,0.0,0.0,0.0,0,0.0,0.0,0.0,0.0,0.0,0.0,0.0,0.0,0.0,0.0,0,0.0,0.0,0.0,0.0,0.0,0.0,0.0,0.0,0.0,0.0,3928032584
6,0,0.0,0.0,0.0,0.0,0.0,0.0,0.0,0.0,0.0,0.0,0,0.0,0.0,0.0,0.0,0.0,0.0,0.0,0.0,0.0,0.0,0,0.0,0.0,0.0,0.0,0.0,0.0,0.0,0.0,0.0,0.0,0,0.0,0.0,0.0,0.0,0.0,0.0,0.0,0.0,0.0,0.0,0,0.0,0.0,0.0,0.0,0.0,0.0,0.0,0.0,0.0,0.0,0,0.0,0.0,0.0,0.0,0.0,0.0,0.0,0.0,0.0,0.0,0,0.0,0.0,0.0,0.0,0.0,0.0,0.0,0.0,0.0,0.0,0,0.0,0.0,0.0,0.0,0.0,0.0,0.0,0.0,0.0,0.0,0,0.0,0.0,0.0,0.0,0.0,0.0,0.0,0.0,0.0,0.0,0,0.0,0.0,0.0,0.0,0.0,0.0,0.0,0.0,0.0,0.0,3928033510
7,0,0.0,0.0,0.0,0.0,0.0,0.0,0.0,0.0,0.0,0.0,0,0.0,0.0,0.0,0.0,0.0,0.0,0.0,0.0,0.0,0.0,3,0.3333333333333333,3.6666666666666665,3.6666666666666665,10.0,-6.793486302984178,314.6666666666667,365.6666666666667,8.944444444444445,94.33333333333333,5.0,2,0.25,3.75,7.25,6.0,-12.12681963631751,393.0,403.0,1.738888888888889,198.25,14.0,0,0.0,0.0,0.0,0.0,0.0,0.0,0.0,0.0,0.0,0.0,0,0.0,0.0,0.0,0.0,0.0,0.0,0.0,0.0,0.0,0.0,0,0.0,0.0,0.0,0.0,0.0,0.0,0.0,0.0,0.0,0.0,0,0.0,0.0,0.0,0.0,0.0,0.0,0.0,0.0,0.0,0.0,0,0.0,0.0,0.0,0.0,0.0,0.0,0.0,0.0,0.0,0.0,0,0.0,0.0,0.0,0.0,0.0,0.0,0.0,0.0,0.0,0.0,3928034802
8,0,0.0,0.0,0.0,0.0,0.0,0.0,0.0,0.0,0.0,0.0,0,0.0,0.0,0.0,0.0,0.0,0.0,0.0,0.0,0.0,0.0,0,0.0,0.0,0.0,0.0,0.0,0.0,0.0,0.0,0.0,0.0,0,0.0,0.0,0.0,0.0,0.0,0.0,0.0,0.0,0.0,0.0,0,0.0,0.0,0.0,0.0,0.0,0.0,0.0,0.0,0.0,0.0,0,0.0,0.0,0.0,0.0,0.0,0.0,0.0,0.0,0.0,0.0,0,0.0,0.0,0.0,0.0,0.0,0.0,0.0,0.0,0.0,0.0,0,0.0,0.0,0.0,0.0,0.0,0.0,0.0,0.0,0.0,0.0,0,0.0,0.0,0.0,0.0,0.0,0.0,0.0,0.0,0.0,0.0,0,0.0,0.0,0.0,0.0,0.0,0.0,0.0,0.0,0.0,0.0,3928080962
9,3,1.0,3.8333333333333335,5.166666666666667,18.333333333333332,23.090325354451654,267.1666666666667,343.8333333333333,6.090909090909091,35.166666666666664,5.5,2,1.0,14.5,4.5,15.0,23.510316092987395,644.25,639.25,7.166666666666666,266.75,12.75,4,1.0,9.75,3.25,13.75,23.258321649865948,547.75,594.25,10.3125,242.0,14.0,3,1.0,5.833333333333333,2.3333333333333335,14.5,23.25832164986595,410.3333333333333,505.8333333333333,11.333333333333334,120.33333333333333,8.833333333333334,4,1.0,4.5,5.0,18.0,23.132324428305232,293.875,395.625,4.911111111111111,42.5,9.75,0,0.0,0.0,0.0,0.0,0.0,0.0,0.0,0.0,0.0,0.0,0,0.0,0.0,0.0,0.0,0.0,0.0,0.0,0.0,0.0,0.0,0,0.0,0.0,0.0,0.0,0.0,0.0,0.0,0.0,0.0,0.0,0,0.0,0.0,0.0,0.0,0.0,0.0,0.0,0.0,0.0,0.0,0,0.0,0.0,0.0,0.0,0.0,0.0,0.0,0.0,0.0,0.0,3928102591
10,0,0.0,0.0,0.0,0.0,0.0,0.0,0.0,0.0,0.0,0.0,0,0.0,0.0,0.0,0.0,0.0,0.0,0.0,0.0,0.0,0.0,0,0.0,0.0,0.0,0.0,0.0,0.0,0.0,0.0,0.0,0.0,0,0.0,0.0,0.0,0.0,0.0,0.0,0.0,0.0,0.0,0.0,0,0.0,0.0,0.0,0.0,0.0,0.0,0.0,0.0,0.0,0.0,0,0.0,0.0,0.0,0.0,0.0,0.0,0.0,0.0,0.0,0.0,0,0.0,0.0,0.0,0.0,0.0,0.0,0.0,0.0,0.0,0.0,0,0.0,0.0,0.0,0.0,0.0,0.0,0.0,0.0,0.0,0.0,0,0.0,0.0,0.0,0.0,0.0,0.0,0.0,0.0,0.0,0.0,0,0.0,0.0,0.0,0.0,0.0,0.0,0.0,0.0,0.0,0.0,3928136472
11,3,1.0,3.8333333333333335,5.166666666666667,18.333333333333332,23.090325354451654,267.1666666666667,343.8333333333333,6.090909090909091,35.166666666666664,5.5,2,1.0,14.5,4.5,15.0,23.510316092987395,644.25,639.25,7.166666666666666,266.75,12.75,4,1.0,9.75,3.25,13.75,23.258321649865948,547.75,594.25,10.3125,242.0,14.0,3,1.0,5.833333333333333,2.3333333333333335,14.5,23.25832164986595,410.3333333333333,505.8333333333333,11.333333333333334,120.33333333333333,8.833333333333334,4,1.0,4.5,5.0,18.0,23.132324428305232,293.875,395.625,4.911111111111111,42.5,9.75,0,0.0,0.0,0.0,0.0,0.0,0.0,0.0,0.0,0.0,0.0,0,0.0,0.0,0.0,0.0,0.0,0.0,0.0,0.0,0.0,0.0,0,0.0,0.0,0.0,0.0,0.0,0.0,0.0,0.0,0.0,0.0,0,0.0,0.0,0.0,0.0,0.0,0.0,0.0,0.0,0.0,0.0,0,0.0,0.0,0.0,0.0,0.0,0.0,0.0,0.0,0.0,0.0,3928234992
12,0,0.0,0.0,0.0,0.0,0.0,0.0,0.0,0.0,0.0,0.0,0,0.0,0.0,0.0,0.0,0.0,0.0,0.0,0.0,0.0,0.0,0,0.0,0.0,0.0,0.0,0.0,0.0,0.0,0.0,0.0,0.0,0,0.0,0.0,0.0,0.0,0.0,0.0,0.0,0.0,0.0,0.0,0,0.0,0.0,0.0,0.0,0.0,0.0,0.0,0.0,0.0,0.0,0,0.0,0.0,0.0,0.0,0.0,0.0,0.0,0.0,0.0,0.0,0,0.0,0.0,0.0,0.0,0.0,0.0,0.0,0.0,0.0,0.0,0,0.0,0.0,0.0,0.0,0.0,0.0,0.0,0.0,0.0,0.0,0,0.0,0.0,0.0,0.0,0.0,0.0,0.0,0.0,0.0,0.0,0,0.0,0.0,0.0,0.0,0.0,0.0,0.0,0.0,0.0,0.0,3928278244
13,3,1.0,3.8333333333333335,5.166666666666667,18.333333333333332,23.090325354451654,267.1666666666667,343.8333333333333,6.090909090909091,35.166666666666664,5.5,2,1.0,14.5,4.5,15.0,23.510316092987395,644.25,639.25,7.166666666666666,266.75,12.75,4,1.0,9.75,3.25,13.75,23.258321649865948,547.75,594.25,10.3125,242.0,14.0,3,1.0,5.833333333333333,2.3333333333333335,14.5,23.25832164986595,410.3333333333333,505.8333333333333,11.333333333333334,120.33333333333333,8.833333333333334,4,1.0,4.5,5.0,18.0,23.132324428305232,293.875,395.625,4.911111111111111,42.5,9.75,0,0.0,0.0,0.0,0.0,0.0,0.0,0.0,0.0,0.0,0.0,0,0.0,0.0,0.0,0.0,0.0,0.0,0.0,0.0,0.0,0.0,0,0.0,0.0,0.0,0.0,0.0,0.0,0.0,0.0,0.0,0.0,0,0.0,0.0,0.0,0.0,0.0,0.0,0.0,0.0,0.0,0.0,0,0.0,0.0,0.0,0.0,0.0,0.0,0.0,0.0,0.0,0.0,3928337789
14,0,0.0,0.0,0.0,0.0,0.0,0.0,0.0,0.0,0.0,0.0,0,0.0,0.0,0.0,0.0,0.0,0.0,0.0,0.0,0.0,0.0,0,0.0,0.0,0.0,0.0,0.0,0.0,0.0,0.0,0.0,0.0,0,0.0,0.0,0.0,0.0,0.0,0.0,0.0,0.0,0.0,0.0,0,0.0,0.0,0.0,0.0,0.0,0.0,0.0,0.0,0.0,0.0,0,0.0,0.0,0.0,0.0,0.0,0.0,0.0,0.0,0.0,0.0,0,0.0,0.0,0.0,0.0,0.0,0.0,0.0,0.0,0.0,0.0,0,0.0,0.0,0.0,0.0,0.0,0.0,0.0,0.0,0.0,0.0,0,0.0,0.0,0.0,0.0,0.0,0.0,0.0,0.0,0.0,0.0,0,0.0,0.0,0.0,0.0,0.0,0.0,0.0,0.0,0.0,0.0,3928389527
15,0,0.0,0.0,0.0,0.0,0.0,0.0,0.0,0.0,0.0,0.0,0,0.0,0.0,0.0,0.0,0.0,0.0,0.0,0.0,0.0,0.0,3,0.3333333333333333,3.6666666666666665,3.6666666666666665,10.0,-6.793486302984178,314.6666666666667,365.6666666666667,8.944444444444445,94.33333333333333,5.0,2,0.25,3.75,7.25,6.0,-12.12681963631751,393.0,403.0,1.738888888888889,198.25,14.0,0,0.0,0.0,0.0,0.0,0.0,0.0,0.0,0.0,0.0,0.0,0,0.0,0.0,0.0,0.0,0.0,0.0,0.0,0.0,0.0,0.0,0,0.0,0.0,0.0,0.0,0.0,0.0,0.0,0.0,0.0,0.0,0,0.0,0.0,0.0,0.0,0.0,0.0,0.0,0.0,0.0,0.0,0,0.0,0.0,0.0,0.0,0.0,0.0,0.0,0.0,0.0,0.0,0,0.0,0.0,0.0,0.0,0.0,0.0,0.0,0.0,0.0,0.0,3928462587
16,0,0.0,0.0,0.0,0.0,0.0,0.0,0.0,0.0,0.0,0.0,0,0.0,0.0,0.0,0.0,0.0,0.0,0.0,0.0,0.0,0.0,0,0.0,0.0,0.0,0.0,0.0,0.0,0.0,0.0,0.0,0.0,0,0.0,0.0,0.0,0.0,0.0,0.0,0.0,0.0,0.0,0.0,0,0.0,0.0,0.0,0.0,0.0,0.0,0.0,0.0,0.0,0.0,0,0.0,0.0,0.0,0.0,0.0,0.0,0.0,0.0,0.0,0.0,0,0.0,0.0,0.0,0.0,0.0,0.0,0.0,0.0,0.0,0.0,0,0.0,0.0,0.0,0.0,0.0,0.0,0.0,0.0,0.0,0.0,0,0.0,0.0,0.0,0.0,0.0,0.0,0.0,0.0,0.0,0.0,0,0.0,0.0,0.0,0.0,0.0,0.0,0.0,0.0,0.0,0.0,3928509645
17,0,0.0,0.0,0.0,0.0,0.0,0.0,0.0,0.0,0.0,0.0,0,0.0,0.0,0.0,0.0,0.0,0.0,0.0,0.0,0.0,0.0,0,0.0,0.0,0.0,0.0,0.0,0.0,0.0,0.0,0.0,0.0,0,0.0,0.0,0.0,0.0,0.0,0.0,0.0,0.0,0.0,0.0,0,0.0,0.0,0.0,0.0,0.0,0.0,0.0,0.0,0.0,0.0,0,0.0,0.0,0.0,0.0,0.0,0.0,0.0,0.0,0.0,0.0,0,0.0,0.0,0.0,0.0,0.0,0.0,0.0,0.0,0.0,0.0,3,0.3333333333333333,3.6666666666666665,3.6666666666666665,10.0,-6.793486302984178,314.6666666666667,365.6666666666667,8.944444444444445,94.33333333333333,5.0,2,0.25,3.75,7.25,6.0,-12.12681963631751,393.0,403.0,1.738888888888889,198.25,14.0,0,0.0,0.0,0.0,0.0,0.0,0.0,0.0,0.0,0.0,0.0,3928620364
18,0,0.0,0.0,0.0,0.0,0.0,0.0,0.0,0.0,0.0,0.0,0,0.0,0.0,0.0,0.0,0.0,0.0,0.0,0.0,0.0,0.0,0,0.0,0.0,0.0,0.0,0.0,0.0,0.0,0.0,0.0,0.0,0,0.0,0.0,0.0,0.0,0.0,0.0,0.0,0.0,0.0,0.0,0,0.0,0.0,0.0,0.0,0.0,0.0,0.0,0.0,0.0,0.0,0,0.0,0.0,0.0,0.0,0.0,0.0,0.0,0.0,0.0,0.0,0,0.0,0.0,0.0,0.0,0.0,0.0,0.0,0.0,0.0,0.0,0,0.0,0.0,0.0,0.0,0.0,0.0,0.0,0.0,0.0,0.0,0,0.0,0.0,0.0,0.0,0.0,0.0,0.0,0.0,0.0,0.0,0,0.0,0.0,0.0,0.0,0.0,0.0,0.0,0.0,0.0,0.0,3928688563
19,0,0.0,0.0,0.0,0.0,0.0,0.0,0.0,0.0,0.0,0.0,0,0.0,0.0,0.0,0.0,0.0,0.0,0.0,0.0,0.0,0.0,0,0.0,0.0,0.0,0.0,0.0,0.0,0.0,0.0,0.0,0.0,0,0.0,0.0,0.0,0.0,0.0,0.0,0.0,0.0,0.0,0.0,0,0.0,0.0,0.0,0.0,0.0,0.0,0.0,0.0,0.0,0.0,0,0.0,0.0,0.0,0.0,0.0,0.0,0.0,0.0,0.0,0.0,0,0.0,0.0,0.0,0.0,0.0,0.0,0.0,0.0,0.0,0.0,0,0.0,0.0,0.0,0.0,0.0,0.0,0.0,0.0,0.0,0.0,0,0.0,0.0,0.0,0.0,0.0,0.0,0.0,0.0,0.0,0.0,0,0.0,0.0,0.0,0.0,0.0,0.0,0.0,0.0,0.0,0.0,3928801490
20,0,0.0,0.0,0.0,0.0,0.0,0.0,0.0,0.0,0.0,0.0,0,0.0,0.0,0.0,0.0,0.0,0.0,0.0,0.0,0.0,0.0,0,0.0,0.0,0.0,0.0,0.0,0.0,0.0,0.0,0.0,0.0,0,0.0,0.0,0.0,0.0,0.0,0.0,0.0,0.0,0.0,0.0,0,0.0,0.0,0.0,0.0,0.0,0.0,0.0,0.0,0.0,0.0,0,0.0,0.0,0.0,0.0,0.0,0.0,0.0,0.0,0.0,0.0,0,0.0,0.0,0.0,0.0,0.0,0.0,0.0,0.0,0.0,0.0,0,0.0,0.0,0.0,0.0,0.0,0.0,0.0,0.0,0.0,0.0,0,0.0,0.0,0.0,0.0,0.0,0.0,0.0,0.0,0.0,0.0,0,0.0,0.0,0.0,0.0,0.0,0.0,0.0,0.0,0.0,0.0,3928837410
21,0,0.0,0.0,0.0,0.0,0.0,0.0,0.0,0.0,0.0,0.0,0,0.0,0.0,0.0,0.0,0.0,0.0,0.0,0.0,0.0,0.0,0,0.0,0.0,0.0,0.0,0.0,0.0,0.0,0.0,0.0,0.0,0,0.0,0.0,0.0,0.0,0.0,0.0,0.0,0.0,0.0,0.0,0,0.0,0.0,0.0,0.0,0.0,0.0,0.0,0.0,0.0,0.0,0,0.0,0.0,0.0,0.0,0.0,0.0,0.0,0.0,0.0,0.0,0,0.0,0.0,0.0,0.0,0.0,0.0,0.0,0.0,0.0,0.0,0,0.0,0.0,0.0,0.0,0.0,0.0,0.0,0.0,0.0,0.0,0,0.0,0.0,0.0,0.0,0.0,0.0,0.0,0.0,0.0,0.0,0,0.0,0.0,0.0,0.0,0.0,0.0,0.0,0.0,0.0,0.0,3928936023
22,0,0.0,0.0,0.0,0.0,0.0,0.0,0.0,0.0,0.0,0.0,0,0.0,0.0,0.0,0.0,0.0,0.0,0.0,0.0,0.0,0.0,0,0.0,0.0,0.0,0.0,0.0,0.0,0.0,0.0,0.0,0.0,0,0.0,0.0,0.0,0.0,0.0,0.0,0.0,0.0,0.0,0.0,0,0.0,0.0,0.0,0.0,0.0,0.0,0.0,0.0,0.0,0.0,0,0.0,0.0,0.0,0.0,0.0,0.0,0.0,0.0,0.0,0.0,0,0.0,0.0,0.0,0.0,0.0,0.0,0.0,0.0,0.0,0.0,0,0.0,0.0,0.0,0.0,0.0,0.0,0.0,0.0,0.0,0.0,0,0.0,0.0,0.0,0.0,0.0,0.0,0.0,0.0,0.0,0.0,0,0.0,0.0,0.0,0.0,0.0,0.0,0.0,0.0,0.0,0.0,3929018213
23,0,0.0,0.0,0.0,0.0,0.0,0.0,0.0,0.0,0.0,0.0,0,0.0,0.0,0.0,0.0,0.0,0.0,0.0,0.0,0.0,0.0,0,0.0,0.0,0.0,0.0,0.0,0.0,0.0,0.0,0.0,0.0,0,0.0,0.0,0.0,0.0,0.0,0.0,0.0,0.0,0.0,0.0,0,0.0,0.0,0.0,0.0,0.0,0.0,0.0,0.0,0.0,0.0,0,0.0,0.0,0.0,0.0,0.0,0.0,0.0,0.0,0.0,0.0,0,0.0,0.0,0.0,0.0,0.0,0.0,0.0,0.0,0.0,0.0,0,0.0,0.0,0.0,0.0,0.0,0.0,0.0,0.0,0.0,0.0,0,0.0,0.0,0.0,0.0,0.0,0.0,0.0,0.0,0.0,0.0,0,0.0,0.0,0.0,0.0,0.0,0.0,0.0,0.0,0.0,0.0,3930016447
24,0,0.0,0.0,0.0,0.0,0.0,0.0,0.0,0.0,0.0,0.0,0,0.0,0.0,0.0,0.0,0.0,0.0,0.0,0.0,0.0,0.0,0,0.0,0.0,0.0,0.0,0.0,0.0,0.0,0.0,0.0,0.0,0,0.0,0.0,0.0,0.0,0.0,0.0,0.0,0.0,0.0,0.0,0,0.0,0.0,0.0,0.0,0.0,0.0,0.0,0.0,0.0,0.0,0,0.0,0.0,0.0,0.0,0.0,0.0,0.0,0.0,0.0,0.0,0,0.0,0.0,0.0,0.0,0.0,0.0,0.0,0.0,0.0,0.0,0,0.0,0.0,0.0,0.0,0.0,0.0,0.0,0.0,0.0,0.0,0,0.0,0.0,0.0,0.0,0.0,0.0,0.0,0.0,0.0,0.0,0,0.0,0.0,0.0,0.0,0.0,0.0,0.0,0.0,0.0,0.0,3930017604
25,4,0.25,3.0,4.375,4.375,-13.58354775821858,430.125,458.625,1.494047619047619,209.875,11.875,4,0.25,3.125,7.75,9.5,-11.876244009569701,256.875,294.0,1.4672619047619047,67.5,6.875,6,0.3333333333333333,5.166666666666667,4.166666666666667,7.166666666666667,-8.250214424885248,468.5,453.1666666666667,4.690079365079365,240.33333333333334,11.833333333333334,5,0.3,4.8,4.4,7.1,-10.38354775821858,420.7,425.7,3.557142857142857,157.9,6.2,6,0.3333333333333333,1.6666666666666667,7.0,9.0,-8.250214424885248,244.83333333333334,289.8333333333333,2.0470238095238096,40.166666666666664,3.5,0,0.0,0.0,0.0,0.0,0.0,0.0,0.0,0.0,0.0,0.0,0,0.0,0.0,0.0,0.0,0.0,0.0,0.0,0.0,0.0,0.0,0,0.0,0.0,0.0,0.0,0.0,0.0,0.0,0.0,0.0,0.0,0,0.0,0.0,0.0,0.0,0.0,0.0,0.0,0.0,0.0,0.0,0,0.0,0.0,0.0,0.0,0.0,0.0,0.0,0.0,0.0,0.0,3930018175
26,0,0.0,0.0,0.0,0.0,0.0,0.0,0.0,0.0,0.0,0.0,0,0.0,0.0,0.0,0.0,0.0,0.0,0.0,0.0,0.0,0.0,0,0.0,0.0,0.0,0.0,0.0,0.0,0.0,0.0,0.0,0.0,0,0.0,0.0,0.0,0.0,0.0,0.0,0.0,0.0,0.0,0.0,0,0.0,0.0,0.0,0.0,0.0,0.0,0.0,0.0,0.0,0.0,0,0.0,0.0,0.0,0.0,0.0,0.0,0.0,0.0,0.0,0.0,0,0.0,0.0,0.0,0.0,0.0,0.0,0.0,0.0,0.0,0.0,0,0.0,0.0,0.0,0.0,0.0,0.0,0.0,0.0,0.0,0.0,0,0.0,0.0,0.0,0.0,0.0,0.0,0.0,0.0,0.0,0.0,0,0.0,0.0,0.0,0.0,0.0,0.0,0.0,0.0,0.0,0.0,3930082757
27,4,0.25,3.0,4.375,4.375,-13.58354775821858,430.125,458.625,1.494047619047619,209.875,11.875,4,0.25,3.125,7.75,9.5,-11.876244009569701,256.875,294.0,1.4672619047619047,67.5,6.875,6,0.3333333333333333,5.166666666666667,4.166666666666667,7.166666666666667,-8.250214424885248,468.5,453.1666666666667,4.690079365079365,240.33333333333334,11.833333333333334,5,0.3,4.8,4.4,7.1,-10.38354775821858,420.7,425.7,3.557142857142857,157.9,6.2,6,0.3333333333333333,1.6666666666666667,7.0,9.0,-8.250214424885248,244.83333333333334,289.8333333333333,2.0470238095238096,40.166666666666664,3.5,0,0.0,0.0,0.0,0.0,0.0,0.0,0.0,0.0,0.0,0.0,0,0.0,0.0,0.0,0.0,0.0,0.0,0.0,0.0,0.0,0.0,0,0.0,0.0,0.0,0.0,0.0,0.0,0.0,0.0,0.0,0.0,0,0.0,0.0,0.0,0.0,0.0,0.0,0.0,0.0,0.0,0.0,0,0.0,0.0,0.0,0.0,0.0,0.0,0.0,0.0,0.0,0.0,3930084254
28,0,0.0,0.0,0.0,0.0,0.0,0.0,0.0,0.0,0.0,0.0,0,0.0,0.0,0.0,0.0,0.0,0.0,0.0,0.0,0.0,0.0,0,0.0,0.0,0.0,0.0,0.0,0.0,0.0,0.0,0.0,0.0,0,0.0,0.0,0.0,0.0,0.0,0.0,0.0,0.0,0.0,0.0,0,0.0,0.0,0.0,0.0,0.0,0.0,0.0,0.0,0.0,0.0,0,0.0,0.0,0.0,0.0,0.0,0.0,0.0,0.0,0.0,0.0,0,0.0,0.0,0.0,0.0,0.0,0.0,0.0,0.0,0.0,0.0,0,0.0,0.0,0.0,0.0,0.0,0.0,0.0,0.0,0.0,0.0,0,0.0,0.0,0.0,0.0,0.0,0.0,0.0,0.0,0.0,0.0,0,0.0,0.0,0.0,0.0,0.0,0.0,0.0,0.0,0.0,0.0,3930125995
29,0,0.0,0.0,0.0,0.0,0.0,0.0,0.0,0.0,0.0,0.0,0,0.0,0.0,0.0,0.0,0.0,0.0,0.0,0.0,0.0,0.0,0,0.0,0.0,0.0,0.0,0.0,0.0,0.0,0.0,0.0,0.0,0,0.0,0.0,0.0,0.0,0.0,0.0,0.0,0.0,0.0,0.0,0,0.0,0.0,0.0,0.0,0.0,0.0,0.0,0.0,0.0,0.0,0,0.0,0.0,0.0,0.0,0.0,0.0,0.0,0.0,0.0,0.0,0,0.0,0.0,0.0,0.0,0.0,0.0,0.0,0.0,0.0,0.0,0,0.0,0.0,0.0,0.0,0.0,0.0,0.0,0.0,0.0,0.0,0,0.0,0.0,0.0,0.0,0.0,0.0,0.0,0.0,0.0,0.0,0,0.0,0.0,0.0,0.0,0.0,0.0,0.0,0.0,0.0,0.0,3930149324
30,4,0.25,3.0,4.375,4.375,-13.58354775821858,430.125,458.625,1.494047619047619,209.875,11.875,4,0.25,3.125,7.75,9.5,-11.876244009569701,256.875,294.0,1.4672619047619047,67.5,6.875,6,0.3333333333333333,5.166666666666667,4.166666666666667,7.166666666666667,-8.250214424885248,468.5,453.1666666666667,4.690079365079365,240.33333333333334,11.833333333333334,5,0.3,4.8,4.4,7.1,-10.38354775821858,420.7,425.7,3.557142857142857,157.9,6.2,6,0.3333333333333333,1.6666666666666667,7.0,9.0,-8.250214424885248,244.83333333333334,289.8333333333333,2.0470238095238096,40.166666666666664,3.5,0,0.0,0.0,0.0,0.0,0.0,0.0,0.0,0.0,0.0,0.0,0,0.0,0.0,0.0,0.0,0.0,0.0,0.0,0.0,0.0,0.0,0,0.0,0.0,0.0,0.0,0.0,0.0,0.0,0.0,0.0,0.0,0,0.0,0.0,0.0,0.0,0.0,0.0,0.0,0.0,0.0,0.0,0,0.0,0.0,0.0,0.0,0.0,0.0,0.0,0.0,0.0,0.0,3930153082
31,0,0.0,0.0,0.0,0.0,0.0,0.0,0.0,0.0,0.0,0.0,0,0.0,0.0,0.0,0.0,0.0,0.0,0.0,0.0,0.0,0.0,0,0.0,0.0,0.0,0.0,0.0,0.0,0.0,0.0,0.0,0.0,0,0.0,0.0,0.0,0.0,0.0,0.0,0.0,0.0,0.0,0.0,0,0.0,0.0,0.0,0.0,0.0,0.0,0.0,0.0,0.0,0.0,0,0.0,0.0,0.0,0.0,0.0,0.0,0.0,0.0,0.0,0.0,0,0.0,0.0,0.0,0.0,0.0,0.0,0.0,0.0,0.0,0.0,0,0.0,0.0,0.0,0.0,0.0,0.0,0.0,0.0,0.0,0.0,0,0.0,0.0,0.0,0.0,0.0,0.0,0.0,0.0,0.0,0.0,0,0.0,0.0,0.0,0.0,0.0,0.0,0.0,0.0,0.0,0.0,3930216789
32,0,0.0,0.0,0.0,0.0,0.0,0.0,0.0,0.0,0.0,0.0,0,0.0,0.0,0.0,0.0,0.0,0.0,0.0,0.0,0.0,0.0,0,0.0,0.0,0.0,0.0,0.0,0.0,0.0,0.0,0.0,0.0,0,0.0,0.0,0.0,0.0,0.0,0.0,0.0,0.0,0.0,0.0,0,0.0,0.0,0.0,0.0,0.0,0.0,0.0,0.0,0.0,0.0,4,0.25,3.0,4.375,4.375,-13.58354775821858,430.125,458.625,1.494047619047619,209.875,11.875,4,0.25,3.125,7.75,9.5,-11.876244009569701,256.875,294.0,1.4672619047619047,67.5,6.875,6,0.3333333333333333,5.166666666666667,4.166666666666667,7.166666666666667,-8.250214424885248,468.5,453.1666666666667,4.690079365079365,240.33333333333334,11.833333333333334,5,0.3,4.8,4.4,7.1,-10.38354775821858,420.7,425.7,3.557142857142857,157.9,6.2,6,0.3333333333333333,1.6666666666666667,7.0,9.0,-8.250214424885248,244.83333333333334,289.8333333333333,2.0470238095238096,40.166666666666664,3.5,3930266193
33,0,0.0,0.0,0.0,0.0,0.0,0.0,0.0,0.0,0.0,0.0,0,0.0,0.0,0.0,0.0,0.0,0.0,0.0,0.0,0.0,0.0,0,0.0,0.0,0.0,0.0,0.0,0.0,0.0,0.0,0.0,0.0,0,0.0,0.0,0.0,0.0,0.0,0.0,0.0,0.0,0.0,0.0,0,0.0,0.0,0.0,0.0,0.0,0.0,0.0,0.0,0.0,0.0,0,0.0,0.0,0.0,0.0,0.0,0.0,0.0,0.0,0.0,0.0,0,0.0,0.0,0.0,0.0,0.0,0.0,0.0,0.0,0.0,0.0,0,0.0,0.0,0.0,0.0,0.0,0.0,0.0,0.0,0.0,0.0,0,0.0,0.0,0.0,0.0,0.0,0.0,0.0,0.0,0.0,0.0,0,0.0,0.0,0.0,0.0,0.0,0.0,0.0,0.0,0.0,0.0,3930343388
34,4,0.25,3.0,4.375,4.375,-13.58354775821858,430.125,458.625,1.494047619047619,209.875,11.875,4,0.25,3.125,7.75,9.5,-11.876244009569701,256.875,294.0,1.4672619047619047,67.5,6.875,6,0.3333333333333333,5.166666666666667,4.166666666666667,7.166666666666667,-8.250214424885248,468.5,453.1666666666667,4.690079365079365,240.33333333333334,11.833333333333334,5,0.3,4.8,4.4,7.1,-10.38354775821858,420.7,425.7,3.557142857142857,157.9,6.2,6,0.3333333333333333,1.6666666666666667,7.0,9.0,-8.250214424885248,244.83333333333334,289.8333333333333,2.0470238095238096,40.166666666666664,3.5,0,0.0,0.0,0.0,0.0,0.0,0.0,0.0,0.0,0.0,0.0,0,0.0,0.0,0.0,0.0,0.0,0.0,0.0,0.0,0.0,0.0,0,0.0,0.0,0.0,0.0,0.0,0.0,0.0,0.0,0.0,0.0,0,0.0,0.0,0.0,0.0,0.0,0.0,0.0,0.0,0.0,0.0,0,0.0,0.0,0.0,0.0,0.0,0.0,0.0,0.0,0.0,0.0,3930369369
35,0,0.0,0.0,0.0,0.0,0.0,0.0,0.0,0.0,0.0,0.0,0,0.0,0.0,0.0,0.0,0.0,0.0,0.0,0.0,0.0,0.0,0,0.0,0.0,0.0,0.0,0.0,0.0,0.0,0.0,0.0,0.0,0,0.0,0.0,0.0,0.0,0.0,0.0,0.0,0.0,0.0,0.0,0,0.0,0.0,0.0,0.0,0.0,0.0,0.0,0.0,0.0,0.0,0,0.0,0.0,0.0,0.0,0.0,0.0,0.0,0.0,0.0,0.0,0,0.0,0.0,0.0,0.0,0.0,0.0,0.0,0.0,0.0,0.0,0,0.0,0.0,0.0,0.0,0.0,0.0,0.0,0.0,0.0,0.0,0,0.0,0.0,0.0,0.0,0.0,0.0,0.0,0.0,0.0,0.0,0,0.0,0.0,0.0,0.0,0.0,0.0,0.0,0.0,0.0,0.0,3930496811
36,0,0.0,0.0,0.0,0.0,0.0,0.0,0.0,0.0,0.0,0.0,0,0.0,0.0,0.0,0.0,0.0,0.0,0.0,0.0,0.0,0.0,0,0.0,0.0,0.0,0.0,0.0,0.0,0.0,0.0,0.0,0.0,0,0.0,0.0,0.0,0.0,0.0,0.0,0.0,0.0,0.0,0.0,0,0.0,0.0,0.0,0.0,0.0,0.0,0.0,0.0,0.0,0.0,0,0.0,0.0,0.0,0.0,0.0,0.0,0.0,0.0,0.0,0.0,0,0.0,0.0,0.0,0.0,0.0,0.0,0.0,0.0,0.0,0.0,0,0.0,0.0,0.0,0.0,0.0,0.0,0.0,0.0,0.0,0.0,0,0.0,0.0,0.0,0.0,0.0,0.0,0.0,0.0,0.0,0.0,0,0.0,0.0,0.0,0.0,0.0,0.0,0.0,0.0,0.0,0.0,3930642875
37,4,0.25,3.0,4.375,4.375,-13.58354775821858,430.125,458.625,1.494047619047619,209.875,11.875,4,0.25,3.125,7.75,9.5,-11.876244009569701,256.875,294.0,1.4672619047619047,67.5,6.875,6,0.3333333333333333,5.166666666666667,4.166666666666667,7.166666666666667,-8.250214424885248,468.5,453.1666666666667,4.690079365079365,240.33333333333334,11.833333333333334,5,0.3,4.8,4.4,7.1,-10.38354775821858,420.7,425.7,3.557142857142857,157.9,6.2,6,0.3333333333333333,1.6666666666666667,7.0,9.0,-8.250214424885248,244.83333333333334,289.8333333333333,2.0470238095238096,40.166666666666664,3.5,0,0.0,0.0,0.0,0.0,0.0,0.0,0.0,0.0,0.0,0.0,0,0.0,0.0,0.0,0.0,0.0,0.0,0.0,0.0,0.0,0.0,0,0.0,0.0,0.0,0.0,0.0,0.0,0.0,0.0,0.0,0.0,0,0.0,0.0,0.0,0.0,0.0,0.0,0.0,0.0,0.0,0.0,0,0.0,0.0,0.0,0.0,0.0,0.0,0.0,0.0,0.0,0.0,3930746428
38,0,0.0,0.0,0.0,0.0,0.0,0.0,0.0,0.0,0.0,0.0,0,0.0,0.0,0.0,0.0,0.0,0.0,0.0,0.0,0.0,0.0,0,0.0,0.0,0.0,0.0,0.0,0.0,0.0,0.0,0.0,0.0,0,0.0,0.0,0.0,0.0,0.0,0.0,0.0,0.0,0.0,0.0,0,0.0,0.0,0.0,0.0,0.0,0.0,0.0,0.0,0.0,0.0,0,0.0,0.0,0.0,0.0,0.0,0.0,0.0,0.0,0.0,0.0,0,0.0,0.0,0.0,0.0,0.0,0.0,0.0,0.0,0.0,0.0,0,0.0,0.0,0.0,0.0,0.0,0.0,0.0,0.0,0.0,0.0,0,0.0,0.0,0.0,0.0,0.0,0.0,0.0,0.0,0.0,0.0,0,0.0,0.0,0.0,0.0,0.0,0.0,0.0,0.0,0.0,0.0,3930752760
39,0,0.0,0.0,0.0,0.0,0.0,0.0,0.0,0.0,0.0,0.0,0,0.0,0.0,0.0,0.0,0.0,0.0,0.0,0.0,0.0,0.0,0,0.0,0.0,0.0,0.0,0.0,0.0,0.0,0.0,0.0,0.0,0,0.0,0.0,0.0,0.0,0.0,0.0,0.0,0.0,0.0,0.0,0,0.0,0.0,0.0,0.0,0.0,0.0,0.0,0.0,0.0,0.0,0,0.0,0.0,0.0,0.0,0.0,0.0,0.0,0.0,0.0,0.0,0,0.0,0.0,0.0,0.0,0.0,0.0,0.0,0.0,0.0,0.0,0,0.0,0.0,0.0,0.0,0.0,0.0,0.0,0.0,0.0,0.0,0,0.0,0.0,0.0,0.0,0.0,0.0,0.0,0.0,0.0,0.0,0,0.0,0.0,0.0,0.0,0.0,0.0,0.0,0.0,0.0,0.0,3930871882
40,4,0.25,3.0,4.375,4.375,-13.58354775821858,430.125,458.625,1.494047619047619,209.875,11.875,4,0.25,3.125,7.75,9.5,-11.876244009569701,256.875,294.0,1.4672619047619047,67.5,6.875,6,0.3333333333333333,5.166666666666667,4.166666666666667,7.166666666666667,-8.250214424885248,468.5,453.1666666666667,4.690079365079365,240.33333333333334,11.833333333333334,5,0.3,4.8,4.4,7.1,-10.38354775821858,420.7,425.7,3.557142857142857,157.9,6.2,6,0.3333333333333333,1.6666666666666667,7.0,9.0,-8.250214424885248,244.83333333333334,289.8333333333333,2.0470238095238096,40.166666666666664,3.5,0,0.0,0.0,0.0,0.0,0.0,0.0,0.0,0.0,0.0,0.0,0,0.0,0.0,0.0,0.0,0.0,0.0,0.0,0.0,0.0,0.0,0,0.0,0.0,0.0,0.0,0.0,0.0,0.0,0.0,0.0,0.0,0,0.0,0.0,0.0,0.0,0.0,0.0,0.0,0.0,0.0,0.0,0,0.0,0.0,0.0,0.0,0.0,0.0,0.0,0.0,0.0,0.0,3930896312
41,0,0.0,0.0,0.0,0.0,0.0,0.0,0.0,0.0,0.0,0.0,0,0.0,0.0,0.0,0.0,0.0,0.0,0.0,0.0,0.0,0.0,0,0.0,0.0,0.0,0.0,0.0,0.0,0.0,0.0,0.0,0.0,0,0.0,0.0,0.0,0.0,0.0,0.0,0.0,0.0,0.0,0.0,0,0.0,0.0,0.0,0.0,0.0,0.0,0.0,0.0,0.0,0.0,0,0.0,0.0,0.0,0.0,0.0,0.0,0.0,0.0,0.0,0.0,0,0.0,0.0,0.0,0.0,0.0,0.0,0.0,0.0,0.0,0.0,0,0.0,0.0,0.0,0.0,0.0,0.0,0.0,0.0,0.0,0.0,0,0.0,0.0,0.0,0.0,0.0,0.0,0.0,0.0,0.0,0.0,0,0.0,0.0,0.0,0.0,0.0,0.0,0.0,0.0,0.0,0.0,3930995463
42,0,0.0,0.0,0.0,0.0,0.0,0.0,0.0,0.0,0.0,0.0,0,0.0,0.0,0.0,0.0,0.0,0.0,0.0,0.0,0.0,0.0,0,0.0,0.0,0.0,0.0,0.0,0.0,0.0,0.0,0.0,0.0,0,0.0,0.0,0.0,0.0,0.0,0.0,0.0,0.0,0.0,0.0,0,0.0,0.0,0.0,0.0,0.0,0.0,0.0,0.0,0.0,0.0,0,0.0,0.0,0.0,0.0,0.0,0.0,0.0,0.0,0.0,0.0,0,0.0,0.0,0.0,0.0,0.0,0.0,0.0,0.0,0.0,0.0,0,0.0,0.0,0.0,0.0,0.0,0.0,0.0,0.0,0.0,0.0,0,0.0,0.0,0.0,0.0,0.0,0.0,0.0,0.0,0.0,0.0,0,0.0,0.0,0.0,0.0,0.0,0.0,0.0,0.0,0.0,0.0,3931151617
43,3,0.7777777777666666,3.6666666666666665,6.722222222222222,23.277777777777782,17.607131715264227,298.61111111111114,414.4444444444444,4.920289855072464,52.666666666666664,3.8333333333333335,4,0.625,2.625,6.75,18.583333333333332,13.404512980692392,358.375,491.0,4.896464646464647,135.0,2.5833333333333335,6,0.6666666666666666,10.833333333333334,5.75,11.916666666666666,13.283600125756088,524.4166666666666,534.3333333333334,8.338257575757575,240.91666666666666,15.5,4,0.5,8.4375,4.1875,9.875,5.188488332323324,524.6875,513.0625,5.214393939393939,314.1875,10.4375,4,0.666666666675,2.541666666666667,6.041666666666667,17.541666666666668,17.47473359521925,335.75,431.9583333333333,3.9098214285714286,132.04166666666666,5.25,4,0.875,3.25,9.875,15.0,16.05213287026993,264.375,330.375,1.976923076923077,29.25,1.25,3,0.8888888889,2.4444444444444446,5.0,17.77777777777778,15.86724302368223,413.5555555555556,461.22222222222223,4.894444444444445,143.44444444444446,7.777777777777779,4,0.75,12.0,5.25,9.75,8.930679108387139,692.25,678.0,4.291666666666666,403.25,21.75,4,0.75,3.875,5.625,14.625,7.173586632152722,288.375,352.875,3.9375,42.875,1.875,3,0.8888888889,9.0,3.555555555555556,11.444444444444445,18.990962981432308,479.8888888888889,505.8888888888889,6.107142857142857,203.66666666666666,9.11111111111111,3932111656
44,4,0.875,3.25,9.875,15.0,16.05213287026993,264.375,330.375,1.976923076923077,29.25,1.25,3,0.8888888889,2.4444444444444446,5.0,17.77777777777778,15.86724302368223,413.5555555555556,461.22222222222223,4.894444444444445,143.44444444444446,7.777777777777779,4,0.75,12.0,5.25,9.75,8.930679108387139,692.25,678.0,4.291666666666666,403.25,21.75,4,0.75,3.875,5.625,14.625,7.173586632152722,288.375,352.875,3.9375,42.875,1.875,3,0.8888888889,9.0,3.555555555555556,11.444444444444445,18.990962981432308,479.8888888888889,505.8888888888889,6.107142857142857,203.66666666666666,9.11111111111111,3,0.7777777777666666,3.6666666666666665,6.722222222222222,23.277777777777782,17.607131715264227,298.61111111111114,414.4444444444444,4.920289855072464,52.666666666666664,3.8333333333333335,4,0.625,2.625,6.75,18.583333333333332,13.404512980692392,358.375,491.0,4.896464646464647,135.0,2.5833333333333335,6,0.6666666666666666,10.833333333333334,5.75,11.916666666666666,13.283600125756088,524.4166666666666,534.3333333333334,8.338257575757575,240.91666666666666,15.5,4,0.5,8.4375,4.1875,9.875,5.188488332323324,524.6875,513.0625,5.214393939393939,314.1875,10.4375,4,0.666666666675,2.541666666666667,6.041666666666667,17.541666666666668,17.47473359521925,335.75,431.9583333333333,3.9098214285714286,132.04166666666666,5.25,3932161077
45,7,0.3333333333285714,6.595238095238095,5.69047619047619,7.142857142857143,-6.783704741273346,475.547619047619,529.7619047619047,3.062054612054612,236.71428571428572,15.976190476190476,4,0.458333333325,2.541666666666667,7.5,13.333333333333332,-4.457806705912056,293.04166666666663,346.4583333333333,2.249702380952381,82.29166666666666,1.875,7,0.35714285714285715,8.642857142857142,4.714285714285714,8.142857142857142,-9.22434156782502,544.2142857142857,548.3571428571429,4.8171150278293124,303.7857142857143,14.857142857142858,7,0.4047619047571428,6.285714285714286,7.261904761904761,10.928571428571429,-4.997806369515504,369.14285714285717,396.452380952381,2.692333856619571,127.4047619047619,10.285714285714286,7,0.35714285714285715,1.4285714285714286,8.285714285714286,10.357142857142858,-9.22434156782502,233.28571428571428,289.42857142857144,1.3695304695304693,37.714285714285715,2.642857142857143,2,0.8333333333499999,3.083333333333333,7.0,17.583333333333332,23.17081532369378,304.91666666666663,381.33333333333337,3.216666666666667,48.33333333333333,5.166666666666666,3,0.6666666666666666,5.0,6.333333333333333,12.333333333333334,15.983039201723775,668.0,548.0,2.766666666666667,438.3333333333333,11.333333333333334,3,0.6666666666666666,5.0,4.333333333333333,14.833333333333334,9.025258112330453,368.0,455.3333333333333,5.714285714285714,107.66666666666667,2.1666666666666665,5,0.8,6.2,6.0,14.6,18.950147663542452,449.8,459.0,4.906190476190476,167.6,9.0,5,0.8,10.8,3.4,12.8,18.950147663542452,547.2,585.0,9.82,238.2,11.8,3932214146
46,2,0.8333333333499999,3.083333333333333,7.0,17.583333333333332,23.17081532369378,304.91666666666663,381.33333333333337,3.216666666666667,48.33333333333333,5.166666666666666,3,0.6666666666666666,5.0,4.333333333333333,14.833333333333334,9.025258112330453,368.0,455.3333333333333,5.714285714285714,107.66666666666667,2.1666666666666665,3,0.6666666666666666,5.0,6.333333333333333,12.333333333333334,15.983039201723775,668.0,548.0,2.766666666666667,438.3333333333333,11.333333333333334,5,0.8,6.2,6.0,14.6,18.950147663542452,449.8,459.0,4.906190476190476,167.6,9.0,5,0.8,10.8,3.4,12.8,18.950147663542452,547.2,585.0,9.82,238.2,11.8,7,0.3333333333285714,6.595238095238095,5.69047619047619,7.142857142857143,-6.783704741273346,475.547619047619,529.7619047619047,3.062054612054612,236.71428571428572,15.976190476190476,4,0.458333333325,2.541666666666667,7.5,13.333333333333332,-4.457806705912056,293.04166666666663,346.4583333333333,2.249702380952381,82.29166666666666,1.875,7,0.35714285714285715,8.642857142857142,4.714285714285714,8.142857142857142,-9.22434156782502,544.2142857142857,548.3571428571429,4.8171150278293124,303.7857142857143,14.857142857142858,7,0.4047619047571428,6.285714285714286,7.261904761904761,10.928571428571429,-4.997806369515504,369.14285714285717,396.452380952381,2.692333856619571,127.4047619047619,10.285714285714286,7,0.35714285714285715,1.4285714285714286,8.285714285714286,10.357142857142858,-9.22434156782502,233.28571428571428,289.42857142857144,1.3695304695304693,37.714285714285715,2.642857142857143,3932294528
47,2,0.8333333333499999,3.083333333333333,7.0,17.583333333333332,23.17081532369378,304.91666666666663,381.33333333333337,3.216666666666667,48.33333333333333,5.166666666666666,3,0.6666666666666666,5.0,6.333333333333333,12.333333333333334,15.983039201723775,668.0,548.0,2.766666666666667,438.3333333333333,11.333333333333334,3,0.6666666666666666,5.0,4.333333333333333,14.833333333333334,9.025258112330453,368.0,455.3333333333333,5.714285714285714,107.66666666666667,2.1666666666666665,5,0.8,6.2,6.0,14.6,18.950147663542452,449.8,459.0,4.906190476190476,167.6,9.0,5,0.8,10.8,3.4,12.8,18.950147663542452,547.2,585.0,9.82,238.2,11.8,7,0.3333333333285714,6.595238095238095,5.69047619047619,7.142857142857143,-6.783704741273346,475.547619047619,529.7619047619047,3.062054612054612,236.71428571428572,15.976190476190476,4,0.458333333325,2.541666666666667,7.5,13.333333333333332,-4.457806705912056,293.04166666666663,346.4583333333333,2.249702380952381,82.29166666666666,1.875,7,0.35714285714285715,8.642857142857142,4.714285714285714,8.142857142857142,-9.22434156782502,544.2142857142857,548.3571428571429,4.8171150278293124,303.7857142857143,14.857142857142858,7,0.4047619047571428,6.285714285714286,7.261904761904761,10.928571428571429,-4.997806369515504,369.14285714285717,396.452380952381,2.692333856619571,127.4047619047619,10.285714285714286,7,0.35714285714285715,1.4285714285714286,8.285714285714286,10.357142857142858,-9.22434156782502,233.28571428571428,289.42857142857144,1.3695304695304693,37.714285714285715,2.642857142857143,3932378219
48,4,0.0,6.75,8.75,11.75,-18.61872819062338,465.0,557.5,2.2863906926406927,310.25,11.75,4,0.0,6.75,9.5,10.75,-18.61872819062338,526.5,525.0,1.8647727272727272,359.25,15.5,4,0.0,1.25,10.5,14.0,-18.61872819062338,293.0,329.5,1.7500626566416042,102.0,5.5,4,0.0,3.0,11.75,12.75,-18.61872819062338,399.75,459.25,1.4892857142857143,250.75,9.75,4,0.0,7.5,8.25,12.0,-18.61872819062338,315.0,452.75,2.3428571428571425,91.75,9.0,4,0.375,3.4375,9.4375,20.6875,-1.5844801429430735,271.8125,385.8125,2.7091293368467277,40.25,1.375,6,0.44444444445,8.944444444444445,5.166666666666667,11.111111111111109,3.1404608116346364,534.8333333333334,572.2222222222223,6.949735449735449,305.11111111111114,8.777777777777779,5,0.66666666666,7.166666666666667,2.8333333333333335,17.166666666666664,15.457937542615593,411.2,506.9,11.046666666666667,183.56666666666666,9.566666666666666,6,0.5555555555499999,3.8333333333333335,7.388888888888889,16.61111111111111,10.61679801070694,305.0,390.11111111111114,3.2233838383838385,71.16666666666667,1.5,8,0.5,7.875,5.5,11.5,6.415519857056925,516.625,559.0,4.029166666666667,289.0,14.875,3932468492
49,4,0.0,6.75,8.75,11.75,-18.61872819062338,465.0,557.5,2.2863906926406927,310.25,11.75,4,0.0,6.75,9.5,10.75,-18.61872819062338,526.5,525.0,1.8647727272727272,359.25,15.5,4,0.0,1.25,10.5,14.0,-18.61872819062338,293.0,329.5,1.7500626566416042,102.0,5.5,4,0.0,3.0,11.75,12.75,-18.61872819062338,399.75,459.25,1.4892857142857143,250.75,9.75,4,0.0,7.5,8.25,12.0,-18.61872819062338,315.0,452.75,2.3428571428571425,91.75,9.0,4,0.375,3.4375,9.4375,20.6875,-1.5844801429430735,271.8125,385.8125,2.7091293368467277,40.25,1.375,6,0.44444444445,8.944444444444445,5.166666666666667,11.111111111111109,3.1404608116346364,534.8333333333334,572.2222222222223,6.949735449735449,305.11111111111114,8.777777777777779,5,0.66666666666,7.166666666666667,2.8333333333333335,17.166666666666664,15.457937542615593,411.2,506.9,11.046666666666667,183.56666666666666,9.566666666666666,6,0.5555555555499999,3.8333333333333335,7.388888888888889,16.61111111111111,10.61679801070694,305.0,390.11111111111114,3.2233838383838385,71.16666666666667,1.5,8,0.5,7.875,5.5,11.5,6.415519857056925,516.625,559.0,4.029166666666667,289.0,14.875,3932554750
50,4,0.0,6.75,8.75,11.75,-18.61872819062338,465.0,557.5,2.2863906926406927,310.25,11.75,4,0.0,6.75,9.5,10.75,-18.61872819062338,526.5,525.0,1.8647727272727272,359.25,15.5,4,0.0,1.25,10.5,14.0,-18.61872819062338,293.0,329.5,1.7500626566416042,102.0,5.5,4,0.0,3.0,11.75,12.75,-18.61872819062338,399.75,459.25,1.4892857142857143,250.75,9.75,4,0.0,7.5,8.25,12.0,-18.61872819062338,315.0,452.75,2.3428571428571425,91.75,9.0,4,0.375,3.4375,9.4375,20.6875,-1.5844801429430735,271.8125,385.8125,2.7091293368467277,40.25,1.375,6,0.44444444445,8.944444444444445,5.166666666666667,11.111111111111109,3.1404608116346364,534.8333333333334,572.2222222222223,6.949735449735449,305.11111111111114,8.777777777777779,5,0.66666666666,7.166666666666667,2.8333333333333335,17.166666666666664,15.457937542615593,411.2,506.9,11.046666666666667,183.56666666666666,9.566666666666666,6,0.5555555555499999,3.8333333333333335,7.388888888888889,16.61111111111111,10.61679801070694,305.0,390.11111111111114,3.2233838383838385,71.16666666666667,1.5,8,0.5,7.875,5.5,11.5,6.415519857056925,516.625,559.0,4.029166666666667,289.0,14.875,3932641464
51,3,0.8333333333333334,2.1666666666666665,8.333333333333334,17.0,1.665513234000955,276.0,332.5,2.3058823529411767,47.166666666666664,2.1666666666666665,4,0.75,11.75,2.75,9.25,-3.667820099332378,697.75,695.25,13.708333333333334,388.5,21.25,5,0.8,11.4,3.4,11.2,-0.22210712886513057,618.2,619.2,13.5,313.6,24.6,3,0.8333333333333334,5.5,4.0,11.833333333333334,2.0750348514463677,462.0,532.8333333333334,5.468253968253968,167.5,8.333333333333334,4,0.75,2.5,5.25,17.5,-3.667820099332378,308.875,399.875,4.229166666666666,89.375,6.625,6,0.5833333333333334,2.0833333333333335,7.75,18.166666666666668,0.4775879586178308,320.5833333333333,400.75,2.668751591545709,121.33333333333333,4.25,6,0.5833333333333334,10.583333333333334,4.333333333333333,12.0,1.38188854124908,622.75,623.8333333333334,5.652777777777778,420.0833333333333,17.916666666666668,6,0.5833333333333334,3.3333333333333335,8.333333333333334,16.166666666666668,0.477587958617832,260.1666666666667,379.8333333333333,2.3361111111111112,56.833333333333336,3.25,5,0.6,10.3,3.5,14.3,1.0561094897414072,669.7,653.6,9.540000000000001,472.3,14.6,3,0.5,2.75,5.583333333333333,13.416666666666666,-5.850771314072848,361.6666666666667,418.6666666666667,3.129523809523809,131.83333333333334,4.25,3933892648
52,3,0.8333333333333334,2.1666666666666665,8.333333333333334,17.0,1.665513234000955,276.0,332.5,2.3058823529411767,47.166666666666664,2.1666666666666665,4,0.75,11.75,2.75,9.25,-3.667820099332378,697.75,695.25,13.708333333333334,388.5,21.25,5,0.8,11.4,3.4,11.2,-0.22210712886513057,618.2,619.2,13.5,313.6,24.6,3,0.8333333333333334,5.5,4.0,11.833333333333334,2.0750348514463677,462.0,532.8333333333334,5.468253968253968,167.5,8.333333333333334,4,0.75,2.5,5.25,17.5,-3.667820099332378,308.875,399.875,4.229166666666666,89.375,6.625,6,0.5833333333333334,2.0833333333333335,7.75,18.166666666666668,0.4775879586178308,320.5833333333333,400.75,2.668751591545709,121.33333333333333,4.25,5,0.6,10.3,3.5,14.3,1.0561094897414072,669.7,653.6,9.540000000000001,472.3,14.6,6,0.5833333333333334,10.583333333333334,4.333333333333333,12.0,1.38188854124908,622.75,623.8333333333334,5.652777777777778,420.0833333333333,17.916666666666668,6,0.5833333333333334,3.3333333333333335,8.333333333333334,16.166666666666668,0.477587958617832,260.1666666666667,379.8333333333333,2.3361111111111112,56.833333333333336,3.25,3,0.5,2.75,5.583333333333333,13.416666666666666,-5.850771314072848,361.6666666666667,418.6666666666667,3.129523809523809,131.83333333333334,4.25,3933935682
53,6,0.5833333333333334,10.583333333333334,4.333333333333333,12.0,1.38188854124908,622.75,623.8333333333334,5.652777777777778,420.0833333333333,17.916666666666668,5,0.6,10.3,3.5,14.3,1.0561094897414072,669.7,653.6,9.540000000000001,472.3,14.6,6,0.5833333333333334,2.0833333333333335,7.75,18.166666666666668,0.4775879586178308,320.5833333333333,400.75,2.668751591545709,121.33333333333333,4.25,6,0.5833333333333334,3.3333333333333335,8.333333333333334,16.166666666666668,0.477587958617832,260.1666666666667,379.8333333333333,2.3361111111111112,56.833333333333336,3.25,3,0.5,2.75,5.583333333333333,13.416666666666666,-5.850771314072848,361.6666666666667,418.6666666666667,3.129523809523809,131.83333333333334,4.25,3,0.8333333333333334,2.1666666666666665,8.333333333333334,17.0,1.665513234000955,276.0,332.5,2.3058823529411767,47.166666666666664,2.1666666666666665,4,0.75,11.75,2.75,9.25,-3.667820099332378,697.75,695.25,13.708333333333334,388.5,21.25,5,0.8,11.4,3.4,11.2,-0.22210712886513057,618.2,619.2,13.5,313.6,24.6,3,0.8333333333333334,5.5,4.0,11.833333333333334,2.0750348514463677,462.0,532.8333333333334,5.468253968253968,167.5,8.333333333333334,4,0.75,2.5,5.25,17.5,-3.667820099332378,308.875,399.875,4.229166666666666,89.375,6.625,3933995420
54,5,0.5,4.733333333333333,4.866666666666667,14.033333333333331,8.701077572911696,425.83333333333337,517.2333333333333,4.982857142857144,167.5,9.9,6,0.5,3.444444444444444,6.222222222222222,17.555555555555557,11.906142766579755,295.27777777777777,372.0555555555555,3.9375,57.166666666666664,1.7777777777777777,6,0.5,9.666666666666666,3.6666666666666665,10.166666666666666,7.327478204196818,660.8333333333334,676.1666666666666,11.651388888888889,309.0,16.166666666666668,4,0.41666666667499996,1.8333333333333335,6.583333333333333,16.25,5.428143292650687,275.25,339.25,3.671185539606592,55.91666666666667,2.1666666666666665,5,0.7,10.8,3.2,9.4,20.814277888554255,576.8,654.3,10.688636363636364,246.7,13.5,0,0.0,0.0,0.0,0.0,0.0,0.0,0.0,0.0,0.0,0.0,3,1.0,13.333333333333334,3.5,14.5,4.804421161832063,656.8333333333334,757.0,10.466666666666667,301.5,16.0,4,1.0,4.5,5.0,16.5,4.804421161832063,337.75,470.5,4.7,60.25,3.25,3,1.0,6.833333333333333,4.333333333333333,19.666666666666668,3.5678451715318684,385.3333333333333,494.0,6.158333333333334,93.5,9.166666666666666,3,1.0,9.833333333333334,5.333333333333333,21.333333333333332,4.804421161832063,442.8333333333333,589.5,6.352380952380952,126.0,15.833333333333334,3934056852
55,0,0.0,0.0,0.0,0.0,0.0,0.0,0.0,0.0,0.0,0.0,3,1.0,13.333333333333334,3.5,14.5,4.804421161832063,656.8333333333334,757.0,10.466666666666667,301.5,16.0,4,1.0,4.5,5.0,16.5,4.804421161832063,337.75,470.5,4.7,60.25,3.25,3,1.0,6.833333333333333,4.333333333333333,19.666666666666668,3.5678451715318684,385.3333333333333,494.0,6.158333333333334,93.5,9.166666666666666,3,1.0,9.833333333333334,5.333333333333333,21.333333333333332,4.804421161832063,442.8333333333333,589.5,6.352380952380952,126.0,15.833333333333334,5,0.5,4.733333333333333,4.866666666666667,14.033333333333331,8.701077572911696,425.83333333333337,517.2333333333333,4.982857142857144,167.5,9.9,6,0.5,3.444444444444444,6.222222222222222,17.555555555555557,11.906142766579755,295.27777777777777,372.0555555555555,3.9375,57.166666666666664,1.7777777777777777,6,0.5,9.666666666666666,3.6666666666666665,10.166666666666666,7.327478204196818,660.8333333333334,676.1666666666666,11.651388888888889,309.0,16.166666666666668,4,0.41666666667499996,1.8333333333333335,6.583333333333333,16.25,5.428143292650687,275.25,339.25,3.671185539606592,55.91666666666667,2.1666666666666665,5,0.7,10.8,3.2,9.4,20.814277888554255,576.8,654.3,10.688636363636364,246.7,13.5,3934135077
56,5,0.5,4.733333333333333,4.866666666666667,14.033333333333331,8.701077572911696,425.83333333333337,517.2333333333333,4.982857142857144,167.5,9.9,6,0.5,3.444444444444444,6.222222222222222,17.555555555555557,11.906142766579755,295.27777777777777,372.0555555555555,3.9375,57.166666666666664,1.7777777777777777,6,0.5,9.666666666666666,3.6666666666666665,10.166666666666666,7.327478204196818,660.8333333333334,676.1666666666666,11.651388888888889,309.0,16.166666666666668,4,0.41666666667499996,1.8333333333333335,6.583333333333333,16.25,5.428143292650687,275.25,339.25,3.671185539606592,55.91666666666667,2.1666666666666665,5,0.7,10.8,3.2,9.4,20.814277888554255,576.8,654.3,10.688636363636364,246.7,13.5,0,0.0,0.0,0.0,0.0,0.0,0.0,0.0,0.0,0.0,0.0,3,1.0,13.333333333333334,3.5,14.5,4.804421161832063,656.8333333333334,757.0,10.466666666666667,301.5,16.0,4,1.0,4.5,5.0,16.5,4.804421161832063,337.75,470.5,4.7,60.25,3.25,3,1.0,6.833333333333333,4.333333333333333,19.666666666666668,3.5678451715318684,385.3333333333333,494.0,6.158333333333334,93.5,9.166666666666666,3,1.0,9.833333333333334,5.333333333333333,21.333333333333332,4.804421161832063,442.8333333333333,589.5,6.352380952380952,126.0,15.833333333333334,3934197014
57,4,0.375,11.75,4.625,9.5,-5.705160081164014,555.125,546.0,6.285087719298245,271.125,21.375,5,0.3,2.3,5.7,14.1,-8.48054012753462,270.4,381.2,4.834444444444444,52.6,2.3,4,0.25,2.75,4.5,15.875,-7.504645070219805,250.125,336.0,4.5204545454545455,34.375,1.625,4,0.375,8.375,6.0,12.25,-3.5855487649925974,530.0,582.625,4.091396103896104,304.0,8.75,5,0.3,5.2,6.0,11.5,-6.784851074597489,412.1,472.7,8.496666666666666,180.4,12.1,3,0.0,3.6666666666666665,8.333333333333334,11.833333333333334,-26.023921139056824,264.6666666666667,341.3333333333333,2.0,52.833333333333336,2.6666666666666665,4,0.0,7.5,4.0,10.75,-27.228469375157296,540.75,509.25,5.621428571428572,373.0,12.0,4,0.0,5.75,6.75,9.0,-27.2284693751573,472.25,504.0,2.49810606060606,302.5,16.25,4,0.0,3.25,7.75,13.0,-27.228469375157296,268.5,335.75,2.1568181818181817,60.5,1.75,3,0.0,3.6666666666666665,6.0,12.0,-27.2284693751573,323.5,372.1666666666667,2.703174603174604,128.33333333333334,9.833333333333334,3934299285
58,4,0.375,11.75,4.625,9.5,-5.705160081164014,555.125,546.0,6.285087719298245,271.125,21.375,5,0.3,2.3,5.7,14.1,-8.48054012753462,270.4,381.2,4.834444444444444,52.6,2.3,4,0.25,2.75,4.5,15.875,-7.504645070219805,250.125,336.0,4.5204545454545455,34.375,1.625,4,0.375,8.375,6.0,12.25,-3.5855487649925974,530.0,582.625,4.091396103896104,304.0,8.75,5,0.3,5.2,6.0,11.5,-6.784851074597489,412.1,472.7,8.496666666666666,180.4,12.1,3,0.0,3.6666666666666665,8.333333333333334,11.833333333333334,-26.023921139056824,264.6666666666667,341.3333333333333,2.0,52.833333333333336,2.6666666666666665,4,0.0,7.5,4.0,10.75,-27.228469375157296,540.75,509.25,5.621428571428572,373.0,12.0,4,0.0,5.75,6.75,9.0,-27.2284693751573,472.25,504.0,2.49810606060606,302.5,16.25,4,0.0,3.25,7.75,13.0,-27.228469375157296,268.5,335.75,2.1568181818181817,60.5,1.75,3,0.0,3.6666666666666665,6.0,12.0,-27.2284693751573,323.5,372.1666666666667,2.703174603174604,128.33333333333334,9.833333333333334,3934416979
59,4,0.375,11.75,4.625,9.5,-5.705160081164014,555.125,546.0,6.285087719298245,271.125,21.375,5,0.3,2.3,5.7,14.1,-8.48054012753462,270.4,381.2,4.834444444444444,52.6,2.3,4,0.25,2.75,4.5,15.875,-7.504645070219805,250.125,336.0,4.5204545454545455,34.375,1.625,4,0.375,8.375,6.0,12.25,-3.5855487649925974,530.0,582.625,4.091396103896104,304.0,8.75,5,0.3,5.2,6.0,11.5,-6.784851074597489,412.1,472.7,8.496666666666666,180.4,12.1,3,0.0,3.6666666666666665,8.333333333333334,11.833333333333334,-26.023921139056824,264.6666666666667,341.3333333333333,2.0,52.833333333333336,2.6666666666666665,4,0.0,7.5,4.0,10.75,-27.228469375157296,540.75,509.25,5.621428571428572,373.0,12.0,4,0.0,5.75,6.75,9.0,-27.2284693751573,472.25,504.0,2.49810606060606,302.5,16.25,4,0.0,3.25,7.75,13.0,-27.228469375157296,268.5,335.75,2.1568181818181817,60.5,1.75,3,0.0,3.6666666666666665,6.0,12.0,-27.2284693751573,323.5,372.1666666666667,2.703174603174604,128.33333333333334,9.833333333333334,3934531879
60,3,0.16666666666666666,4.333333333333333,3.0,5.5,-13.829480769992571,424.5,529.5,3.5952380952380953,177.83333333333334,12.166666666666666,5,0.2,3.8,6.0,5.8,-11.477080020581482,430.0,464.6,2.1964285714285716,188.2,8.4,3,0.11111111109999999,1.3333333333333333,4.0,5.0,-17.263332205504927,455.5555555555555,485.11111111111114,1.7,232.66666666666666,8.444444444444445,3,0.11111111109999999,1.4444444444444446,6.888888888888889,6.111111111111112,-16.776515725332143,238.66666666666666,289.0,1.4074074074074074,52.0,8.555555555555555,4,0.25,2.625,5.625,7.625,-8.496147436659236,221.25,272.125,5.529166666666667,34.0,2.25,6,0.3333333333333333,9.666666666666666,4.166666666666667,8.666666666666666,-5.737881935099042,506.3333333333333,569.5,5.388888888888889,226.0,8.0,5,0.3,4.1,4.5,11.4,-0.46326423084370416,436.8,469.3,4.491428571428571,161.1,5.2,5,0.33333333334,2.8,6.666666666666666,14.066666666666668,-3.6213244957879924,248.6,371.4,2.5958333333333337,32.666666666666664,2.1333333333333337,5,0.3,8.5,3.9,13.9,-6.812936548776849,606.4,603.5,6.2,322.6,10.6,6,0.4166666666666667,3.75,5.333333333333333,14.916666666666666,-0.4045486017657076,277.0,370.8333333333333,4.6537037037037035,53.0,1.3333333333333333,3934691232
61,6,0.3333333333333333,9.666666666666666,4.166666666666667,8.666666666666666,-5.737881935099042,506.3333333333333,569.5,5.388888888888889,226.0,8.0,5,0.3,4.1,4.5,11.4,-0.46326423084370416,436.8,469.3,4.491428571428571,161.1,5.2,6,0.4166666666666667,3.75,5.333333333333333,14.916666666666666,-0.4045486017657076,277.0,370.8333333333333,4.6537037037037035,53.0,1.3333333333333333,5,0.33333333334,2.8,6.666666666666666,14.066666666666668,-3.6213244957879924,248.6,371.4,2.5958333333333337,32.666666666666664,2.1333333333333337,5,0.3,8.5,3.9,13.9,-6.812936548776849,606.4,603.5,6.2,322.6,10.6,3,0.16666666666666666,4.333333333333333,3.0,5.5,-13.829480769992571,424.5,529.5,3.5952380952380953,177.83333333333334,12.166666666666666,5,0.2,3.8,6.0,5.8,-11.477080020581482,430.0,464.6,2.1964285714285716,188.2,8.4,3,0.11111111109999999,1.3333333333333333,4.0,5.0,-17.263332205504927,455.5555555555555,485.11111111111114,1.7,232.66666666666666,8.444444444444445,3,0.11111111109999999,1.4444444444444446,6.888888888888889,6.111111111111112,-16.776515725332143,238.66666666666666,289.0,1.4074074074074074,52.0,8.555555555555555,4,0.25,2.625,5.625,7.625,-8.496147436659236,221.25,272.125,5.529166666666667,34.0,2.25,3934811274
62,5,0.2,7.7,7.6,10.8,-5.3268430293525055,474.1,566.8,2.4797619047619044,296.3,12.9,4,0.166666666675,6.958333333333334,7.833333333333333,11.208333333333334,-7.661329727315988,557.6666666666666,535.75,2.3634868421052633,351.625,13.625,5,0.13333333334,1.8,10.2,13.866666666666669,-9.83945227665461,282.2,331.66666666666663,1.7852353104984686,85.26666666666667,4.933333333333333,6,0.3333333333333333,3.0,9.75,13.083333333333334,3.0911165854618736,367.3333333333333,445.0,2.0708333333333333,192.25,8.666666666666666,4,0.25,7.0,7.75,13.5,-2.3613892522897966,321.375,452.0,2.807886904761905,82.5,9.25,7,0.42857142857142855,6.428571428571429,5.5,9.285714285714286,-1.0046360855046246,524.2857142857143,547.5,3.327561327561327,295.0,13.0,7,0.5,3.357142857142857,6.357142857142857,13.928571428571429,-0.41701919034473484,323.7142857142857,390.57142857142856,2.985544217687075,106.21428571428571,2.0,9,0.4444444444444444,8.055555555555555,3.9444444444444446,8.61111111111111,-2.993872821474296,530.6666666666666,551.3888888888889,8.47830687830688,271.3333333333333,14.11111111111111,7,0.5476190476142857,6.238095238095239,6.095238095238096,11.690476190476192,2.3712883596244274,391.952380952381,436.3809523809524,3.3718820861678003,155.45238095238096,13.38095238095238,8,0.5,1.8125,8.375,13.25,1.1819969341680938,247.75,312.0,1.931901431901432,41.9375,2.625,3935657118
63,7,0.42857142857142855,6.428571428571429,5.5,9.285714285714286,-1.0046360855046246,524.2857142857143,547.5,3.327561327561327,295.0,13.0,7,0.5,3.357142857142857,6.357142857142857,13.928571428571429,-0.41701919034473484,323.7142857142857,390.57142857142856,2.985544217687075,106.21428571428571,2.0,9,0.4444444444444444,8.055555555555555,3.9444444444444446,8.61111111111111,-2.993872821474296,530.6666666666666,551.3888888888889,8.47830687830688,271.3333333333333,14.11111111111111,7,0.5476190476142857,6.238095238095239,6.095238095238096,11.690476190476192,2.3712883596244274,391.952380952381,436.3809523809524,3.3718820861678003,155.45238095238096,13.38095238095238,8,0.5,1.8125,8.375,13.25,1.1819969341680938,247.75,312.0,1.931901431901432,41.9375,2.625,5,0.2,7.7,7.6,10.8,-5.3268430293525055,474.1,566.8,2.4797619047619044,296.3,12.9,4,0.166666666675,6.958333333333334,7.833333333333333,11.208333333333334,-7.661329727315988,557.6666666666666,535.75,2.3634868421052633,351.625,13.625,5,0.13333333334,1.8,10.2,13.866666666666669,-9.83945227665461,282.2,331.66666666666663,1.7852353104984686,85.26666666666667,4.933333333333333,6,0.3333333333333333,3.0,9.75,13.083333333333334,3.0911165854618736,367.3333333333333,445.0,2.0708333333333333,192.25,8.666666666666666,4,0.25,7.0,7.75,13.5,-2.3613892522897966,321.375,452.0,2.807886904761905,82.5,9.25,3935718039
64,9,0.4444444444444444,3.7222222222222223,7.611111111111111,13.777777777777779,-19.08184191734489,260.6666666666667,375.22222222222223,3.1506328457308848,40.111111111111114,3.7777777777777777,8,0.4583333333375,9.833333333333334,3.4166666666666665,9.708333333333332,-18.29969310752938,638.2916666666667,629.1666666666667,10.290064102564102,400.29166666666663,15.875,5,0.52,3.8,5.8,14.86,-15.177681196155044,436.03999999999996,555.0600000000001,3.947380952380952,207.01999999999998,13.14,7,0.5,6.214285714285714,7.285714285714286,10.857142857142858,-16.7970861090224,484.7142857142857,505.2857142857143,2.8914280164280166,259.5,8.714285714285714,4,0.604166666675,4.520833333333333,7.541666666666667,18.0,-10.54443748037123,269.4791666666667,397.4791666666667,3.559704968944099,36.291666666666664,4.166666666666667,5,0.46666666665999995,3.0,7.4333333333333345,17.56666666666667,-4.6007853872991245,280.3666666666667,367.46666666666664,3.429096989966555,46.6,4.5,5,0.45,2.05,5.85,14.7,0.21149333171414497,318.9,426.2,3.9328579916815216,105.5,3.8,7,0.5,9.428571428571429,6.357142857142857,10.071428571428571,1.2574794862812766,485.07142857142856,489.14285714285717,6.0429962894248614,215.42857142857142,14.642857142857142,6,0.3333333333333333,7.125,3.9583333333333335,8.416666666666666,-9.178561458832503,479.625,465.5416666666667,4.942929292929293,256.4583333333333,9.291666666666666,6,0.44444444445,2.1944444444444446,7.027777777777779,14.527777777777779,-0.9877312835685513,310.6666666666667,382.4722222222222,2.9259920634920635,112.8611111111111,6.0,3935790916
65,9,0.4444444444444444,3.7222222222222223,7.611111111111111,13.777777777777779,-19.08184191734489,260.6666666666667,375.22222222222223,3.1506328457308848,40.111111111111114,3.7777777777777777,8,0.4583333333375,9.833333333333334,3.4166666666666665,9.708333333333332,-18.29969310752938,638.2916666666667,629.1666666666667,10.290064102564102,400.29166666666663,15.875,5,0.52,3.8,5.8,14.86,-15.177681196155044,436.03999999999996,555.0600000000001,3.947380952380952,207.01999999999998,13.14,7,0.5,6.214285714285714,7.285714285714286,10.857142857142858,-16.7970861090224,484.7142857142857,505.2857142857143,2.8914280164280166,259.5,8.714285714285714,4,0.604166666675,4.520833333333333,7.541666666666667,18.0,-10.54443748037123,269.4791666666667,397.4791666666667,3.559704968944099,36.291666666666664,4.166666666666667,5,0.46666666665999995,3.0,7.4333333333333345,17.56666666666667,-4.6007853872991245,280.3666666666667,367.46666666666664,3.429096989966555,46.6,4.5,5,0.45,2.05,5.85,14.7,0.21149333171414497,318.9,426.2,3.9328579916815216,105.5,3.8,7,0.5,9.428571428571429,6.357142857142857,10.071428571428571,1.2574794862812766,485.07142857142856,489.14285714285717,6.0429962894248614,215.42857142857142,14.642857142857142,6,0.3333333333333333,7.125,3.9583333333333335,8.416666666666666,-9.178561458832503,479.625,465.5416666666667,4.942929292929293,256.4583333333333,9.291666666666666,6,0.44444444445,2.1944444444444446,7.027777777777779,14.527777777777779,-0.9877312835685513,310.6666666666667,382.4722222222222,2.9259920634920635,112.8611111111111,6.0,3935855156
66,5,0.46666666665999995,3.0,7.4333333333333345,17.56666666666667,-4.6007853872991245,280.3666666666667,367.46666666666664,3.429096989966555,46.6,4.5,5,0.45,2.05,5.85,14.7,0.21149333171414497,318.9,426.2,3.9328579916815216,105.5,3.8,7,0.5,9.428571428571429,6.357142857142857,10.071428571428571,1.2574794862812766,485.07142857142856,489.14285714285717,6.0429962894248614,215.42857142857142,14.642857142857142,6,0.3333333333333333,7.125,3.9583333333333335,8.416666666666666,-9.178561458832503,479.625,465.5416666666667,4.942929292929293,256.4583333333333,9.291666666666666,6,0.44444444445,2.1944444444444446,7.027777777777779,14.527777777777779,-0.9877312835685513,310.6666666666667,382.4722222222222,2.9259920634920635,112.8611111111111,6.0,9,0.4444444444444444,3.7222222222222223,7.611111111111111,13.777777777777779,-19.08184191734489,260.6666666666667,375.22222222222223,3.1506328457308848,40.111111111111114,3.7777777777777777,8,0.4583333333375,9.833333333333334,3.4166666666666665,9.708333333333332,-18.29969310752938,638.2916666666667,629.1666666666667,10.290064102564102,400.29166666666663,15.875,5,0.52,3.8,5.8,14.86,-15.177681196155044,436.03999999999996,555.0600000000001,3.947380952380952,207.01999999999998,13.14,7,0.5,6.214285714285714,7.285714285714286,10.857142857142858,-16.7970861090224,484.7142857142857,505.2857142857143,2.8914280164280166,259.5,8.714285714285714,4,0.604166666675,4.520833333333333,7.541666666666667,18.0,-10.54443748037123,269.4791666666667,397.4791666666667,3.559704968944099,36.291666666666664,4.166666666666667,3935917464
67,6,0.4166666666666667,11.75,4.666666666666667,10.25,-8.5485673516817,548.0833333333334,541.1666666666666,6.423391812865496,298.5,18.25,8,0.4375,3.5625,5.6875,16.3125,-6.638605789478041,294.25,413.125,5.905050505050505,74.375,2.3125,6,0.3333333333333333,2.8333333333333335,5.75,17.166666666666668,-9.748224011052228,259.9166666666667,353.0833333333333,4.059090909090909,47.833333333333336,2.0833333333333335,7,0.5,7.357142857142857,6.714285714285714,12.857142857142858,-3.57833439116023,515.2857142857143,559.0714285714286,3.6756029684601113,309.14285714285717,11.714285714285714,7,0.42857142857142855,5.214285714285714,6.785714285714286,13.571428571428571,-5.6403510451326815,417.35714285714283,482.92857142857144,7.0082251082251075,208.07142857142858,13.5,6,0.3333333333333333,4.291666666666667,5.875,12.833333333333334,2.5529863625962643,406.0416666666667,499.0416666666667,4.126455026455027,163.91666666666666,8.291666666666666,7,0.35714285714285715,3.7857142857142856,8.0,15.607142857142858,4.952055836575661,277.07142857142856,368.0,3.5302851909994764,50.32142857142857,1.5714285714285714,8,0.5,8.125,3.5,11.0,10.758416841339107,586.1875,617.875,11.942708333333334,262.0,13.375,5,0.32,1.5466666666666666,6.24,14.186666666666667,2.013405783746238,259.53333333333336,330.4266666666666,3.278243978243978,54.839999999999996,2.48,6,0.5,10.25,3.9166666666666665,10.416666666666666,12.58967868064929,583.5,652.0,6.731271043771044,274.8333333333333,16.833333333333332,3936038407
68,6,0.3333333333333333,4.291666666666667,5.875,12.833333333333334,2.5529863625962643,406.0416666666667,499.0416666666667,4.126455026455027,163.91666666666666,8.291666666666666,7,0.35714285714285715,3.7857142857142856,8.0,15.607142857142858,4.952055836575661,277.07142857142856,368.0,3.5302851909994764,50.32142857142857,1.5714285714285714,8,0.5,8.125,3.5,11.0,10.758416841339107,586.1875,617.875,11.942708333333334,262.0,13.375,5,0.32,1.5466666666666666,6.24,14.186666666666667,2.013405783746238,259.53333333333336,330.4266666666666,3.278243978243978,54.839999999999996,2.48,6,0.5,10.25,3.9166666666666665,10.416666666666666,12.58967868064929,583.5,652.0,6.731271043771044,274.8333333333333,16.833333333333332,6,0.4166666666666667,11.75,4.666666666666667,10.25,-8.5485673516817,548.0833333333334,541.1666666666666,6.423391812865496,298.5,18.25,8,0.4375,3.5625,5.6875,16.3125,-6.638605789478041,294.25,413.125,5.905050505050505,74.375,2.3125,6,0.3333333333333333,2.8333333333333335,5.75,17.166666666666668,-9.748224011052228,259.9166666666667,353.0833333333333,4.059090909090909,47.833333333333336,2.0833333333333335,7,0.5,7.357142857142857,6.714285714285714,12.857142857142858,-3.57833439116023,515.2857142857143,559.0714285714286,3.6756029684601113,309.14285714285717,11.714285714285714,7,0.42857142857142855,5.214285714285714,6.785714285714286,13.571428571428571,-5.6403510451326815,417.35714285714283,482.92857142857144,7.0082251082251075,208.07142857142858,13.5,3936208040
69,6,0.3333333333333333,4.291666666666667,5.875,12.833333333333334,2.5529863625962643,406.0416666666667,499.0416666666667,4.126455026455027,163.91666666666666,8.291666666666666,7,0.35714285714285715,3.7857142857142856,8.0,15.607142857142858,4.952055836575661,277.07142857142856,368.0,3.5302851909994764,50.32142857142857,1.5714285714285714,8,0.5,8.125,3.5,11.0,10.758416841339107,586.1875,617.875,11.942708333333334,262.0,13.375,5,0.32,1.5466666666666666,6.24,14.186666666666667,2.013405783746238,259.53333333333336,330.4266666666666,3.278243978243978,54.839999999999996,2.48,6,0.5,10.25,3.9166666666666665,10.416666666666666,12.58967868064929,583.5,652.0,6.731271043771044,274.8333333333333,16.833333333333332,6,0.4166666666666667,11.75,4.666666666666667,10.25,-8.5485673516817,548.0833333333334,541.1666666666666,6.423391812865496,298.5,18.25,8,0.4375,3.5625,5.6875,16.3125,-6.638605789478041,294.25,413.125,5.905050505050505,74.375,2.3125,6,0.3333333333333333,2.8333333333333335,5.75,17.166666666666668,-9.748224011052228,259.9166666666667,353.0833333333333,4.059090909090909,47.833333333333336,2.0833333333333335,7,0.5,7.357142857142857,6.714285714285714,12.857142857142858,-3.57833439116023,515.2857142857143,559.0714285714286,3.6756029684601113,309.14285714285717,11.714285714285714,7,0.42857142857142855,5.214285714285714,6.785714285714286,13.571428571428571,-5.6403510451326815,417.35714285714283,482.92857142857144,7.0082251082251075,208.07142857142858,13.5,3936321758
70,7,0.42857142857142855,2.0,7.214285714285714,14.928571428571429,-1.6709170327818619,303.64285714285717,372.42857142857144,2.4216103107909825,108.07142857142857,4.0,5,0.5833333333399999,9.983333333333333,3.4666666666666663,13.333333333333332,3.858381924744119,649.5333333333333,638.5666666666667,8.941666666666666,446.41666666666663,14.383333333333335,7,0.47619047618571425,2.5476190476190474,8.357142857142858,14.547619047619047,0.4753213320679239,237.21428571428572,346.64285714285717,2.023370927318296,45.23809523809524,2.7142857142857144,7,0.42857142857142855,9.0,4.571428571428571,8.857142857142858,-2.980358693823674,561.8571428571429,566.8571428571429,4.410714285714285,349.35714285714283,17.428571428571427,5,0.48,2.68,5.26,11.440000000000001,4.435754475549166,332.64,385.9,3.2112044817927172,116.42,6.34,7,0.42857142857142855,9.142857142857142,4.142857142857143,8.571428571428571,-0.3625084769410104,515.2857142857143,569.5714285714286,5.1190476190476195,228.85714285714286,8.857142857142858,7,0.5,4.642857142857143,4.214285714285714,12.0,8.78044905568512,446.57142857142856,488.7857142857143,6.75578231292517,164.64285714285714,4.857142857142857,5,0.35,2.35,6.4,13.75,-1.193958258744344,245.95,370.1,2.66,31.35,2.0,6,0.4166666666666667,8.083333333333334,3.75,13.083333333333334,-0.3624917453128453,625.1666666666666,614.4166666666666,6.0,325.6666666666667,10.0,6,0.44444444445,4.388888888888888,5.027777777777778,14.25,1.8492260229125919,288.3333333333333,375.1944444444445,5.453703703703703,52.94444444444445,1.25,3936473615
71,7,0.42857142857142855,9.0,4.571428571428571,8.857142857142858,-2.980358693823674,561.8571428571429,566.8571428571429,4.410714285714285,349.35714285714283,17.428571428571427,5,0.5833333333399999,9.983333333333333,3.4666666666666663,13.333333333333332,3.858381924744119,649.5333333333333,638.5666666666667,8.941666666666666,446.41666666666663,14.383333333333335,7,0.47619047618571425,2.5476190476190474,8.357142857142858,14.547619047619047,0.4753213320679239,237.21428571428572,346.64285714285717,2.023370927318296,45.23809523809524,2.7142857142857144,7,0.42857142857142855,2.0,7.214285714285714,14.928571428571429,-1.6709170327818619,303.64285714285717,372.42857142857144,2.4216103107909825,108.07142857142857,4.0,5,0.48,2.68,5.26,11.440000000000001,4.435754475549166,332.64,385.9,3.2112044817927172,116.42,6.34,7,0.42857142857142855,9.142857142857142,4.142857142857143,8.571428571428571,-0.3625084769410104,515.2857142857143,569.5714285714286,5.1190476190476195,228.85714285714286,8.857142857142858,7,0.5,4.642857142857143,4.214285714285714,12.0,8.78044905568512,446.57142857142856,488.7857142857143,6.75578231292517,164.64285714285714,4.857142857142857,6,0.4166666666666667,8.083333333333334,3.75,13.083333333333334,-0.3624917453128453,625.1666666666666,614.4166666666666,6.0,325.6666666666667,10.0,5,0.35,2.35,6.4,13.75,-1.193958258744344,245.95,370.1,2.66,31.35,2.0,6,0.44444444445,4.388888888888888,5.027777777777778,14.25,1.8492260229125919,288.3333333333333,375.1944444444445,5.453703703703703,52.94444444444445,1.25,3936679099
72,6,0.9166666666666666,2.8333333333333335,7.416666666666667,16.166666666666668,23.338975593894673,275.5833333333333,338.25,3.901282051282051,28.5,1.0,3,0.8888888889,3.111111111111111,5.166666666666667,17.77777777777778,18.616604171219873,427.22222222222223,473.0555555555556,4.627777777777777,164.11111111111111,6.9444444444444455,5,0.9,12.2,4.2,9.7,22.776692183461126,690.1,647.5,6.633333333333333,356.6,21.8,5,0.8,3.2,5.2,15.8,14.971018202473596,298.3,346.8,4.777272727272727,41.9,1.8,4,0.916666666675,10.125,3.166666666666667,11.583333333333334,24.904862118896293,492.4166666666667,488.7916666666667,8.955357142857142,175.375,11.833333333333332,4,0.875,3.5,7.8125,13.0625,21.681865863284298,322.25,373.625,2.2484090909090906,74.375,6.125,4,0.6875,4.25,3.6875,13.75,6.718458058105524,336.3125,447.625,6.550925925925926,89.375,1.9375,4,0.75,4.875,5.875,11.875,16.172953806254696,643.125,558.25,3.041666666666667,420.0,10.5,6,0.7777777777833332,5.777777777777779,5.4444444444444455,14.0,16.66116907033976,472.5,483.9444444444445,4.6380952380952385,206.94444444444443,9.833333333333334,8,0.75,8.75,3.625,11.875,13.327625966628023,514.625,560.75,7.725,234.375,12.25,3937435514
73,4,0.875,3.5,7.8125,13.0625,21.681865863284298,322.25,373.625,2.2484090909090906,74.375,6.125,4,0.75,4.875,5.875,11.875,16.172953806254696,643.125,558.25,3.041666666666667,420.0,10.5,4,0.6875,4.25,3.6875,13.75,6.718458058105524,336.3125,447.625,6.550925925925926,89.375,1.9375,6,0.7777777777833332,5.777777777777779,5.4444444444444455,14.0,16.66116907033976,472.5,483.9444444444445,4.6380952380952385,206.94444444444443,9.833333333333334,8,0.75,8.75,3.625,11.875,13.327625966628023,514.625,560.75,7.725,234.375,12.25,6,0.9166666666666666,2.8333333333333335,7.416666666666667,16.166666666666668,23.338975593894673,275.5833333333333,338.25,3.901282051282051,28.5,1.0,3,0.8888888889,3.111111111111111,5.166666666666667,17.77777777777778,18.616604171219873,427.22222222222223,473.0555555555556,4.627777777777777,164.11111111111111,6.9444444444444455,5,0.9,12.2,4.2,9.7,22.776692183461126,690.1,647.5,6.633333333333333,356.6,21.8,5,0.8,3.2,5.2,15.8,14.971018202473596,298.3,346.8,4.777272727272727,41.9,1.8,4,0.916666666675,10.125,3.166666666666667,11.583333333333334,24.904862118896293,492.4166666666667,488.7916666666667,8.955357142857142,175.375,11.833333333333332,3937484599
74,4,0.8333333333499999,2.0,6.916666666666666,15.583333333333334,1.0919683239380018,264.58333333333337,316.5833333333333,2.764957264957265,40.25,2.8333333333333335,5,0.7,11.5,2.3,9.9,-7.084202058203907,639.0,651.3,16.193333333333335,334.6,17.9,6,0.6666666666666666,10.0,3.9166666666666665,9.916666666666666,-9.181471731725319,593.6666666666666,599.75,14.583333333333334,312.25,22.333333333333332,4,0.791666666675,4.25,3.791666666666667,10.916666666666666,-1.4682441867567952,431.9166666666667,480.0,4.2710084033613445,143.0,11.666666666666666,5,0.75,2.9,5.35,16.55,-4.129915028671155,298.45,395.65,3.825438596491228,75.05,5.85,0,0.0,0.0,0.0,0.0,0.0,0.0,0.0,0.0,0.0,0.0,4,0.75,11.5,3.9583333333333335,10.041666666666666,-7.287259763038282,583.3333333333334,675.0416666666666,6.7749999999999995,267.1666666666667,12.541666666666666,4,0.9375,4.0625,5.625,16.875,1.5180029722383739,329.125,495.5,4.441666666666666,60.375,3.875,5,0.8,5.3,5.1,16.6,-5.731325381787691,364.7,462.7,4.620641025641025,100.2,6.5,4,0.916666666675,6.75,5.583333333333333,17.125,3.379406903628384,428.0,540.1666666666667,4.720170454545455,146.54166666666669,15.75,3937537639
75,4,0.8333333333499999,2.0,6.916666666666666,15.583333333333334,1.0919683239380018,264.58333333333337,316.5833333333333,2.764957264957265,40.25,2.8333333333333335,5,0.7,11.5,2.3,9.9,-7.084202058203907,639.0,651.3,16.193333333333335,334.6,17.9,6,0.6666666666666666,10.0,3.9166666666666665,9.916666666666666,-9.181471731725319,593.6666666666666,599.75,14.583333333333334,312.25,22.333333333333332,4,0.791666666675,4.25,3.791666666666667,10.916666666666666,-1.4682441867567952,431.9166666666667,480.0,4.2710084033613445,143.0,11.666666666666666,5,0.75,2.9,5.35,16.55,-4.129915028671155,298.45,395.65,3.825438596491228,75.05,5.85,0,0.0,0.0,0.0,0.0,0.0,0.0,0.0,0.0,0.0,0.0,4,0.75,11.5,3.9583333333333335,10.041666666666666,-7.287259763038282,583.3333333333334,675.0416666666666,6.7749999999999995,267.1666666666667,12.541666666666666,4,0.9375,4.0625,5.625,16.875,1.5180029722383739,329.125,495.5,4.441666666666666,60.375,3.875,5,0.8,5.3,5.1,16.6,-5.731325381787691,364.7,462.7,4.620641025641025,100.2,6.5,4,0.916666666675,6.75,5.583333333333333,17.125,3.379406903628384,428.0,540.1666666666667,4.720170454545455,146.54166666666669,15.75,3937609487
76,7,0.5476190476142857,3.0714285714285716,7.380952380952381,16.690476190476193,-0.6388219045957041,292.83333333333337,384.547619047619,3.19305247182485,54.714285714285715,4.571428571428571,6,0.5166666666666667,2.033333333333333,5.966666666666666,14.9,2.8950914159270282,317.06666666666666,421.26666666666665,3.6254208754208754,96.2,3.8833333333333333,9,0.5555555555555556,10.88888888888889,5.0,10.666666666666666,2.991544881105349,509.77777777777777,519.0555555555555,10.031677890011224,239.83333333333334,15.38888888888889,9,0.4444444444444444,6.972222222222222,2.9722222222222223,9.722222222222221,-4.808123149611831,508.0833333333333,479.5833333333333,9.628619528619529,270.52777777777777,8.972222222222221,7,0.4880952381,3.0357142857142856,6.083333333333333,15.357142857142858,0.3732538319139605,330.7380952380953,394.7142857142857,4.94093690107622,120.83333333333334,6.75,7,0.5238095238142857,6.69047619047619,5.333333333333334,9.54761904761905,3.7327834305660508,527.1904761904761,552.5952380952381,3.591847041847042,292.64285714285717,12.595238095238097,8,0.625,3.6875,6.125,14.5625,4.668671561395259,332.8125,398.625,3.279017857142857,105.0625,2.125,9,0.5,8.5,4.0,9.11111111111111,0.6687501345704283,547.3888888888889,563.4444444444445,8.645983645983646,286.22222222222223,14.11111111111111,8,0.625,6.458333333333334,6.041666666666667,12.375,5.790466358456853,404.95833333333337,458.7916666666667,3.6326884920634925,166.875,12.291666666666666,9,0.6111111111111112,2.0555555555555554,7.833333333333333,13.61111111111111,4.5929457734149235,260.8888888888889,331.8333333333333,2.1745556587661854,47.333333333333336,2.5,3937695236
77,7,0.5476190476142857,3.0714285714285716,7.380952380952381,16.690476190476193,-0.6388219045957041,292.83333333333337,384.547619047619,3.19305247182485,54.714285714285715,4.571428571428571,6,0.5166666666666667,2.033333333333333,5.966666666666666,14.9,2.8950914159270282,317.06666666666666,421.26666666666665,3.6254208754208754,96.2,3.8833333333333333,9,0.5555555555555556,10.88888888888889,5.0,10.666666666666666,2.991544881105349,509.77777777777777,519.0555555555555,10.031677890011224,239.83333333333334,15.38888888888889,9,0.4444444444444444,6.972222222222222,2.9722222222222223,9.722222222222221,-4.808123149611831,508.0833333333333,479.5833333333333,9.628619528619529,270.52777777777777,8.972222222222221,7,0.4880952381,3.0357142857142856,6.083333333333333,15.357142857142858,0.3732538319139605,330.7380952380953,394.7142857142857,4.94093690107622,120.83333333333334,6.75,7,0.5238095238142857,6.69047619047619,5.333333333333334,9.54761904761905,3.7327834305660508,527.1904761904761,552.5952380952381,3.591847041847042,292.64285714285717,12.595238095238097,8,0.625,3.6875,6.125,14.5625,4.668671561395259,332.8125,398.625,3.279017857142857,105.0625,2.125,9,0.5,8.5,4.0,9.11111111111111,0.6687501345704283,547.3888888888889,563.4444444444445,8.645983645983646,286.22222222222223,14.11111111111111,8,0.625,6.458333333333334,6.041666666666667,12.375,5.790466358456853,404.95833333333337,458.7916666666667,3.6326884920634925,166.875,12.291666666666666,9,0.6111111111111112,2.0555555555555554,7.833333333333333,13.61111111111111,4.5929457734149235,260.8888888888889,331.8333333333333,2.1745556587661854,47.333333333333336,2.5,3937770762
78,7,0.47619047618571425,11.309523809523808,5.238095238095239,12.95238095238095,0.4029642711225634,544.1904761904761,537.6904761904763,5.285215509128553,357.4047619047619,17.428571428571427,10,0.45,3.5,6.4,17.45,-0.36601850053490814,302.0,408.45,4.564599844599845,91.6,5.35,7,0.38095238095714284,3.1190476190476195,6.880952380952381,18.0,-3.04703023856379,254.88095238095238,356.09523809523813,3.595194805194805,47.16666666666667,1.9047619047619047,8,0.5,9.5,6.0625,13.125,0.6857417529619982,543.375,581.4375,4.182375222816399,341.0625,13.375,9,0.4444444444444444,6.166666666666667,6.5,15.38888888888889,1.1073559993940538,449.72222222222223,519.8888888888889,6.847667147667148,238.88888888888889,13.38888888888889,8,0.5625,2.875,6.9375,16.8125,5.482487954960581,318.3125,403.0,4.209980450513539,120.625,3.5625,6,0.6777777777833333,11.611111111111109,3.5888888888888886,15.47777777777778,8.230003329412122,679.2111111111111,666.5555555555555,9.35763888888889,474.4888888888889,14.077777777777778,9,0.5555555555555556,10.666666666666666,4.333333333333333,10.222222222222221,3.0016598815359874,575.3333333333334,590.4444444444445,5.49537037037037,370.1666666666667,16.444444444444443,8,0.5416666666625,2.5416666666666665,8.5625,16.104166666666664,3.408246777471283,243.625,358.0,2.1391995614035086,45.833333333333336,2.75,5,0.51428571428,2.685714285714286,5.385714285714286,12.085714285714285,6.017213673149528,336.4857142857143,388.3,3.26007326007326,119.44285714285715,6.242857142857143,3937843537
79,5,0.51428571428,2.685714285714286,5.385714285714286,12.085714285714285,6.017213673149528,336.4857142857143,388.3,3.26007326007326,119.44285714285715,6.242857142857143,6,0.6777777777833333,11.611111111111109,3.5888888888888886,15.47777777777778,8.230003329412122,679.2111111111111,666.5555555555555,9.35763888888889,474.4888888888889,14.077777777777778,8,0.5416666666625,2.5416666666666665,8.5625,16.104166666666664,3.408246777471283,243.625,358.0,2.1391995614035086,45.833333333333336,2.75,9,0.5555555555555556,10.666666666666666,4.333333333333333,10.222222222222221,3.0016598815359874,575.3333333333334,590.4444444444445,5.49537037037037,370.1666666666667,16.444444444444443,8,0.5625,2.875,6.9375,16.8125,5.482487954960581,318.3125,403.0,4.209980450513539,120.625,3.5625,7,0.47619047618571425,11.309523809523808,5.238095238095239,12.95238095238095,0.4029642711225634,544.1904761904761,537.6904761904763,5.285215509128553,357.4047619047619,17.428571428571427,10,0.45,3.5,6.4,17.45,-0.36601850053490814,302.0,408.45,4.564599844599845,91.6,5.35,7,0.38095238095714284,3.1190476190476195,6.880952380952381,18.0,-3.04703023856379,254.88095238095238,356.09523809523813,3.595194805194805,47.16666666666667,1.9047619047619047,8,0.5,9.5,6.0625,13.125,0.6857417529619982,543.375,581.4375,4.182375222816399,341.0625,13.375,9,0.4444444444444444,6.166666666666667,6.5,15.38888888888889,1.1073559993940538,449.72222222222223,519.8888888888889,6.847667147667148,238.88888888888889,13.38888888888889,3937936341
80,6,0.5555555555666666,2.8333333333333335,7.944444444444444,14.055555555555557,-6.463160860025802,289.72222222222223,339.38888888888886,2.3635068635068635,71.16666666666667,3.055555555555556,5,0.56666666666,10.966666666666667,2.9,9.566666666666666,-11.454175966862199,639.0,648.1666666666667,12.076666666666666,360.33333333333337,19.3,8,0.5,9.75,4.3125,9.5625,-12.279458605782342,585.75,586.1875,11.953125,345.4375,24.75,4,0.725,4.1,3.825,11.15,-2.76968192931852,430.2,487.4,4.268472906403941,150.75,10.85,6,0.5416666666666666,3.5833333333333335,5.708333333333333,15.875,-9.760251918241929,295.875,400.2083333333333,3.696637426900585,80.70833333333333,6.875,8,0.604166666675,8.145833333333334,4.854166666666667,8.645833333333334,9.129099192218936,544.4583333333334,551.9583333333333,4.462310606060607,272.375,15.0625,8,0.625,3.75,6.09375,14.21875,5.767974458539721,330.4375,394.28125,3.246123120300752,103.1875,2.09375,11,0.5909090909090909,7.590909090909091,3.909090909090909,10.0,6.743027278500986,535.2272727272727,555.7272727272727,7.998229043683589,263.54545454545456,14.545454545454545,8,0.6354166666625,5.927083333333334,5.989583333333334,12.072916666666668,6.697169600559809,404.36458333333337,463.45833333333337,3.5249160561660564,154.42708333333334,11.614583333333332,9,0.6111111111111112,2.185185185185185,7.648148148148148,12.925925925925927,6.221542658073383,263.1296296296297,326.962962962963,2.1905046220835693,44.5,2.907407407407407,3941137339
81,8,0.604166666675,8.145833333333334,4.854166666666667,8.645833333333334,9.129099192218936,544.4583333333334,551.9583333333333,4.462310606060607,272.375,15.0625,8,0.625,3.75,6.09375,14.21875,5.767974458539721,330.4375,394.28125,3.246123120300752,103.1875,2.09375,11,0.5909090909090909,7.590909090909091,3.909090909090909,10.0,6.743027278500986,535.2272727272727,555.7272727272727,7.998229043683589,263.54545454545456,14.545454545454545,8,0.6354166666625,5.927083333333334,5.989583333333334,12.072916666666668,6.697169600559809,404.36458333333337,463.45833333333337,3.5249160561660564,154.42708333333334,11.614583333333332,9,0.6111111111111112,2.185185185185185,7.648148148148148,12.925925925925927,6.221542658073383,263.1296296296297,326.962962962963,2.1905046220835693,44.5,2.907407407407407,6,0.5555555555666666,2.8333333333333335,7.944444444444444,14.055555555555557,-6.463160860025802,289.72222222222223,339.38888888888886,2.3635068635068635,71.16666666666667,3.055555555555556,5,0.56666666666,10.966666666666667,2.9,9.566666666666666,-11.454175966862199,639.0,648.1666666666667,12.076666666666666,360.33333333333337,19.3,8,0.5,9.75,4.3125,9.5625,-12.279458605782342,585.75,586.1875,11.953125,345.4375,24.75,4,0.725,4.1,3.825,11.15,-2.76968192931852,430.2,487.4,4.268472906403941,150.75,10.85,6,0.5416666666666666,3.5833333333333335,5.708333333333333,15.875,-9.760251918241929,295.875,400.2083333333333,3.696637426900585,80.70833333333333,6.875,3941208711
82,4,0.725,3.25,7.85,12.175,13.916144933256193,299.8,354.65,2.114488636363636,62.55,5.8,6,0.5,4.583333333333333,5.083333333333333,9.083333333333334,1.2375821689961455,576.25,515.1666666666666,2.8777777777777778,339.8333333333333,10.333333333333334,6,0.4583333333333333,3.5,3.625,11.833333333333334,-5.065414996436637,314.375,400.9166666666667,5.325617283950617,79.58333333333333,2.625,6,0.6111111111166666,5.4444444444444455,5.111111111111112,12.416666666666666,6.249395221026192,458.75,471.36111111111114,4.4182539682539685,201.27777777777774,9.166666666666666,10,0.6,7.6,3.8,10.1,4.935468552198225,500.3,535.5,6.44,222.3,13.7,7,0.5476190476142857,12.309523809523808,5.047619047619048,13.19047619047619,5.782542124560497,573.4285714285714,561.3571428571429,6.5328345567476,366.76190476190476,18.547619047619044,11,0.5,3.5,5.833333333333334,17.833333333333336,2.9546343429748094,307.1818181818182,418.6363636363636,5.573212645939918,91.0,5.46969696969697,8,0.4583333333375,3.291666666666667,6.5,17.083333333333336,1.204665346049769,253.27083333333334,352.8125,3.6409425133689837,45.166666666666664,1.75,10,0.6,9.8,5.35,13.1,7.640192975403636,549.1,596.65,6.120900178253119,337.65,14.3,9,0.4444444444444444,5.444444444444445,6.62962962962963,14.629629629629632,0.43690819635667094,438.7037037037037,511.72222222222223,6.407631874298541,226.22222222222223,13.5,3941338408
83,7,0.5476190476142857,12.309523809523808,5.047619047619048,13.19047619047619,5.782542124560497,573.4285714285714,561.3571428571429,6.5328345567476,366.76190476190476,18.547619047619044,11,0.5,3.5,5.833333333333334,17.833333333333336,2.9546343429748094,307.1818181818182,418.6363636363636,5.573212645939918,91.0,5.46969696969697,8,0.4583333333375,3.291666666666667,6.5,17.083333333333336,1.204665346049769,253.27083333333334,352.8125,3.6409425133689837,45.166666666666664,1.75,10,0.6,9.8,5.35,13.1,7.640192975403636,549.1,596.65,6.120900178253119,337.65,14.3,9,0.4444444444444444,5.444444444444445,6.62962962962963,14.629629629629632,0.43690819635667094,438.7037037037037,511.72222222222223,6.407631874298541,226.22222222222223,13.5,4,0.725,3.25,7.85,12.175,13.916144933256193,299.8,354.65,2.114488636363636,62.55,5.8,6,0.5,4.583333333333333,5.083333333333333,9.083333333333334,1.2375821689961455,576.25,515.1666666666666,2.8777777777777778,339.8333333333333,10.333333333333334,6,0.4583333333333333,3.5,3.625,11.833333333333334,-5.065414996436637,314.375,400.9166666666667,5.325617283950617,79.58333333333333,2.625,6,0.6111111111166666,5.4444444444444455,5.111111111111112,12.416666666666666,6.249395221026192,458.75,471.36111111111114,4.4182539682539685,201.27777777777774,9.166666666666666,10,0.6,7.6,3.8,10.1,4.935468552198225,500.3,535.5,6.44,222.3,13.7,3941422211
84,4,0.725,3.25,7.85,12.175,13.916144933256193,299.8,354.65,2.114488636363636,62.55,5.8,6,0.4583333333333333,3.5,3.625,11.833333333333334,-5.065414996436637,314.375,400.9166666666667,5.325617283950617,79.58333333333333,2.625,6,0.5,4.583333333333333,5.083333333333333,9.083333333333334,1.2375821689961455,576.25,515.1666666666666,2.8777777777777778,339.8333333333333,10.333333333333334,6,0.6111111111166666,5.4444444444444455,5.111111111111112,12.416666666666666,6.249395221026192,458.75,471.36111111111114,4.4182539682539685,201.27777777777774,9.166666666666666,10,0.6,7.6,3.8,10.1,4.935468552198225,500.3,535.5,6.44,222.3,13.7,6,0.5555555555666666,2.8333333333333335,7.944444444444444,14.055555555555557,-6.463160860025802,289.72222222222223,339.38888888888886,2.3635068635068635,71.16666666666667,3.055555555555556,5,0.56666666666,10.966666666666667,2.9,9.566666666666666,-11.454175966862199,639.0,648.1666666666667,12.076666666666666,360.33333333333337,19.3,8,0.5,9.75,4.3125,9.5625,-12.279458605782342,585.75,586.1875,11.953125,345.4375,24.75,4,0.725,4.1,3.825,11.15,-2.76968192931852,430.2,487.4,4.268472906403941,150.75,10.85,6,0.5416666666666666,3.5833333333333335,5.708333333333333,15.875,-9.760251918241929,295.875,400.2083333333333,3.696637426900585,80.70833333333333,6.875,3941608894
85,4,0.725,3.25,7.85,12.175,13.916144933256193,299.8,354.65,2.114488636363636,62.55,5.8,6,0.5,4.583333333333333,5.083333333333333,9.083333333333334,1.2375821689961455,576.25,515.1666666666666,2.8777777777777778,339.8333333333333,10.333333333333334,6,0.4583333333333333,3.5,3.625,11.833333333333334,-5.065414996436637,314.375,400.9166666666667,5.325617283950617,79.58333333333333,2.625,6,0.6111111111166666,5.4444444444444455,5.111111111111112,12.416666666666666,6.249395221026192,458.75,471.36111111111114,4.4182539682539685,201.27777777777774,9.166666666666666,10,0.6,7.6,3.8,10.1,4.935468552198225,500.3,535.5,6.44,222.3,13.7,6,0.5555555555666666,2.8333333333333335,7.944444444444444,14.055555555555557,-6.463160860025802,289.72222222222223,339.38888888888886,2.3635068635068635,71.16666666666667,3.055555555555556,5,0.56666666666,10.966666666666667,2.9,9.566666666666666,-11.454175966862199,639.0,648.1666666666667,12.076666666666666,360.33333333333337,19.3,8,0.5,9.75,4.3125,9.5625,-12.279458605782342,585.75,586.1875,11.953125,345.4375,24.75,4,0.725,4.1,3.825,11.15,-2.76968192931852,430.2,487.4,4.268472906403941,150.75,10.85,6,0.5416666666666666,3.5833333333333335,5.708333333333333,15.875,-9.760251918241929,295.875,400.2083333333333,3.696637426900585,80.70833333333333,6.875,3941740660
86,6,0.5555555555666666,2.8333333333333335,7.944444444444444,14.055555555555557,-6.463160860025802,289.72222222222223,339.38888888888886,2.3635068635068635,71.16666666666667,3.055555555555556,5,0.56666666666,10.966666666666667,2.9,9.566666666666666,-11.454175966862199,639.0,648.1666666666667,12.076666666666666,360.33333333333337,19.3,8,0.5,9.75,4.3125,9.5625,-12.279458605782342,585.75,586.1875,11.953125,345.4375,24.75,4,0.725,4.1,3.825,11.15,-2.76968192931852,430.2,487.4,4.268472906403941,150.75,10.85,6,0.5416666666666666,3.5833333333333335,5.708333333333333,15.875,-9.760251918241929,295.875,400.2083333333333,3.696637426900585,80.70833333333333,6.875,4,0.725,3.25,7.85,12.175,13.916144933256193,299.8,354.65,2.114488636363636,62.55,5.8,6,0.5,4.583333333333333,5.083333333333333,9.083333333333334,1.2375821689961455,576.25,515.1666666666666,2.8777777777777778,339.8333333333333,10.333333333333334,6,0.4583333333333333,3.5,3.625,11.833333333333334,-5.065414996436637,314.375,400.9166666666667,5.325617283950617,79.58333333333333,2.625,6,0.6111111111166666,5.4444444444444455,5.111111111111112,12.416666666666666,6.249395221026192,458.75,471.36111111111114,4.4182539682539685,201.27777777777774,9.166666666666666,10,0.6,7.6,3.8,10.1,4.935468552198225,500.3,535.5,6.44,222.3,13.7,3941931884
87,0,0.0,0.0,0.0,0.0,0.0,0.0,0.0,0.0,0.0,0.0,5,0.8,11.8,4.066666666666667,10.733333333333333,-1.515123964839944,583.6666666666667,665.0333333333333,6.597777777777777,289.33333333333337,11.533333333333333,4,0.9375,4.229166666666666,5.791666666666667,16.791666666666668,3.6945479881085004,337.375,497.9166666666667,4.38731884057971,64.625,3.958333333333333,6,0.8333333333333334,4.666666666666667,5.25,17.833333333333332,-1.1805346134975079,354.75,470.25,4.558867521367521,103.58333333333333,6.0,4,0.9375,7.1875,5.6875,18.1875,6.760917303842671,431.6875,549.75,4.857060185185185,163.4375,14.8125,6,0.9444444444499999,2.8611111111111107,7.138888888888888,16.277777777777775,24.549155154655725,271.5555555555556,341.5277777777778,4.345726495726496,27.777777777777782,1.1666666666666667,4,0.9375,5.75,4.4375,14.9375,22.612269676439574,446.8125,486.125,5.296323529411765,155.8125,7.6875,6,0.9166666666666666,11.666666666666666,4.166666666666667,8.25,23.768461757526513,687.0,670.4166666666666,5.944444444444444,339.1666666666667,19.75,7,0.8571428571428571,2.7142857142857144,5.142857142857143,14.714285714285714,18.87448760334427,295.5,333.57142857142856,4.398732220160791,41.5,1.7142857142857142,4,0.9375,9.625,2.8333333333333335,11.229166666666666,26.3104370161232,497.45833333333337,485.875,9.279017857142858,177.02083333333334,13.0,3942119450
88,6,0.9444444444499999,2.8611111111111107,7.138888888888888,16.277777777777775,24.549155154655725,271.5555555555556,341.5277777777778,4.345726495726496,27.777777777777782,1.1666666666666667,4,0.9375,5.75,4.4375,14.9375,22.612269676439574,446.8125,486.125,5.296323529411765,155.8125,7.6875,6,0.9166666666666666,11.666666666666666,4.166666666666667,8.25,23.768461757526513,687.0,670.4166666666666,5.944444444444444,339.1666666666667,19.75,7,0.8571428571428571,2.7142857142857144,5.142857142857143,14.714285714285714,18.87448760334427,295.5,333.57142857142856,4.398732220160791,41.5,1.7142857142857142,4,0.9375,9.625,2.8333333333333335,11.229166666666666,26.3104370161232,497.45833333333337,485.875,9.279017857142858,177.02083333333334,13.0,0,0.0,0.0,0.0,0.0,0.0,0.0,0.0,0.0,0.0,0.0,5,0.8,11.8,4.066666666666667,10.733333333333333,-1.515123964839944,583.6666666666667,665.0333333333333,6.597777777777777,289.33333333333337,11.533333333333333,4,0.9375,4.229166666666666,5.791666666666667,16.791666666666668,3.6945479881085004,337.375,497.9166666666667,4.38731884057971,64.625,3.958333333333333,6,0.8333333333333334,4.666666666666667,5.25,17.833333333333332,-1.1805346134975079,354.75,470.25,4.558867521367521,103.58333333333333,6.0,4,0.9375,7.1875,5.6875,18.1875,6.760917303842671,431.6875,549.75,4.857060185185185,163.4375,14.8125,3942260942
89,6,0.5361111111166666,2.9638888888888886,8.769444444444444,14.480555555555554,-5.080471602528046,294.98611111111114,360.825,2.0714317816653742,84.97222222222221,3.3333333333333335,10,0.68333333333,10.983333333333334,3.05,12.083333333333334,-0.24435351937901367,664.3,647.5833333333334,12.18,434.8666666666667,18.75,9,0.5555555555555556,10.425925925925926,4.222222222222222,9.981481481481483,-8.248981175018084,590.5,605.6851851851851,10.289983164983166,368.1111111111111,22.944444444444443,5,0.81904761906,4.742857142857143,4.219047619047619,12.80952380952381,6.460453986511365,423.43809523809523,476.32380952380953,4.598333333333334,160.7047619047619,14.2,9,0.5888888888888889,2.788888888888889,6.766666666666667,16.48888888888889,-4.565603381516138,297.68888888888887,416.1222222222222,3.54916071041802,85.58888888888889,7.211111111111112,0,0.0,0.0,0.0,0.0,0.0,0.0,0.0,0.0,0.0,0.0,6,0.6111111111166666,10.555555555555555,3.8611111111111107,9.527777777777777,-12.801390131997278,564.6666666666666,646.5833333333334,6.008119658119658,279.0,11.583333333333334,4,0.75,4.0625,6.5625,14.75,-6.2431565953055586,324.5,459.125,3.6668225918225916,61.4375,3.625,8,0.625,4.375,6.8125,15.875,-12.518197439835532,334.6875,440.0625,3.71338141025641,92.3125,5.0,5,0.68333333334,6.283333333333333,6.216666666666667,15.916666666666668,-8.129360335825304,415.05,513.0333333333334,3.910648148148148,172.48333333333332,13.15,3943204781
90,0,0.0,0.0,0.0,0.0,0.0,0.0,0.0,0.0,0.0,0.0,6,0.6111111111166666,10.555555555555555,3.8611111111111107,9.527777777777777,-12.801390131997278,564.6666666666666,646.5833333333334,6.008119658119658,279.0,11.583333333333334,4,0.75,4.0625,6.5625,14.75,-6.2431565953055586,324.5,459.125,3.6668225918225916,61.4375,3.625,8,0.625,4.375,6.8125,15.875,-12.518197439835532,334.6875,440.0625,3.71338141025641,92.3125,5.0,5,0.68333333334,6.283333333333333,6.216666666666667,15.916666666666668,-8.129360335825304,415.05,513.0333333333334,3.910648148148148,172.48333333333332,13.15,6,0.5361111111166666,2.9638888888888886,8.769444444444444,14.480555555555554,-5.080471602528046,294.98611111111114,360.825,2.0714317816653742,84.97222222222221,3.3333333333333335,10,0.68333333333,10.983333333333334,3.05,12.083333333333334,-0.24435351937901367,664.3,647.5833333333334,12.18,434.8666666666667,18.75,9,0.5555555555555556,10.425925925925926,4.222222222222222,9.981481481481483,-8.248981175018084,590.5,605.6851851851851,10.289983164983166,368.1111111111111,22.944444444444443,5,0.81904761906,4.742857142857143,4.219047619047619,12.80952380952381,6.460453986511365,423.43809523809523,476.32380952380953,4.598333333333334,160.7047619047619,14.2,9,0.5888888888888889,2.788888888888889,6.766666666666667,16.48888888888889,-4.565603381516138,297.68888888888887,416.1222222222222,3.54916071041802,85.58888888888889,7.211111111111112,3943262880
91,0,0.0,0.0,0.0,0.0,0.0,0.0,0.0,0.0,0.0,0.0,6,0.6111111111166666,10.555555555555555,3.8611111111111107,9.527777777777777,-12.801390131997278,564.6666666666666,646.5833333333334,6.008119658119658,279.0,11.583333333333334,4,0.75,4.0625,6.5625,14.75,-6.2431565953055586,324.5,459.125,3.6668225918225916,61.4375,3.625,8,0.625,4.375,6.8125,15.875,-12.518197439835532,334.6875,440.0625,3.71338141025641,92.3125,5.0,5,0.68333333334,6.283333333333333,6.216666666666667,15.916666666666668,-8.129360335825304,415.05,513.0333333333334,3.910648148148148,172.48333333333332,13.15,6,0.5361111111166666,2.9638888888888886,8.769444444444444,14.480555555555554,-5.080471602528046,294.98611111111114,360.825,2.0714317816653742,84.97222222222221,3.3333333333333335,10,0.68333333333,10.983333333333334,3.05,12.083333333333334,-0.24435351937901367,664.3,647.5833333333334,12.18,434.8666666666667,18.75,9,0.5555555555555556,10.425925925925926,4.222222222222222,9.981481481481483,-8.248981175018084,590.5,605.6851851851851,10.289983164983166,368.1111111111111,22.944444444444443,5,0.81904761906,4.742857142857143,4.219047619047619,12.80952380952381,6.460453986511365,423.43809523809523,476.32380952380953,4.598333333333334,160.7047619047619,14.2,9,0.5888888888888889,2.788888888888889,6.766666666666667,16.48888888888889,-4.565603381516138,297.68888888888887,416.1222222222222,3.54916071041802,85.58888888888889,7.211111111111112,3943365614
92,6,0.5361111111166666,2.9638888888888886,8.769444444444444,14.480555555555554,-5.080471602528046,294.98611111111114,360.825,2.0714317816653742,84.97222222222221,3.3333333333333335,10,0.68333333333,10.983333333333334,3.05,12.083333333333334,-0.24435351937901367,664.3,647.5833333333334,12.18,434.8666666666667,18.75,9,0.5555555555555556,10.425925925925926,4.222222222222222,9.981481481481483,-8.248981175018084,590.5,605.6851851851851,10.289983164983166,368.1111111111111,22.944444444444443,5,0.81904761906,4.742857142857143,4.219047619047619,12.80952380952381,6.460453986511365,423.43809523809523,476.32380952380953,4.598333333333334,160.7047619047619,14.2,9,0.5888888888888889,2.788888888888889,6.766666666666667,16.48888888888889,-4.565603381516138,297.68888888888887,416.1222222222222,3.54916071041802,85.58888888888889,7.211111111111112,7,0.9642857142857143,3.607142857142857,6.5,16.964285714285715,29.178719530900736,277.17857142857144,356.0357142857143,5.039194139194139,31.571428571428573,1.8214285714285714,6,0.9583333333333334,5.916666666666667,3.7916666666666665,14.375,29.867031350767466,448.625,482.75,6.169771241830065,146.70833333333334,11.541666666666666,6,0.9166666666666666,11.666666666666666,4.375,8.833333333333334,25.267809535498273,683.5833333333334,659.75,5.8202614379084965,344.4166666666667,19.958333333333332,7,0.8571428571428571,3.095238095238095,5.428571428571429,15.30952380952381,20.3513499449896,294.3809523809524,351.9761904761904,4.003494124922697,42.07142857142857,1.5,5,0.95,10.7,2.7,11.85,31.097967989152274,518.85,528.55,10.1775,187.35,13.25,3943547236
93,7,0.9642857142857143,3.607142857142857,6.5,16.964285714285715,29.178719530900736,277.17857142857144,356.0357142857143,5.039194139194139,31.571428571428573,1.8214285714285714,6,0.9583333333333334,5.916666666666667,3.7916666666666665,14.375,29.867031350767466,448.625,482.75,6.169771241830065,146.70833333333334,11.541666666666666,6,0.9166666666666666,11.666666666666666,4.375,8.833333333333334,25.267809535498273,683.5833333333334,659.75,5.8202614379084965,344.4166666666667,19.958333333333332,7,0.8571428571428571,3.095238095238095,5.428571428571429,15.30952380952381,20.3513499449896,294.3809523809524,351.9761904761904,4.003494124922697,42.07142857142857,1.5,5,0.95,10.7,2.7,11.85,31.097967989152274,518.85,528.55,10.1775,187.35,13.25,6,0.5361111111166666,2.9638888888888886,8.769444444444444,14.480555555555554,-5.080471602528046,294.98611111111114,360.825,2.0714317816653742,84.97222222222221,3.3333333333333335,10,0.68333333333,10.983333333333334,3.05,12.083333333333334,-0.24435351937901367,664.3,647.5833333333334,12.18,434.8666666666667,18.75,9,0.5555555555555556,10.425925925925926,4.222222222222222,9.981481481481483,-8.248981175018084,590.5,605.6851851851851,10.289983164983166,368.1111111111111,22.944444444444443,5,0.81904761906,4.742857142857143,4.219047619047619,12.80952380952381,6.460453986511365,423.43809523809523,476.32380952380953,4.598333333333334,160.7047619047619,14.2,9,0.5888888888888889,2.788888888888889,6.766666666666667,16.48888888888889,-4.565603381516138,297.68888888888887,416.1222222222222,3.54916071041802,85.58888888888889,7.211111111111112,3943673479
94,6,0.5361111111166666,2.9638888888888886,8.769444444444444,14.480555555555554,-5.080471602528046,294.98611111111114,360.825,2.0714317816653742,84.97222222222221,3.3333333333333335,10,0.68333333333,10.983333333333334,3.05,12.083333333333334,-0.24435351937901367,664.3,647.5833333333334,12.18,434.8666666666667,18.75,9,0.5555555555555556,10.425925925925926,4.222222222222222,9.981481481481483,-8.248981175018084,590.5,605.6851851851851,10.289983164983166,368.1111111111111,22.944444444444443,5,0.81904761906,4.742857142857143,4.219047619047619,12.80952380952381,6.460453986511365,423.43809523809523,476.32380952380953,4.598333333333334,160.7047619047619,14.2,9,0.5888888888888889,2.788888888888889,6.766666666666667,16.48888888888889,-4.565603381516138,297.68888888888887,416.1222222222222,3.54916071041802,85.58888888888889,7.211111111111112,7,0.9642857142857143,3.607142857142857,6.5,16.964285714285715,29.178719530900736,277.17857142857144,356.0357142857143,5.039194139194139,31.571428571428573,1.8214285714285714,6,0.9583333333333334,5.916666666666667,3.7916666666666665,14.375,29.867031350767466,448.625,482.75,6.169771241830065,146.70833333333334,11.541666666666666,6,0.9166666666666666,11.666666666666666,4.375,8.833333333333334,25.267809535498273,683.5833333333334,659.75,5.8202614379084965,344.4166666666667,19.958333333333332,7,0.8571428571428571,3.095238095238095,5.428571428571429,15.30952380952381,20.3513499449896,294.3809523809524,351.9761904761904,4.003494124922697,42.07142857142857,1.5,5,0.95,10.7,2.7,11.85,31.097967989152274,518.85,528.55,10.1775,187.35,13.25,3943790375
95,6,0.5361111111166666,2.9638888888888886,8.769444444444444,14.480555555555554,-5.080471602528046,294.98611111111114,360.825,2.0714317816653742,84.97222222222221,3.3333333333333335,10,0.68333333333,10.983333333333334,3.05,12.083333333333334,-0.24435351937901367,664.3,647.5833333333334,12.18,434.8666666666667,18.75,9,0.5555555555555556,10.425925925925926,4.222222222222222,9.981481481481483,-8.248981175018084,590.5,605.6851851851851,10.289983164983166,368.1111111111111,22.944444444444443,5,0.81904761906,4.742857142857143,4.219047619047619,12.80952380952381,6.460453986511365,423.43809523809523,476.32380952380953,4.598333333333334,160.7047619047619,14.2,9,0.5888888888888889,2.788888888888889,6.766666666666667,16.48888888888889,-4.565603381516138,297.68888888888887,416.1222222222222,3.54916071041802,85.58888888888889,7.211111111111112,7,0.9642857142857143,3.607142857142857,6.5,16.964285714285715,29.178719530900736,277.17857142857144,356.0357142857143,5.039194139194139,31.571428571428573,1.8214285714285714,6,0.9583333333333334,5.916666666666667,3.7916666666666665,14.375,29.867031350767466,448.625,482.75,6.169771241830065,146.70833333333334,11.541666666666666,6,0.9166666666666666,11.666666666666666,4.375,8.833333333333334,25.267809535498273,683.5833333333334,659.75,5.8202614379084965,344.4166666666667,19.958333333333332,7,0.8571428571428571,3.095238095238095,5.428571428571429,15.30952380952381,20.3513499449896,294.3809523809524,351.9761904761904,4.003494124922697,42.07142857142857,1.5,5,0.95,10.7,2.7,11.85,31.097967989152274,518.85,528.55,10.1775,187.35,13.25,3943893584
96,7,0.9642857142857143,3.607142857142857,6.5,16.964285714285715,29.178719530900736,277.17857142857144,356.0357142857143,5.039194139194139,31.571428571428573,1.8214285714285714,6,0.9583333333333334,5.916666666666667,3.7916666666666665,14.375,29.867031350767466,448.625,482.75,6.169771241830065,146.70833333333334,11.541666666666666,6,0.9166666666666666,11.666666666666666,4.375,8.833333333333334,25.267809535498273,683.5833333333334,659.75,5.8202614379084965,344.4166666666667,19.958333333333332,7,0.8571428571428571,3.095238095238095,5.428571428571429,15.30952380952381,20.3513499449896,294.3809523809524,351.9761904761904,4.003494124922697,42.07142857142857,1.5,5,0.95,10.7,2.7,11.85,31.097967989152274,518.85,528.55,10.1775,187.35,13.25,6,0.5361111111166666,2.9638888888888886,8.769444444444444,14.480555555555554,-5.080471602528046,294.98611111111114,360.825,2.0714317816653742,84.97222222222221,3.3333333333333335,10,0.68333333333,10.983333333333334,3.05,12.083333333333334,-0.24435351937901367,664.3,647.5833333333334,12.18,434.8666666666667,18.75,9,0.5555555555555556,10.425925925925926,4.222222222222222,9.981481481481483,-8.248981175018084,590.5,605.6851851851851,10.289983164983166,368.1111111111111,22.944444444444443,5,0.81904761906,4.742857142857143,4.219047619047619,12.80952380952381,6.460453986511365,423.43809523809523,476.32380952380953,4.598333333333334,160.7047619047619,14.2,9,0.5888888888888889,2.788888888888889,6.766666666666667,16.48888888888889,-4.565603381516138,297.68888888888887,416.1222222222222,3.54916071041802,85.58888888888889,7.211111111111112,3943981461
