,radiant_id,dire_id,radiant1,radiant2,radiant3,radiant4,radiant5,dire1,dire2,dire3,dire4,dire5,radiant_win
0,70.0,59.0,97,112,106,66,104,75,18,28,66,70,1
0,59.0,70.0,28,110,29,95,11,32,92,54,95,55,0
0,29.0,23.0,37,51,55,49,48,64,16,77,49,76,1
0,23.0,29.0,16,8,87,34,33,64,55,28,34,25,0
0,18.0,33.0,71,55,92,46,93,27,7,20,46,17,1
0,33.0,18.0,71,86,11,51,77,102,3,63,51,9,1
0,17.0,57.0,3,38,28,63,76,51,64,107,63,25,1
0,17.0,57.0,37,109,38,60,13,51,64,25,60,10,0
0,51.0,44.0,55,106,83,87,54,27,28,8,87,108,0
0,44.0,51.0,51,101,34,48,83,11,84,37,48,67,1
0,12.0,8.0,83,87,65,95,39,64,16,70,95,74,0
0,8.0,12.0,16,64,63,29,39,5,51,70,29,49,1
0,8.0,16.0,37,109,100,9,16,55,28,50,9,41,0
0,8.0,16.0,5,57,28,11,98,91,100,80,11,76,0
0,17.0,1.0,51,64,39,88,95,55,114,86,88,8,0
0,1.0,17.0,51,64,33,39,95,55,87,100,39,25,1
0,57.0,33.0,71,104,106,93,112,37,109,38,93,75,1
0,33.0,57.0,37,38,39,62,94,51,11,64,62,15,0
0,21.0,57.0,37,109,62,88,13,84,97,87,88,93,1
0,57.0,21.0,71,8,86,65,25,55,28,3,65,54,1
0,26.0,77.0,3,16,63,102,46,107,25,65,102,70,1
0,77.0,26.0,25,65,28,27,93,5,46,16,27,81,1
0,8.0,12.0,64,16,71,34,81,84,39,63,34,65,0
0,12.0,8.0,3,25,23,54,2,85,16,43,54,15,1
0,18.0,1.0,51,39,5,86,10,11,50,3,86,8,0
0,1.0,18.0,51,106,64,88,94,55,28,37,88,74,1
0,17.0,18.0,51,64,8,35,60,86,16,95,35,17,0
0,17.0,18.0,20,95,65,71,106,64,16,70,71,63,0
0,17.0,33.0,37,107,55,93,49,95,86,71,93,76,1
0,17.0,33.0,51,64,88,70,46,86,71,55,70,15,1
0,23.0,16.0,23,18,52,33,106,55,28,50,33,76,1
0,23.0,16.0,23,43,5,104,15,99,37,28,104,34,0
0,23.0,16.0,64,107,88,1,25,55,100,74,1,14,0
0,29.0,12.0,88,65,30,39,48,84,95,86,39,57,1
0,12.0,29.0,39,3,77,29,23,28,25,55,29,34,0
0,16.0,29.0,100,80,90,7,109,55,77,16,7,106,1
0,16.0,29.0,100,80,55,110,11,18,52,16,110,39,0
0,16.0,29.0,100,90,7,74,54,88,25,16,74,34,1
0,57.0,18.0,51,11,20,30,16,91,7,39,30,2,1
0,16.0,29.0,91,65,18,84,39,99,100,26,84,46,0
0,18.0,57.0,51,11,62,37,54,86,96,16,37,17,1
0,16.0,29.0,91,64,28,63,12,74,100,14,63,33,1
0,21.0,18.0,83,96,5,106,67,64,16,95,106,65,1
0,21.0,18.0,3,96,28,25,44,7,87,70,25,46,0
0,21.0,33.0,7,25,81,39,15,3,16,46,39,88,1
0,21.0,33.0,3,25,88,18,98,37,96,32,18,11,1
0,47.0,51.0,83,8,108,34,87,55,16,37,34,25,0
0,56.0,38.0,97,5,44,7,25,95,64,51,7,60,1
0,56.0,38.0,64,51,39,65,18,95,84,87,65,29,0
0,56.0,38.0,51,11,7,112,15,84,95,87,112,33,0
0,21.0,57.0,91,38,62,56,25,16,3,15,56,46,1
0,57.0,21.0,91,106,64,57,4,97,3,60,57,10,0
0,47.0,44.0,57,64,111,59,49,83,70,27,59,98,0
0,44.0,47.0,11,102,37,84,8,51,32,93,84,75,1
0,12.0,1.0,88,64,109,76,86,5,60,8,76,35,1
0,1.0,12.0,64,95,62,49,61,39,84,63,49,2,1
0,1.0,12.0,91,99,33,94,87,5,60,18,94,104,0
0,23.0,40.0,23,64,7,15,46,88,95,37,15,39,0
0,40.0,23.0,28,50,43,33,44,104,95,64,33,25,0
0,70.0,77.0,83,54,110,2,74,65,27,16,2,11,1
0,40.0,23.0,28,43,97,8,87,55,83,86,8,93,0
0,77.0,70.0,107,25,104,111,48,5,65,51,111,54,0
0,12.0,0.0,110,106,23,89,65,87,16,70,89,1,1
0,14.0,23.0,28,87,25,29,44,91,55,107,29,46,1
0,23.0,14.0,83,110,51,18,39,28,37,55,18,17,1
0,12.0,0.0,5,104,46,95,66,88,92,54,95,17,1
0,14.0,23.0,55,15,3,23,17,107,95,64,23,34,1
0,14.0,12.0,13,3,15,100,102,5,16,18,100,33,0
0,14.0,12.0,55,15,23,3,46,8,5,51,3,76,0
0,81.0,44.0,83,65,26,46,81,5,70,104,46,25,1
0,44.0,81.0,55,18,62,27,44,5,88,25,27,95,0
0,47.0,81.0,83,65,86,77,46,5,16,25,77,63,0
0,81.0,47.0,51,11,84,70,37,86,16,39,70,44,0
0,14.0,12.0,5,13,51,6,76,37,60,18,6,35,1
0,12.0,14.0,110,13,53,21,80,16,87,70,21,25,1
0,14.0,12.0,16,86,54,65,43,13,37,58,65,106,1
0,12.0,14.0,5,106,23,99,55,87,51,70,99,76,0
0,3.0,38.0,91,60,16,17,4,84,39,87,17,7,0
0,3.0,38.0,91,46,60,18,86,51,11,95,18,29,0
0,8.0,21.0,88,39,90,99,29,95,58,86,99,76,1
0,8.0,21.0,3,60,95,15,33,90,99,16,15,13,0
0,21.0,8.0,51,88,86,76,42,3,39,23,76,61,1
0,12.0,2.0,51,13,91,99,57,5,60,8,99,63,1
0,32.0,36.0,16,66,20,63,106,87,65,28,63,82,1
0,12.0,32.0,5,8,14,33,39,91,16,18,33,74,1
0,8.0,21.0,88,80,87,33,11,60,5,78,33,35,0
0,8.0,21.0,51,87,15,39,29,3,95,16,39,46,1
0,54.0,65.0,16,80,30,33,46,5,104,107,33,106,0
0,8.0,21.0,88,80,87,98,2,60,3,29,98,11,0
0,54.0,65.0,38,80,26,74,31,16,104,112,74,34,0
0,21.0,8.0,51,87,15,102,49,3,95,23,102,61,0
0,8.0,21.0,51,15,32,8,37,88,39,87,8,77,0
0,36.0,2.0,16,87,66,34,48,86,28,54,34,106,0
0,2.0,36.0,83,106,86,15,7,37,16,70,15,95,1
0,57.0,21.0,3,80,14,106,33,86,55,32,106,76,1
0,9.0,57.0,86,39,83,8,53,51,11,5,8,18,0
0,9.0,21.0,66,15,86,88,94,5,16,95,88,47,0
0,65.0,31.0,27,56,65,7,34,15,100,28,7,22,1
0,57.0,8.0,55,70,71,64,43,83,8,87,64,39,0
0,31.0,65.0,64,54,107,97,74,37,72,71,97,46,0
0,8.0,33.0,55,87,71,11,41,88,5,95,11,76,0
0,54.0,31.0,55,106,110,41,71,5,16,57,41,36,1
0,54.0,31.0,64,100,27,56,49,86,88,29,56,25,0
0,7.0,2.0,51,11,107,102,4,86,60,39,102,29,1
0,7.0,2.0,83,74,88,54,16,106,107,14,54,89,0
0,2.0,7.0,55,107,30,12,95,88,83,80,12,74,0
0,77.0,59.0,88,60,87,63,74,27,65,25,63,58,0
0,59.0,77.0,51,11,65,50,81,16,107,92,50,63,1
0,81.0,51.0,5,8,25,65,58,90,99,27,65,39,1
0,51.0,81.0,97,8,111,88,106,86,65,71,88,15,1
0,33.0,21.0,64,88,48,10,46,95,37,60,10,82,0
0,33.0,57.0,51,11,65,37,4,83,64,16,37,42,0
0,9.0,33.0,5,63,92,13,102,91,65,3,13,48,1
0,21.0,8.0,55,83,27,18,9,8,88,87,18,29,0
0,9.0,8.0,88,15,30,65,9,3,16,66,65,46,0
0,12.0,7.0,86,88,2,95,106,5,60,8,95,70,0
0,12.0,7.0,5,88,8,25,29,51,11,86,25,44,1
0,34.0,56.0,97,86,7,25,93,88,5,95,25,13,0
0,34.0,56.0,88,70,13,37,107,57,83,86,37,15,0
0,8.0,57.0,86,39,53,15,62,51,5,3,15,25,0
0,40.0,18.0,51,11,87,96,8,88,86,69,96,98,0
0,0.0,4.0,27,109,40,98,28,60,5,99,98,22,0
0,4.0,0.0,60,65,50,109,25,89,87,8,109,13,1
0,18.0,40.0,104,23,79,39,72,95,83,16,39,49,1
0,14.0,23.0,60,106,104,50,95,13,5,16,50,7,1
0,16.0,4.0,23,39,109,50,28,100,55,87,50,4,1
0,23.0,14.0,55,83,107,40,17,5,51,11,40,20,0
0,16.0,4.0,103,87,99,22,49,55,100,50,22,98,0
0,17.0,0.0,60,65,50,49,72,91,95,86,49,39,0
0,16.0,4.0,103,87,43,107,63,100,74,58,107,1,0
0,0.0,17.0,97,100,5,33,95,2,107,50,33,74,1
0,18.0,65.0,88,80,90,99,34,97,95,3,99,43,1
0,18.0,65.0,27,15,65,84,18,97,95,37,84,39,1
0,16.0,1.0,83,76,86,63,57,100,106,110,63,65,0
0,23.0,40.0,5,60,51,11,70,90,104,27,11,76,1
0,1.0,16.0,55,14,80,86,44,50,88,97,86,59,1
0,40.0,23.0,5,23,7,11,8,60,95,64,11,13,0
0,17.0,4.0,103,5,25,109,57,55,87,28,109,34,0
0,65.0,14.0,13,5,60,6,25,27,7,32,6,46,0
0,4.0,17.0,5,65,43,107,18,16,37,104,107,15,1
0,14.0,65.0,37,88,107,1,39,5,13,51,1,46,0
0,14.0,65.0,13,5,23,99,33,55,107,87,99,74,1
0,0.0,16.0,100,74,55,87,8,50,72,83,87,13,0
0,23.0,18.0,5,23,7,11,42,83,95,110,11,54,1
0,0.0,16.0,107,74,50,78,6,100,87,80,78,39,1
0,23.0,18.0,7,11,23,110,70,83,91,16,110,25,0
0,0.0,16.0,74,41,14,26,88,65,23,87,26,8,0
0,23.0,18.0,83,91,96,99,18,5,7,60,99,39,0
0,40.0,65.0,88,5,95,2,17,83,86,97,2,49,0
0,1.0,17.0,51,5,54,99,7,37,60,16,99,49,1
0,65.0,40.0,83,2,110,76,18,86,97,28,76,63,1
0,1.0,17.0,37,65,84,8,13,51,68,88,8,41,1
0,14.0,40.0,5,7,9,61,11,107,68,40,61,16,1
0,14.0,40.0,91,97,65,19,98,83,68,7,19,22,1
0,16.0,17.0,37,65,84,70,18,74,28,111,70,103,1
0,23.0,65.0,7,86,63,38,76,51,37,65,38,34,1
0,17.0,16.0,100,80,87,103,8,55,107,64,103,49,0
0,65.0,23.0,51,11,87,1,16,110,41,107,1,18,1
0,14.0,18.0,91,7,8,50,70,5,16,40,50,15,1
0,65.0,23.0,60,43,41,63,30,37,51,95,63,25,0
0,14.0,18.0,16,40,91,99,33,97,95,87,99,35,1
0,0.0,1.0,23,92,78,6,13,50,88,95,6,29,0
0,1.0,0.0,50,100,49,7,48,88,68,17,7,18,1
0,1.0,4.0,103,5,41,49,13,50,88,74,49,59,0
0,1.0,4.0,60,111,99,107,63,68,106,23,107,10,0
0,1.0,23.0,88,43,68,41,15,5,99,86,41,4,1
0,23.0,1.0,51,5,55,18,49,86,16,54,18,76,0
0,16.0,18.0,41,74,111,88,14,55,16,87,88,70,0
0,16.0,18.0,83,90,7,80,49,16,64,95,80,106,1
0,16.0,18.0,90,80,88,7,8,55,16,83,7,11,1
0,47.0,44.0,77,23,75,39,16,30,41,51,39,70,0
0,44.0,47.0,60,5,7,25,18,55,83,87,25,46,0
0,47.0,44.0,51,23,70,27,25,16,5,57,27,39,1
0,14.0,1.0,83,86,15,44,29,13,16,37,44,25,1
0,16.0,4.0,99,87,107,65,25,55,5,28,65,80,1
0,4.0,16.0,5,99,28,4,7,43,87,41,4,23,0
0,61.0,64.0,87,15,88,95,102,51,55,110,95,39,0
0,14.0,16.0,91,18,100,55,36,5,99,51,55,23,0
0,16.0,14.0,83,111,65,70,39,55,28,58,70,80,0
0,14.0,16.0,5,99,7,77,74,83,55,37,77,9,0
0,14.0,16.0,91,13,83,15,2,99,7,50,15,70,0
0,9.0,63.0,60,55,50,18,25,64,23,99,18,76,0
0,63.0,9.0,91,39,87,95,97,7,90,106,95,80,0
0,9.0,63.0,91,13,37,77,104,39,16,86,77,49,1
0,42.0,3.0,16,99,50,39,8,71,37,40,39,109,0
0,3.0,42.0,91,60,16,8,80,7,68,23,8,41,1
0,18.0,21.0,66,15,87,65,95,30,49,40,65,28,1
0,56.0,38.0,64,80,60,16,21,51,87,39,16,28,0
0,21.0,18.0,51,5,63,6,25,66,16,80,6,44,0
0,38.0,56.0,16,8,5,25,65,23,55,37,25,93,1
0,18.0,5.0,83,13,40,6,51,55,18,37,6,43,1
0,5.0,18.0,83,110,13,80,19,60,65,50,80,39,1
0,5.0,18.0,16,68,18,17,65,97,95,103,17,41,1
0,41.0,32.0,60,68,107,40,49,99,83,64,40,74,0
0,12.0,11.0,5,2,18,23,74,50,107,13,23,109,0
0,65.0,32.0,83,87,65,18,25,110,41,107,18,106,1
0,11.0,57.0,50,107,55,46,109,16,86,15,46,75,1
0,29.0,12.0,60,5,102,49,70,28,25,18,49,76,0
0,11.0,29.0,107,51,25,18,87,7,68,77,18,44,1
0,12.0,29.0,91,18,75,28,21,13,83,110,28,49,0
0,11.0,12.0,60,5,25,58,44,13,6,16,58,104,0
0,32.0,12.0,16,27,15,108,9,87,107,104,108,70,0
0,65.0,11.0,107,50,8,7,39,90,104,16,7,82,1
0,11.0,65.0,53,86,107,18,74,87,16,13,18,46,0
0,12.0,32.0,16,13,92,70,89,107,68,43,70,40,1
0,9.0,63.0,90,40,28,80,87,64,16,63,80,17,0
0,9.0,63.0,88,95,37,70,57,87,8,28,70,15,1
0,2.0,1.0,51,99,111,33,39,16,68,40,33,13,0
0,63.0,9.0,88,13,37,69,6,40,83,3,69,46,0
0,1.0,2.0,5,18,103,41,39,88,99,79,41,106,0
0,1.0,2.0,5,103,40,46,108,88,68,41,46,75,1
0,1.0,17.0,64,54,107,46,103,16,5,41,46,15,1
0,17.0,1.0,16,5,60,36,11,99,90,84,36,46,0
0,32.0,29.0,16,66,40,39,14,64,28,18,39,13,1
0,57.0,11.0,16,68,15,7,13,87,8,32,7,17,0
0,29.0,32.0,60,65,111,34,95,18,68,39,34,7,1
0,11.0,57.0,7,55,87,17,54,68,60,53,17,42,0
0,29.0,32.0,83,43,96,37,20,16,25,8,37,65,1
0,57.0,11.0,91,53,3,99,46,107,13,8,99,112,1
0,1.0,5.0,60,39,50,109,104,5,16,49,109,95,1
0,5.0,1.0,68,99,86,95,40,13,60,33,95,63,0
0,12.0,65.0,16,99,37,72,101,88,5,70,72,39,0
0,65.0,12.0,88,65,110,54,39,51,37,20,54,82,0
0,65.0,12.0,16,20,13,6,94,41,110,107,6,101,0
0,29.0,65.0,16,65,75,12,106,13,6,30,12,7,1
0,29.0,65.0,16,18,68,25,71,60,53,112,25,13,0
0,29.0,65.0,88,39,112,8,51,53,16,45,8,57,0
0,2.0,18.0,86,103,7,82,40,16,72,27,82,74,0
0,2.0,18.0,16,33,107,39,54,96,100,79,39,57,1
0,2.0,18.0,16,39,107,63,53,84,35,60,63,88,0
0,65.0,12.0,60,5,13,56,74,16,87,8,56,49,0
0,12.0,65.0,16,53,112,15,17,107,5,18,15,25,1
0,65.0,12.0,88,53,111,39,59,8,5,51,39,109,0
0,3.0,38.0,110,7,4,103,49,28,87,13,103,74,1
0,3.0,38.0,16,25,30,70,29,103,87,40,70,33,0
0,18.0,5.0,16,68,99,88,15,3,9,7,88,20,1
0,5.0,18.0,14,38,87,15,75,68,18,51,15,13,0
0,1.0,18.0,16,75,71,22,67,89,33,31,22,114,1
0,18.0,1.0,16,49,21,45,58,39,62,10,45,69,1
0,1.0,18.0,5,41,86,6,25,65,107,50,6,59,0
0,1.0,18.0,26,8,2,78,109,5,16,99,78,36,1
0,1.0,18.0,16,5,88,94,15,55,18,37,94,1,0
0,41.0,80.0,99,20,107,6,47,65,88,50,6,18,0
0,39.0,7.0,30,36,51,108,44,100,40,88,108,39,0
0,6.0,29.0,16,65,75,106,15,18,25,13,106,72,0
0,39.0,6.0,18,27,25,33,23,13,16,41,33,53,1
0,29.0,80.0,16,111,39,57,8,65,107,5,57,15,1
0,34.0,56.0,88,55,64,54,43,7,87,80,54,11,1
0,7.0,40.0,30,40,60,70,25,114,37,104,70,39,1
0,34.0,17.0,51,30,63,95,25,60,77,39,95,28,1
0,8.0,9.0,60,65,87,15,49,77,83,3,15,11,0
0,39.0,80.0,30,88,53,6,49,13,16,75,6,25,1
0,41.0,40.0,51,11,86,28,15,68,99,16,28,73,0
0,42.0,21.0,16,87,54,46,2,13,30,23,46,94,0
0,3.0,34.0,88,55,37,15,39,16,8,87,15,11,0
0,21.0,8.0,83,86,7,46,40,16,13,68,46,61,0
0,6.0,7.0,60,98,64,65,39,108,91,30,65,44,1
0,56.0,9.0,60,65,7,15,39,77,83,3,15,47,1
0,20.0,3.0,88,77,87,13,39,60,68,51,13,49,1
0,7.0,80.0,30,36,62,4,39,99,107,76,4,20,1
0,42.0,20.0,51,5,86,18,25,13,16,64,18,15,0
0,38.0,57.0,39,30,71,55,95,53,86,32,55,104,0
0,21.0,56.0,51,87,40,11,32,13,7,68,11,53,1
0,34.0,20.0,51,5,11,99,28,88,39,37,99,109,1
0,8.0,42.0,88,75,7,43,63,16,50,70,43,4,1
0,17.0,9.0,51,27,4,77,7,16,13,3,77,46,1
0,56.0,8.0,83,8,27,11,104,88,55,86,11,82,0
0,17.0,21.0,51,13,6,71,21,16,30,39,71,12,0
0,3.0,9.0,51,4,21,99,29,88,39,3,99,109,0
0,1.0,57.0,53,86,60,76,77,55,71,7,76,74,0
0,2.0,31.0,27,40,39,7,32,13,6,16,7,49,0
0,42.0,34.0,16,64,13,1,108,87,55,100,1,70,0
0,65.0,2.0,60,33,75,18,13,23,5,99,18,17,0
0,65.0,31.0,16,5,74,72,65,86,7,25,72,63,1
0,5.0,11.0,51,11,86,57,70,107,110,38,57,40,1
0,6.0,40.0,60,25,36,30,41,51,11,99,30,57,1
0,26.0,44.0,16,27,8,64,98,88,68,49,64,63,0
0,29.0,41.0,88,25,55,1,64,16,75,41,1,46,1
0,32.0,55.0,88,75,38,74,70,37,16,77,74,46,1
0,80.0,6.0,51,30,88,94,8,65,16,25,94,93,0
0,39.0,41.0,88,27,104,25,95,13,54,99,25,7,0
0,26.0,73.0,88,75,29,74,80,16,111,18,74,21,0
0,55.0,4.0,51,68,107,25,81,99,30,63,25,106,1
0,29.0,40.0,91,18,104,71,55,28,25,65,71,4,0
0,5.0,44.0,16,57,75,25,63,5,23,38,25,39,1
0,80.0,40.0,99,13,23,8,86,28,25,27,8,15,0
0,39.0,29.0,88,25,65,8,80,75,16,49,8,63,0
0,63.0,38.0,13,83,87,28,44,88,6,39,28,33,1
0,42.0,56.0,88,13,87,59,41,16,64,38,59,70,1
0,5.0,26.0,103,92,13,54,46,51,68,17,54,81,1
0,20.0,9.0,60,68,18,29,25,77,3,7,29,47,1
0,3.0,21.0,16,40,87,17,53,7,68,103,17,1,0
0,32.0,73.0,23,70,27,7,76,29,5,28,7,35,0
0,1.0,63.0,88,80,28,46,101,16,41,68,46,61,1
0,11.0,55.0,107,40,30,49,96,88,27,77,49,108,1
0,39.0,40.0,13,16,75,82,29,28,25,54,82,108,0
0,34.0,9.0,60,25,31,99,69,51,11,37,99,63,1
0,4.0,32.0,16,65,25,18,27,7,5,39,18,95,0
0,44.0,55.0,16,64,87,41,49,88,86,39,41,106,0
0,8.0,3.0,16,86,50,98,39,7,40,99,98,75,1
0,21.0,20.0,16,99,111,81,46,68,13,71,81,94,1
0,17.0,56.0,51,87,49,83,77,7,39,86,83,98,1
0,5.0,73.0,23,70,27,102,13,16,110,107,102,25,0
0,6.0,41.0,30,16,80,66,36,55,18,39,66,72,1
0,34.0,21.0,51,49,88,113,27,16,39,68,113,22,0
0,17.0,42.0,51,64,13,18,7,87,100,53,18,40,1
0,56.0,3.0,60,7,27,109,72,77,16,4,109,31,0
0,73.0,4.0,107,49,99,5,56,23,27,57,5,41,0
0,26.0,55.0,60,63,5,102,13,30,51,39,102,20,1
0,29.0,7.0,60,39,86,6,13,91,76,30,6,109,1
0,56.0,20.0,91,19,96,27,78,7,40,77,27,22,0
0,17.0,3.0,51,87,95,17,55,39,16,53,17,36,1
0,67.0,54.0,60,86,55,70,25,16,75,85,70,17,0
0,8.0,20.0,83,77,110,7,49,60,64,81,7,18,0
0,42.0,9.0,16,87,49,55,99,51,39,37,55,65,0
0,17.0,20.0,51,5,104,46,41,89,68,13,46,49,0
0,34.0,8.0,88,37,13,6,25,83,64,70,6,4,0
0,88.0,2.0,16,13,5,15,33,23,110,88,15,9,1
0,1.0,38.0,16,49,68,20,102,88,39,62,20,63,1
0,21.0,9.0,88,39,50,59,108,16,27,95,59,61,0
0,63.0,57.0,60,77,86,65,75,83,39,97,65,64,1
0,42.0,3.0,13,8,30,49,62,88,40,7,49,15,0
0,17.0,8.0,88,86,25,70,29,7,3,39,70,80,0
0,88.0,65.0,60,5,104,70,11,23,27,8,70,43,0
0,5.0,55.0,23,99,15,13,26,5,57,95,13,36,0
0,7.0,39.0,13,108,100,14,4,25,51,30,14,18,1
0,32.0,11.0,23,65,25,75,48,68,16,76,75,54,0
0,39.0,7.0,40,88,37,106,53,60,13,86,106,1,0
0,32.0,44.0,27,7,104,72,98,86,96,8,72,76,1
0,4.0,11.0,16,49,111,77,13,23,68,43,77,81,1
0,6.0,40.0,25,107,49,36,33,16,13,86,36,74,0
0,2.0,31.0,27,7,69,25,72,13,16,86,25,94,0
0,6.0,40.0,25,18,99,111,65,28,39,55,111,93,0
0,73.0,11.0,107,99,86,63,39,27,16,54,63,17,0
0,32.0,26.0,88,50,71,95,39,27,8,107,95,49,1
0,4.0,44.0,27,98,13,51,77,50,49,103,51,4,1
0,40.0,7.0,88,13,86,57,48,51,4,30,57,70,0
0,26.0,4.0,16,49,41,31,53,7,68,51,31,89,0
0,8.0,34.0,88,39,50,77,29,16,86,104,77,93,1
0,7.0,40.0,30,4,108,44,91,88,25,104,44,70,1
0,34.0,8.0,16,86,62,70,9,88,5,99,70,40,1
0,5.0,32.0,16,27,63,29,17,5,23,38,29,1,0
0,44.0,11.0,55,32,18,13,37,107,87,39,13,4,0
0,34.0,8.0,51,40,87,46,108,88,37,29,46,1,0
0,4.0,5.0,23,68,41,27,99,107,49,65,27,56,0
0,21.0,20.0,51,5,99,11,104,16,13,87,11,17,1
0,26.0,11.0,16,101,8,97,4,88,86,57,97,46,1
0,20.0,21.0,88,13,30,15,42,68,23,49,15,9,0
0,55.0,73.0,60,13,110,83,80,23,27,77,83,75,0
0,73.0,44.0,27,57,83,106,48,23,13,15,106,29,0
0,21.0,8.0,68,55,71,49,44,16,40,26,49,11,1
0,21.0,8.0,60,39,86,104,63,51,40,71,104,82,1
0,65.0,2.0,16,39,50,18,88,90,104,86,18,15,0
0,65.0,2.0,13,6,37,28,21,27,88,104,28,106,1
0,65.0,2.0,51,25,75,41,40,65,39,86,41,104,0
0,5.0,55.0,88,37,96,109,39,27,62,69,109,93,0
0,6.0,39.0,60,30,41,1,11,55,111,8,1,34,1
0,55.0,5.0,99,27,107,75,106,51,30,63,75,47,1
0,39.0,6.0,16,55,86,4,18,39,88,8,4,97,1
0,4.0,11.0,107,43,86,104,48,16,99,63,104,22,1
0,39.0,6.0,16,25,64,41,8,39,100,37,41,57,1
0,11.0,4.0,16,99,41,31,75,23,92,63,31,96,1
0,39.0,40.0,60,25,65,75,77,13,16,30,75,95,0
0,4.0,11.0,16,43,111,109,65,107,99,87,109,8,1
0,40.0,39.0,25,16,87,6,39,60,13,30,6,44,0
0,34.0,20.0,51,65,30,18,39,53,71,77,18,43,0
0,39.0,40.0,25,86,13,100,18,16,57,37,100,15,1
0,4.0,55.0,99,88,13,27,54,63,68,43,27,57,1
0,20.0,34.0,51,40,64,4,70,88,68,99,4,17,1
0,55.0,4.0,107,43,18,65,37,99,30,51,65,40,0
0,8.0,20.0,40,88,27,25,23,16,64,41,25,86,0
0,20.0,8.0,51,64,41,46,61,83,13,30,46,17,1
0,21.0,20.0,51,5,99,7,11,68,16,15,7,33,1
0,21.0,20.0,68,13,15,71,18,16,64,99,71,9,1
0,21.0,20.0,68,13,18,40,17,16,5,7,40,25,1
0,31.0,65.0,27,7,25,62,36,6,13,16,62,21,1
0,31.0,65.0,7,27,62,72,64,6,13,37,72,74,1
0,31.0,2.0,30,40,69,46,96,16,25,50,46,47,1
0,2.0,31.0,16,25,87,65,99,7,30,72,65,74,1
0,31.0,2.0,7,69,30,11,15,16,25,50,11,65,0
0,11.0,5.0,7,68,62,81,39,86,16,32,81,49,0
0,5.0,11.0,23,51,92,63,106,7,68,86,63,41,1
0,55.0,5.0,23,65,50,109,13,7,37,28,109,106,0
0,5.0,55.0,23,63,13,30,49,65,107,37,30,43,1
0,0.0,14.0,91,6,7,17,23,27,41,112,17,74,0
0,12.0,40.0,51,99,90,11,40,27,41,110,11,74,1
0,4.0,5.0,7,90,100,12,18,13,6,86,12,83,0
0,11.0,23.0,16,43,75,95,97,86,7,110,95,109,1
0,14.0,40.0,13,7,77,61,25,6,87,28,61,39,1
0,23.0,12.0,88,43,111,7,56,16,87,8,7,65,1
0,0.0,5.0,23,41,68,29,9,65,60,92,29,82,0
0,11.0,4.0,31,41,7,74,69,65,107,101,74,25,0
0,40.0,23.0,23,27,41,46,56,16,13,86,46,106,0
0,5.0,14.0,13,23,54,45,104,107,65,75,45,25,1
0,4.0,12.0,16,87,81,29,47,88,37,41,29,34,1
0,0.0,11.0,107,110,29,81,13,16,37,65,81,46,1
0,5.0,40.0,7,87,99,4,17,30,41,32,4,16,1
0,23.0,4.0,103,5,99,4,106,23,27,65,4,11,0
0,42.0,38.0,97,27,7,46,95,13,16,87,46,15,1
0,38.0,42.0,16,68,114,1,39,27,10,88,1,82,0
0,14.0,11.0,60,27,104,44,81,7,40,107,44,33,1
0,12.0,0.0,16,99,50,74,92,87,7,70,74,107,0
0,11.0,5.0,7,107,75,70,106,86,13,110,70,81,1
0,4.0,40.0,50,107,25,38,59,41,110,16,38,61,0
0,14.0,12.0,60,86,63,51,80,7,40,107,51,81,0
0,23.0,0.0,107,29,20,109,74,60,37,69,109,35,0
0,11.0,40.0,88,13,18,30,62,86,16,32,30,47,1
0,4.0,0.0,110,74,92,96,81,16,43,88,96,63,0
0,5.0,12.0,107,110,38,49,40,27,41,13,49,94,0
0,14.0,23.0,51,101,29,49,93,91,39,41,49,36,1
0,80.0,6.0,30,13,7,70,9,107,8,26,70,47,1
0,40.0,0.0,107,74,111,81,38,88,110,65,81,76,0
0,11.0,12.0,13,107,90,7,80,16,75,104,7,46,0
0,80.0,6.0,100,86,39,108,6,51,8,27,108,98,0
0,14.0,4.0,60,68,43,18,7,50,16,106,18,55,0
0,5.0,23.0,107,43,37,22,93,16,65,50,22,25,0
0,6.0,80.0,100,50,40,20,102,28,54,108,20,35,1
0,5.0,0.0,23,41,27,9,72,110,100,29,9,4,1
0,5.0,0.0,41,110,100,43,33,23,27,38,43,94,1
0,4.0,12.0,107,65,111,49,77,41,68,39,49,110,1
0,4.0,12.0,16,92,63,28,39,7,68,99,28,22,1
0,14.0,40.0,91,40,7,71,75,16,41,30,71,108,1
0,14.0,40.0,16,86,51,63,43,40,111,41,63,73,1
0,23.0,11.0,23,37,65,46,95,7,86,13,46,33,1
0,23.0,11.0,88,110,18,49,58,23,27,7,49,63,1
0,34.0,42.0,16,87,58,8,49,68,10,88,8,43,0
0,42.0,34.0,97,7,27,54,39,16,86,65,54,25,1
0,20.0,54.0,51,68,20,46,61,86,6,41,46,65,0
0,14.0,0.0,23,92,88,17,111,3,9,74,17,78,0
0,0.0,14.0,23,29,50,81,34,41,31,103,81,22,0
0,14.0,0.0,88,90,14,17,70,92,41,114,17,7,0
0,23.0,12.0,27,16,57,109,106,23,37,63,109,33,0
0,23.0,12.0,88,13,92,7,63,51,5,8,7,49,1
0,23.0,12.0,27,16,40,29,74,13,60,37,29,17,0
0,50.0,80.0,108,40,64,46,23,107,8,5,46,65,0
0,5.0,4.0,16,65,97,101,106,7,68,41,101,43,1
0,80.0,50.0,107,74,27,63,96,40,37,58,63,7,1
0,4.0,5.0,7,27,65,106,72,13,107,68,106,54,1
0,6.0,50.0,108,114,13,31,94,68,7,21,31,20,1
0,4.0,5.0,7,110,88,40,74,107,43,65,40,77,1
0,50.0,6.0,86,60,92,74,28,13,88,27,74,46,0
0,12.0,0.0,92,88,18,46,7,107,13,20,46,40,1
0,5.0,12.0,68,107,29,81,17,41,13,101,81,109,1
0,5.0,12.0,27,13,16,74,40,7,37,107,74,17,0
0,5.0,12.0,27,13,86,77,25,107,68,38,77,95,1
0,4.0,5.0,107,27,72,61,39,7,13,92,61,99,0
0,4.0,5.0,107,27,7,33,95,60,68,81,33,45,1
0,5.0,4.0,60,49,50,65,10,23,41,30,65,6,0
0,5.0,4.0,107,49,37,99,22,23,75,70,99,1,1
0,63.0,9.0,60,13,50,33,54,77,3,7,33,9,0
0,63.0,9.0,51,8,3,2,39,107,55,86,2,47,0
0,54.0,20.0,16,47,75,54,85,88,68,51,54,18,0
0,20.0,54.0,91,19,27,75,7,107,50,13,75,18,0
0,20.0,54.0,91,19,96,79,61,50,13,27,79,65,0
0,34.0,38.0,55,68,18,106,107,91,71,7,106,98,0
0,34.0,38.0,112,62,49,108,94,40,71,7,108,22,1
0,34.0,38.0,16,112,108,77,17,55,18,86,77,70,0
0,63.0,9.0,68,41,100,43,15,16,13,27,43,76,0
0,39.0,41.0,88,68,14,17,70,30,41,62,17,49,1
0,39.0,41.0,88,86,7,1,39,16,13,64,1,46,1
0,63.0,9.0,13,83,87,55,15,16,27,95,55,36,0
0,34.0,63.0,68,51,6,11,29,88,55,87,11,34,0
0,34.0,63.0,68,40,18,25,108,64,100,97,25,9,0
0,9.0,38.0,51,11,30,95,7,112,62,53,95,98,0
0,38.0,9.0,51,11,87,99,65,112,62,13,99,63,1
0,39.0,40.0,99,5,23,74,95,68,41,100,74,44,1
0,39.0,40.0,41,110,60,11,72,68,16,13,11,97,1
0,56.0,63.0,45,53,86,80,16,88,13,64,80,49,0
0,56.0,63.0,60,64,114,61,36,53,23,111,61,106,1
0,56.0,63.0,68,41,51,49,11,88,55,3,49,109,0
0,38.0,63.0,90,53,86,51,48,62,68,7,51,34,1
0,21.0,56.0,51,71,77,104,17,91,53,21,104,49,1
0,38.0,63.0,68,100,41,75,6,16,112,13,75,40,0
0,21.0,56.0,51,33,64,93,99,111,59,83,93,36,1
0,38.0,63.0,68,51,104,9,80,62,53,75,9,98,0
0,41.0,40.0,13,16,111,104,95,60,27,65,104,46,0
0,38.0,9.0,91,13,3,15,104,68,71,7,15,63,0
0,9.0,38.0,91,99,30,46,88,68,53,71,46,93,1
0,63.0,9.0,51,64,41,55,47,68,16,53,55,8,0
0,56.0,9.0,60,13,112,8,70,77,23,75,8,61,1
0,56.0,9.0,88,39,68,18,69,51,11,41,18,2,0
0,56.0,9.0,60,39,50,63,38,23,68,55,63,82,1
0,56.0,38.0,91,60,19,65,70,68,7,13,65,59,1
0,56.0,38.0,60,65,110,76,44,77,23,111,76,43,1
0,67.0,54.0,50,51,84,81,106,7,30,63,81,76,0
0,54.0,67.0,50,107,38,6,25,75,23,65,6,17,1
0,21.0,9.0,91,19,107,7,63,68,13,23,7,41,1
0,42.0,63.0,68,39,7,82,40,62,20,69,82,56,1
0,63.0,42.0,90,6,26,65,74,27,39,81,65,61,0
0,21.0,9.0,91,3,70,46,69,13,30,18,46,15,0
0,21.0,9.0,68,71,7,12,44,88,53,3,12,17,0
0,21.0,9.0,91,3,69,99,39,13,6,30,99,17,1
0,21.0,9.0,68,69,104,81,106,16,53,3,81,76,1
0,63.0,38.0,53,64,80,40,16,100,87,7,40,1,1
0,63.0,38.0,64,90,53,25,72,91,18,7,25,17,0
0,38.0,63.0,112,7,60,70,47,13,88,87,70,93,1
0,56.0,63.0,100,64,53,21,81,60,77,30,21,7,0
0,63.0,56.0,7,62,87,21,18,23,68,41,21,106,1
0,63.0,38.0,7,87,51,80,39,64,55,18,80,69,1
0,1.0,65.0,51,92,7,102,109,27,69,21,102,1,0
0,63.0,38.0,60,68,51,11,77,62,112,40,11,70,0
0,1.0,65.0,71,111,65,1,47,7,55,5,1,12,1
0,38.0,63.0,87,60,19,77,21,13,6,51,77,47,0
0,63.0,38.0,7,87,6,21,86,40,16,27,21,67,1
0,1.0,65.0,51,27,108,46,86,41,16,31,46,113,0
0,8.0,16.0,7,1,64,55,39,16,68,71,55,95,0
0,16.0,8.0,51,47,86,18,62,16,22,8,18,80,1
0,16.0,65.0,90,7,100,45,49,16,37,21,45,113,1
0,16.0,65.0,27,86,1,13,40,7,45,69,13,9,1
0,1.0,8.0,41,68,100,33,47,111,7,16,33,35,0
0,1.0,8.0,41,68,23,88,74,60,7,20,88,12,1
0,1.0,8.0,41,86,62,46,55,27,16,114,46,1,1
0,65.0,1.0,71,22,104,113,36,7,5,14,113,95,1
0,65.0,1.0,7,77,5,25,19,60,86,90,25,92,1
0,65.0,16.0,90,51,72,98,16,7,62,53,98,74,1
0,65.0,16.0,27,40,28,76,103,7,65,1,76,13,1
0,16.0,65.0,7,77,92,59,111,86,104,1,59,25,1
0,65.0,16.0,7,86,36,1,88,27,29,53,1,95,0
0,16.0,65.0,7,1,5,57,21,16,22,38,57,63,1
0,32.0,16.0,7,53,112,36,95,27,107,55,36,17,0
0,29.0,14.0,13,111,23,77,41,60,65,86,77,39,0
0,5.0,7.0,107,53,91,76,77,68,41,100,76,18,1
0,1.0,21.0,41,23,79,48,39,60,20,36,48,47,0
0,29.0,14.0,13,111,63,6,9,65,75,16,6,44,1
0,5.0,7.0,60,65,50,109,70,86,96,54,109,12,1
0,16.0,32.0,107,65,43,111,18,7,27,41,111,40,1
0,18.0,2.0,75,6,51,11,21,84,41,107,11,47,1
0,21.0,1.0,41,88,112,38,12,71,6,2,38,94,0
0,23.0,12.0,88,55,92,36,49,27,40,28,36,70,0
0,18.0,2.0,75,39,51,65,54,55,18,87,65,88,1
0,39.0,4.0,31,49,68,41,69,16,13,36,41,63,0
0,12.0,23.0,107,77,104,13,62,60,27,40,13,81,0
0,5.0,21.0,41,111,51,33,17,23,68,97,33,106,1
0,4.0,39.0,31,54,16,104,34,65,7,50,104,45,1
0,21.0,5.0,23,111,97,109,52,68,41,71,109,113,0
0,16.0,7.0,91,30,53,70,10,51,108,87,70,39,1
0,32.0,14.0,60,27,29,49,72,89,103,9,49,36,0
0,18.0,39.0,88,40,90,99,45,16,41,64,99,35,0
0,16.0,7.0,7,55,30,4,106,90,100,99,4,22,1
0,32.0,14.0,65,7,53,92,25,63,23,27,92,39,1
0,0.0,2.0,75,65,39,18,16,28,90,74,18,99,0
0,4.0,10.0,60,111,43,18,29,77,65,30,18,69,1
0,39.0,18.0,16,40,87,55,46,31,7,39,55,6,0
0,0.0,2.0,7,41,50,43,107,13,65,16,43,33,1
0,10.0,4.0,60,4,111,99,22,77,65,87,99,46,0
0,29.0,7.0,60,6,13,92,9,88,89,31,92,23,1
0,5.0,1.0,7,31,29,12,39,23,27,51,12,98,1
0,16.0,14.0,65,103,40,112,41,7,92,53,112,61,1
0,7.0,29.0,88,111,33,77,34,55,107,30,77,41,0
0,16.0,14.0,7,53,27,41,75,65,103,9,41,80,0
0,1.0,5.0,23,97,70,20,73,41,111,106,20,28,0
0,12.0,0.0,112,100,78,1,51,31,104,75,1,10,1
0,4.0,18.0,16,75,63,13,4,31,69,100,13,94,1
0,10.0,39.0,51,49,20,45,107,100,39,41,45,7,0
0,2.0,23.0,65,6,51,39,111,88,87,55,39,73,0
0,2.0,23.0,65,7,60,46,98,88,63,86,46,11,0
0,18.0,4.0,31,13,7,15,81,79,23,49,15,1,0
0,39.0,10.0,60,65,68,106,18,30,71,104,106,15,0
0,12.0,0.0,112,7,78,46,12,41,68,86,46,73,0
0,5.0,32.0,23,65,18,68,9,100,90,43,68,93,0
0,21.0,14.0,41,31,69,53,10,89,9,7,53,58,0
0,29.0,1.0,65,103,74,80,5,75,104,23,80,34,0
0,21.0,14.0,13,7,58,77,33,107,27,55,77,63,0
0,32.0,5.0,107,92,97,104,44,16,27,96,104,98,1
0,1.0,29.0,88,86,98,45,89,23,7,91,45,11,0
0,4.0,23.0,60,65,109,50,94,16,77,43,50,104,1
0,10.0,0.0,88,110,12,33,70,51,68,7,33,11,0
0,39.0,12.0,16,50,7,49,70,86,54,13,49,33,0
0,0.0,10.0,60,55,31,95,76,112,28,43,95,78,1
0,39.0,12.0,16,27,104,77,9,88,7,75,77,25,0
0,4.0,23.0,107,34,27,104,4,7,68,13,104,54,1
0,29.0,21.0,75,7,104,76,12,87,89,51,76,18,1
0,1.0,32.0,60,27,109,107,78,88,30,53,107,94,1
0,5.0,16.0,91,100,29,61,114,88,68,18,61,2,1
0,21.0,29.0,23,89,39,98,31,68,7,51,98,17,1
0,32.0,1.0,65,32,51,74,77,63,23,31,74,17,1
0,5.0,16.0,91,71,77,110,106,68,100,41,110,70,0
0,10.0,2.0,51,106,104,87,95,39,16,75,87,9,0
0,18.0,0.0,60,40,30,77,39,92,7,53,77,74,1
0,39.0,23.0,88,68,7,34,80,16,49,79,34,57,1
0,2.0,10.0,75,33,107,98,18,51,39,104,98,15,1
0,39.0,23.0,16,40,18,111,75,107,87,55,111,95,0
0,18.0,0.0,112,78,107,45,10,84,16,43,45,70,1
0,14.0,1.0,65,7,16,77,33,63,23,71,77,56,1
0,21.0,7.0,60,68,18,65,12,91,88,55,65,114,1
0,32.0,29.0,88,25,18,111,51,16,92,96,111,13,0
0,21.0,7.0,91,114,108,58,106,68,60,18,58,39,1
0,29.0,32.0,23,63,31,69,49,75,65,62,69,12,0
0,1.0,14.0,65,12,86,32,74,41,45,103,32,27,1
0,18.0,10.0,16,79,41,48,55,7,90,13,48,80,1
0,39.0,2.0,51,49,31,41,101,16,13,75,41,53,0
0,4.0,12.0,60,53,63,86,94,16,13,30,86,74,1
0,18.0,10.0,16,75,51,95,41,88,37,18,95,74,1
0,12.0,4.0,7,65,27,56,49,16,13,75,56,4,0
0,39.0,2.0,13,77,75,98,71,16,40,7,98,90,0
0,1.0,7.0,88,41,36,30,72,91,16,99,30,46,1
0,32.0,21.0,23,79,104,12,9,60,65,75,12,49,0
0,29.0,16.0,7,53,111,59,36,86,51,106,59,34,0
0,1.0,7.0,81,68,13,44,53,30,16,7,44,18,1
0,21.0,32.0,88,63,111,74,6,51,68,86,74,47,0
0,12.0,10.0,31,104,7,63,106,16,37,36,63,13,1
0,16.0,29.0,65,77,64,39,107,16,22,38,39,12,0
0,0.0,23.0,28,73,111,65,36,16,13,4,65,10,1
0,12.0,10.0,16,75,18,33,43,27,13,62,33,35,1
0,4.0,2.0,75,18,16,33,39,88,92,38,33,49,1
0,0.0,23.0,31,104,107,106,95,12,7,110,106,33,0
0,4.0,2.0,27,45,57,81,14,13,16,75,81,9,0
0,21.0,16.0,7,112,104,12,106,23,79,9,12,18,0
0,5.0,14.0,65,89,53,92,7,41,68,60,92,1,0
0,16.0,21.0,7,31,104,63,106,27,28,40,63,74,1
0,5.0,14.0,88,97,13,44,31,7,92,45,44,46,1
0,32.0,7.0,23,68,41,25,109,31,69,63,25,106,0
0,7.0,32.0,31,69,107,10,104,41,111,109,10,34,0
0,12.0,18.0,91,65,87,49,81,92,13,88,49,94,1
0,23.0,10.0,107,43,87,65,95,5,29,25,65,28,1
0,39.0,0.0,28,73,111,65,43,16,13,36,65,8,1
0,0.0,39.0,88,73,50,4,51,27,23,77,4,53,1
0,10.0,23.0,31,41,62,25,98,50,43,16,25,18,0
0,18.0,12.0,91,84,77,49,39,16,13,92,49,43,1
0,7.0,14.0,7,77,89,9,87,60,86,41,9,98,0
0,1.0,16.0,27,60,13,61,54,90,51,65,61,99,0
0,14.0,7.0,7,60,5,18,55,13,16,91,18,36,1
0,5.0,29.0,60,51,111,18,49,7,68,13,18,10,1
0,12.0,2.0,13,51,53,77,50,16,27,40,77,99,1
0,16.0,1.0,16,41,75,72,45,91,7,36,72,1,1
0,29.0,5.0,60,111,7,18,52,65,77,86,18,9,0
0,0.0,4.0,88,53,50,10,40,7,92,43,10,2,0
0,12.0,2.0,13,6,111,65,51,16,27,55,65,46,1
0,23.0,18.0,60,5,104,95,106,77,65,114,95,112,1
0,4.0,0.0,60,50,97,106,12,71,13,92,106,114,0
0,18.0,23.0,114,65,95,51,36,55,18,75,51,88,1
0,23.0,16.0,100,92,99,63,74,60,77,65,63,73,1
0,16.0,23.0,77,73,32,31,16,90,99,68,31,114,1
0,16.0,23.0,7,87,107,18,25,68,41,28,18,106,0
0,12.0,14.0,9,89,23,53,98,16,87,40,53,76,1
0,14.0,12.0,16,77,87,33,36,107,27,39,33,4,0
0,39.0,1.0,30,65,86,46,12,16,77,51,46,75,0
0,32.0,2.0,89,9,71,43,54,16,27,18,43,17,0
0,4.0,29.0,60,53,50,109,13,89,64,16,109,73,1
0,4.0,29.0,65,89,111,16,61,41,68,23,16,99,1
0,18.0,5.0,23,31,38,95,36,60,5,18,95,25,1
0,18.0,5.0,88,90,7,52,95,41,84,16,52,40,1
0,1.0,16.0,90,99,100,70,13,86,71,36,70,6,1
0,16.0,1.0,30,65,28,81,12,60,77,111,81,73,1
0,1.0,16.0,90,36,30,104,95,86,71,53,104,48,0
0,21.0,14.0,7,68,65,18,106,16,9,112,18,74,1
0,21.0,14.0,13,60,53,112,109,88,68,40,112,9,1
0,0.0,29.0,31,107,36,96,74,5,16,55,96,39,1
0,29.0,0.0,107,79,51,48,76,89,87,7,48,46,0
0,5.0,2.0,60,27,9,81,97,71,39,77,81,82,1
0,5.0,2.0,16,18,68,25,53,97,23,43,25,1,1
0,23.0,12.0,31,104,114,40,12,60,13,5,40,35,0
0,23.0,12.0,31,107,4,55,106,13,16,6,55,76,1
0,23.0,12.0,77,60,114,112,34,107,4,29,112,17,0
0,18.0,4.0,107,43,86,10,29,16,41,37,10,70,0
0,18.0,4.0,107,53,68,41,45,16,87,36,41,47,0
0,21.0,16.0,90,38,71,61,36,62,13,30,61,65,0
0,16.0,21.0,60,65,87,1,13,55,28,111,1,59,1
0,5.0,0.0,97,12,31,106,86,60,65,7,106,99,1
0,5.0,0.0,97,88,112,8,39,23,65,18,8,17,1
0,18.0,16.0,90,38,77,86,43,88,5,40,86,4,0
0,16.0,18.0,84,36,50,47,16,55,28,112,47,41,0
0,18.0,16.0,7,53,40,1,31,68,41,28,1,97,0
0,5.0,23.0,107,43,87,7,41,97,100,27,7,95,1
0,5.0,23.0,88,13,111,73,54,7,68,62,73,70,1
0,4.0,12.0,60,50,38,56,17,107,4,37,56,45,1
0,4.0,12.0,60,50,99,10,57,107,4,87,10,11,0
0,5.0,16.0,7,36,31,10,55,97,23,27,10,44,0
0,5.0,16.0,7,40,59,50,61,65,23,111,50,98,0
0,4.0,16.0,7,90,86,4,80,31,13,107,4,35,1
0,16.0,4.0,7,53,5,40,73,31,13,4,40,109,1
0,16.0,4.0,7,65,30,10,43,53,86,71,10,109,1
0,12.0,16.0,53,28,31,54,95,88,4,5,54,25,0
0,16.0,12.0,31,104,16,39,1,7,40,68,39,73,1
0,12.0,16.0,7,31,55,36,8,40,27,16,36,43,0
0,38.0,42.0,62,92,63,33,102,68,7,19,33,98,1
0,38.0,42.0,27,16,75,82,40,7,31,41,82,98,1
0,38.0,46.0,60,92,22,86,78,6,13,16,86,80,0
0,66.0,56.0,13,30,28,41,9,60,53,87,41,46,1
0,56.0,66.0,13,60,30,54,104,68,107,40,54,18,1
0,66.0,56.0,68,60,65,106,42,41,31,71,106,9,0
0,66.0,38.0,89,53,21,106,102,13,68,71,106,12,1
0,38.0,66.0,13,28,50,12,9,27,88,95,12,34,0
0,56.0,66.0,60,50,65,39,109,23,77,3,39,29,1
0,66.0,56.0,31,71,104,65,9,53,16,64,65,41,0
0,56.0,63.0,68,41,9,40,114,7,31,70,40,11,1
0,63.0,56.0,53,50,16,15,81,65,71,75,15,61,0
0,38.0,10.0,60,40,87,65,17,51,9,63,65,54,1
0,10.0,38.0,62,16,44,36,102,107,27,65,36,109,1
0,38.0,10.0,7,65,112,12,46,92,51,88,12,106,1
0,10.0,62.0,31,65,16,54,74,107,36,112,54,8,0
0,10.0,62.0,7,40,27,46,38,13,107,86,46,15,1
0,10.0,62.0,60,68,33,9,42,107,36,112,9,1,1
0,43.0,28.0,40,7,50,18,78,60,13,12,18,61,0
0,28.0,43.0,68,7,45,81,78,4,107,86,81,114,1
0,57.0,56.0,53,71,64,76,114,68,60,13,76,9,1
0,57.0,56.0,7,31,104,10,88,71,65,77,10,58,0
0,56.0,57.0,7,75,104,9,109,68,41,16,9,98,1
0,57.0,25.0,40,7,37,33,56,114,68,88,33,42,0
0,25.0,57.0,31,65,51,70,25,69,37,88,70,81,1
0,22.0,43.0,60,65,30,8,39,40,36,75,8,41,0
0,43.0,22.0,75,51,57,11,2,7,40,13,11,12,1
0,43.0,31.0,7,92,78,56,38,36,68,88,56,81,0
0,31.0,43.0,7,50,46,81,108,4,107,13,81,106,1
0,71.0,77.0,31,53,92,41,39,64,88,18,41,13,0
0,51.0,47.0,40,68,107,16,1,86,36,51,16,70,1
0,77.0,71.0,40,16,87,7,8,64,107,4,7,33,0
0,47.0,51.0,40,7,50,109,49,86,104,51,109,93,0
0,71.0,77.0,40,36,41,23,101,107,65,68,23,35,1
0,51.0,71.0,40,60,87,53,70,88,36,86,53,81,1
0,71.0,51.0,88,86,9,1,102,40,68,16,1,82,0
0,43.0,13.0,53,7,4,1,50,13,88,36,1,80,0
0,43.0,13.0,53,88,68,81,4,13,64,62,81,38,0
0,28.0,31.0,7,75,35,81,104,36,88,27,81,94,0
0,31.0,28.0,36,60,91,65,59,7,50,4,65,12,1
0,39.0,36.0,60,30,51,81,11,53,71,4,81,46,1
0,39.0,36.0,60,65,3,63,106,53,30,8,63,114,1
0,6.0,40.0,88,13,64,95,112,92,7,46,95,108,1
0,40.0,6.0,40,27,32,54,49,88,68,9,54,98,0
0,8.0,56.0,91,71,55,61,10,40,31,107,61,104,1
0,8.0,56.0,88,65,64,9,42,7,36,75,9,4,1
0,20.0,34.0,68,107,55,45,42,58,104,40,45,35,0
0,34.0,20.0,90,40,91,61,19,88,53,64,61,98,0
0,34.0,20.0,31,65,45,1,58,90,36,7,1,80,0
0,29.0,83.0,60,89,75,57,109,16,9,55,57,39,0
0,29.0,83.0,88,36,92,93,30,7,40,27,93,4,1
0,29.0,83.0,7,13,64,80,65,60,9,75,80,93,0
0,7.0,49.0,53,28,50,54,49,30,65,69,54,70,0
0,49.0,7.0,69,30,9,44,57,68,16,55,44,42,0
0,49.0,7.0,31,13,100,93,104,68,92,7,93,18,1
0,17.0,9.0,91,19,13,30,15,41,68,23,30,22,1
0,9.0,17.0,60,87,51,39,81,7,3,95,39,94,0
0,21.0,19.0,7,68,12,36,65,107,40,27,36,1,1
0,21.0,19.0,53,28,27,70,25,7,68,18,70,51,1
0,39.0,49.0,31,65,40,86,39,68,100,63,86,12,1
0,39.0,49.0,60,36,30,44,39,13,71,55,44,54,1
0,6.0,83.0,60,86,92,13,48,40,7,4,13,74,1
0,83.0,6.0,31,53,107,10,13,9,89,64,10,106,0
0,49.0,83.0,88,53,86,74,81,40,107,4,74,51,0
0,8.0,20.0,91,19,3,61,9,68,7,114,61,95,1
0,8.0,20.0,60,7,64,95,9,53,71,86,95,34,0
0,20.0,8.0,60,7,75,63,45,31,78,107,63,35,1
0,31.0,22.0,64,60,78,38,12,53,71,30,38,45,1
0,21.0,17.0,7,101,88,8,25,51,36,3,8,2,1
0,17.0,21.0,7,31,47,12,2,51,87,4,12,25,1
0,28.0,13.0,60,13,50,42,7,107,31,4,42,49,1
0,21.0,17.0,53,87,6,63,74,71,68,13,63,92,0
0,28.0,13.0,40,71,13,54,112,53,62,30,54,10,0
0,2.0,43.0,40,28,59,111,13,50,62,55,111,47,1
0,43.0,2.0,60,86,65,109,43,71,13,87,109,67,0
0,61.0,54.0,86,62,55,63,44,89,9,112,63,45,0
0,61.0,54.0,62,92,69,106,109,71,87,97,106,47,1
0,36.0,7.0,60,106,7,109,112,92,71,98,109,25,1
0,36.0,7.0,107,55,3,46,77,40,60,111,46,114,1
0,29.0,40.0,88,36,87,63,9,27,92,16,63,8,0
0,29.0,40.0,60,53,87,54,12,40,88,39,54,109,1
0,29.0,40.0,40,62,75,18,47,36,68,39,18,63,1
0,56.0,34.0,31,36,7,69,35,107,40,87,69,73,0
0,34.0,56.0,53,7,75,12,13,69,3,20,12,46,1
0,9.0,19.0,88,87,95,65,4,7,68,18,65,114,0
0,19.0,9.0,60,68,13,70,25,40,7,71,70,1,0
0,2.0,13.0,31,88,69,43,16,36,60,5,43,92,1
0,9.0,19.0,68,41,9,23,33,88,87,7,23,35,0
0,2.0,13.0,7,13,50,109,58,53,64,88,109,17,0
0,29.0,49.0,60,53,87,114,74,40,7,112,114,18,1
0,29.0,49.0,60,65,64,18,9,7,68,81,18,34,1
0,36.0,83.0,27,100,54,2,25,4,107,65,2,106,0
0,36.0,83.0,60,65,75,39,15,86,114,23,39,89,0
0,34.0,21.0,68,107,18,55,39,58,3,7,55,95,0
0,21.0,34.0,53,7,77,61,64,71,40,3,61,18,1
0,22.0,13.0,60,65,75,94,41,68,16,13,94,47,0
0,8.0,19.0,53,28,87,109,39,71,68,12,109,104,0
0,13.0,22.0,71,65,86,9,46,68,7,13,9,93,1
0,19.0,8.0,53,28,3,1,9,71,68,13,1,46,0
0,22.0,2.0,36,53,16,87,4,60,50,45,87,38,0
0,2.0,22.0,60,112,104,4,12,53,23,75,4,17,0
0,8.0,19.0,7,65,31,70,35,107,36,87,70,58,0
0,39.0,6.0,60,36,27,98,1,13,7,87,98,82,0
0,39.0,6.0,65,16,27,47,41,111,13,23,47,48,0
0,29.0,83.0,16,75,55,39,114,7,68,36,39,47,1
0,83.0,29.0,88,75,39,15,104,7,68,81,15,92,0
0,17.0,20.0,51,87,18,65,13,90,78,77,65,95,1
0,17.0,20.0,53,87,41,23,68,91,19,30,23,77,0
0,17.0,20.0,53,101,16,13,18,78,31,51,13,46,0
0,21.0,19.0,68,58,23,39,18,31,41,51,39,13,0
0,21.0,19.0,7,111,55,113,9,68,40,107,113,73,0
0,2.0,28.0,36,86,107,54,39,40,7,50,54,109,1
0,28.0,2.0,60,50,47,51,80,107,4,87,51,78,0
0,22.0,61.0,60,13,75,58,1,71,68,55,58,109,1
0,61.0,22.0,60,68,41,63,111,36,65,100,63,1,0
0,29.0,39.0,60,68,41,92,9,7,36,39,92,109,1
0,39.0,29.0,88,13,65,18,27,7,68,81,18,15,1
0,39.0,29.0,7,75,96,93,25,68,13,65,93,63,0
0,29.0,6.0,60,92,9,54,89,88,27,39,54,10,0
0,29.0,6.0,31,13,16,1,53,9,89,64,1,95,0
0,17.0,19.0,68,7,55,18,9,41,101,51,18,39,1
0,17.0,19.0,51,3,65,39,12,36,87,107,39,1,1
0,31.0,13.0,7,75,78,34,45,68,107,36,34,8,0
0,31.0,13.0,7,13,50,66,56,68,51,4,66,49,0
0,17.0,20.0,60,36,87,66,9,78,31,7,66,61,1
0,31.0,2.0,60,82,30,65,63,53,71,64,65,75,0
0,17.0,20.0,60,36,86,18,23,87,41,7,18,22,1
0,2.0,13.0,64,40,7,6,112,97,23,20,6,35,0
0,31.0,13.0,7,64,78,62,46,68,23,51,62,10,0
0,61.0,54.0,40,36,68,109,23,86,88,45,109,13,0
0,22.0,54.0,68,36,28,65,109,31,13,7,65,113,0
0,54.0,22.0,86,65,7,98,52,53,100,87,98,45,1
0,26.0,4.0,31,69,28,36,56,55,26,16,36,9,0
0,4.0,26.0,68,49,108,23,81,107,13,50,23,18,1
0,32.0,51.0,88,13,111,18,9,68,28,54,18,49,1
0,51.0,32.0,7,65,111,70,25,36,68,23,70,48,0
0,57.0,38.0,36,31,20,63,43,91,7,114,63,35,1
0,42.0,25.0,40,71,111,59,16,31,88,51,59,63,0
0,38.0,57.0,53,68,88,40,114,62,36,21,40,8,0
0,25.0,42.0,40,60,26,81,72,68,88,63,81,34,1
0,1.0,25.0,40,69,30,74,81,58,3,100,74,61,1
0,25.0,1.0,3,58,107,45,109,40,36,60,45,74,0
0,13.0,35.0,89,9,111,13,44,40,31,7,13,49,1
0,13.0,35.0,40,64,88,1,107,53,36,7,1,73,1
0,28.0,2.0,60,5,70,51,61,31,69,7,51,12,1
0,2.0,28.0,40,65,107,30,80,36,71,50,30,54,1
0,28.0,2.0,68,16,77,81,13,60,75,97,81,106,1
0,11.0,5.0,7,13,112,1,47,31,36,104,1,59,0
0,5.0,11.0,31,65,43,32,106,13,107,27,32,54,1
0,73.0,23.0,88,9,65,79,46,7,68,114,79,97,0
0,25.0,0.0,31,107,45,43,12,36,3,51,43,72,1
0,32.0,26.0,107,111,51,114,43,7,68,13,114,39,1
0,25.0,0.0,31,107,78,77,39,68,60,41,77,74,0
0,23.0,73.0,68,9,16,36,49,65,75,114,36,39,1
0,32.0,26.0,107,111,97,44,20,7,68,18,44,25,1
0,10.0,62.0,31,51,7,1,104,40,88,90,1,4,1
0,0.0,25.0,40,27,85,113,15,36,78,88,113,12,1
0,34.0,3.0,40,60,87,61,107,23,68,13,61,18,1
0,56.0,20.0,60,86,78,13,109,31,40,77,13,106,0
0,10.0,62.0,88,27,13,4,78,31,36,7,4,73,1
0,31.0,2.0,31,51,47,18,108,64,7,13,18,98,0
0,3.0,34.0,53,40,88,9,79,68,107,36,9,39,1
0,56.0,20.0,31,7,69,114,47,36,68,71,114,45,1
0,0.0,10.0,7,9,3,74,114,40,107,111,74,45,1
0,2.0,31.0,53,50,78,12,60,36,71,91,12,106,1
0,25.0,62.0,31,41,13,15,9,68,62,65,15,81,0
0,3.0,34.0,40,107,55,114,37,68,41,60,114,9,1
0,20.0,56.0,31,40,107,54,39,68,7,65,54,1,0
0,10.0,0.0,7,78,30,63,39,40,27,60,63,49,0
0,25.0,62.0,68,41,86,47,49,88,3,7,47,45,0
0,3.0,21.0,23,36,75,44,51,13,7,111,44,47,0
0,56.0,8.0,36,7,111,47,114,88,27,60,47,15,0
0,56.0,8.0,36,111,7,109,51,88,27,13,109,106,0
0,21.0,3.0,40,18,65,3,88,23,41,68,3,13,0
0,21.0,3.0,40,18,3,13,28,23,68,9,13,2,1
0,13.0,2.0,40,107,111,94,13,71,55,87,94,43,0
0,2.0,13.0,40,50,7,1,108,53,60,31,1,73,1
0,32.0,55.0,68,107,41,97,43,7,13,18,97,25,0
0,5.0,4.0,13,111,28,94,56,68,107,97,94,109,1
0,32.0,55.0,68,41,51,40,47,7,13,111,40,25,0
0,5.0,4.0,13,31,23,36,8,97,27,16,36,41,1
0,11.0,51.0,88,36,101,93,55,51,78,112,93,113,1
0,5.0,55.0,31,51,40,114,13,53,7,112,114,1,1
0,11.0,51.0,40,16,87,85,46,30,71,13,85,114,1
0,5.0,55.0,68,41,51,22,106,7,13,27,22,70,0
0,55.0,5.0,68,65,18,61,71,7,53,111,61,106,1
0,26.0,73.0,23,65,50,95,39,31,7,54,95,106,0
0,55.0,5.0,53,7,27,114,11,88,68,63,114,17,0
0,26.0,73.0,65,75,9,61,60,63,7,68,61,29,1
0,21.0,18.0,53,88,111,13,95,71,36,64,13,46,1
0,26.0,73.0,68,41,86,43,97,7,63,114,43,74,1
0,55.0,5.0,53,23,111,39,81,68,41,107,39,114,1
0,17.0,8.0,40,27,16,76,57,41,101,51,76,35,1
0,18.0,21.0,91,53,18,23,114,40,7,87,23,47,0
0,10.0,62.0,31,88,12,45,69,36,65,71,45,51,1
0,13.0,2.0,40,7,64,56,43,50,60,18,56,92,1
0,10.0,1.0,3,51,78,61,13,40,7,68,61,46,0
0,57.0,0.0,7,78,20,109,76,68,88,38,109,113,1
0,1.0,10.0,40,87,6,65,51,86,78,58,65,113,1
0,43.0,31.0,53,75,107,35,93,7,65,70,35,36,0
0,2.0,13.0,60,31,16,70,92,68,7,58,70,64,0
0,0.0,57.0,88,38,64,1,101,68,107,36,1,2,1
0,43.0,31.0,68,108,69,54,47,60,75,65,54,63,0
0,21.0,17.0,51,87,38,61,12,68,40,23,61,73,1
0,57.0,0.0,53,7,30,41,39,71,68,77,41,46,1
0,13.0,2.0,40,88,75,65,76,36,23,86,65,82,1
0,17.0,21.0,68,40,18,23,33,51,87,7,23,39,1
0,68.0,14.0,91,88,80,106,69,68,7,38,106,42,0
0,21.0,17.0,51,87,7,25,18,91,40,16,25,17,0
0,35.0,2.0,31,88,63,114,13,60,65,68,114,43,1
0,68.0,14.0,60,64,13,108,114,71,87,97,108,1,0
0,35.0,2.0,7,68,18,38,17,91,64,53,38,76,1
0,28.0,13.0,40,51,27,1,39,68,7,55,1,18,0
0,28.0,13.0,7,31,55,1,78,68,107,13,1,4,1
0,28.0,13.0,60,65,50,77,39,71,64,54,77,17,0
0,78.0,81.0,68,7,107,106,63,16,41,51,106,74,0
0,51.0,75.0,65,16,92,8,106,41,87,23,8,52,1
0,59.0,77.0,88,65,27,73,77,89,9,87,73,54,1
0,44.0,71.0,75,23,104,39,8,9,65,64,39,114,1
0,23.0,4.0,60,36,50,81,38,107,9,43,81,16,1
0,59.0,55.0,65,75,97,76,114,68,41,107,76,9,0
0,44.0,30.0,88,7,101,81,43,68,41,107,81,18,0
0,4.0,23.0,53,107,86,9,36,100,30,106,9,103,1
0,23.0,4.0,60,68,29,54,49,107,9,65,54,70,0
0,32.0,5.0,68,41,51,36,11,7,27,104,36,1,0
0,50.0,49.0,36,23,9,25,92,88,68,40,25,95,0
0,50.0,49.0,31,28,69,114,11,53,84,26,114,47,0
0,3.0,19.0,68,36,23,109,16,41,7,101,109,22,1
0,34.0,66.0,68,60,9,16,63,7,111,39,16,6,1
0,57.0,1.0,53,30,107,98,43,91,62,36,98,104,1
0,66.0,34.0,31,36,7,61,55,53,64,71,61,98,0
0,3.0,19.0,7,65,4,9,3,31,13,28,9,25,1
0,1.0,57.0,91,51,104,11,41,3,88,13,11,109,1
0,90.0,19.0,58,60,112,44,23,56,84,91,44,4,0
0,1.0,57.0,53,51,86,114,17,22,71,13,114,109,1
0,65.0,63.0,53,71,20,74,63,65,107,50,74,77,1
0,38.0,33.0,91,69,100,17,54,7,50,106,17,13,0
0,38.0,33.0,62,40,112,43,18,91,71,69,43,63,1
0,38.0,33.0,68,41,107,9,63,40,16,111,9,88,0
0,88.0,13.0,68,41,16,112,47,88,64,97,112,76,0
0,31.0,14.0,53,75,86,35,108,91,36,64,35,44,1
0,43.0,68.0,40,7,27,12,92,71,68,4,12,64,0
0,28.0,35.0,40,60,111,18,13,68,7,55,18,47,0
0,31.0,14.0,31,23,97,106,80,91,19,64,106,104,0
0,43.0,68.0,53,71,68,114,49,91,88,77,114,17,0
0,28.0,35.0,68,65,16,13,42,71,64,111,13,1,0
0,31.0,14.0,71,75,81,64,49,87,107,41,64,98,1
0,35.0,2.0,60,68,29,18,45,50,38,28,18,15,1
0,43.0,68.0,64,58,41,100,43,36,71,45,100,75,1
0,31.0,13.0,31,65,28,18,49,91,19,75,18,29,1
0,47.0,55.0,68,41,51,13,97,16,27,81,13,4,1
0,45.0,30.0,60,9,92,4,98,107,55,64,4,1,0
0,58.0,73.0,60,86,38,12,106,65,114,27,12,13,0
0,70.0,24.0,40,68,16,53,78,60,47,111,53,109,1
0,43.0,68.0,60,30,57,25,81,53,64,4,25,15,1
0,2.0,35.0,60,65,68,18,58,31,7,88,18,4,1
0,13.0,31.0,53,75,86,108,76,71,36,50,108,56,1
0,58.0,73.0,16,86,97,44,75,68,41,114,44,49,1
0,45.0,30.0,68,41,107,39,95,9,27,114,39,106,1
0,70.0,24.0,65,75,7,49,10,41,111,47,49,22,1
0,2.0,35.0,60,64,114,4,45,53,28,111,4,63,0
0,13.0,31.0,71,75,4,35,45,36,7,31,35,47,1
0,47.0,55.0,68,41,7,76,9,51,111,44,76,39,0
0,45.0,30.0,9,86,69,73,27,40,7,92,73,109,1
0,58.0,73.0,68,60,54,7,74,16,86,65,7,46,1
0,47.0,55.0,60,53,112,22,4,57,40,50,22,17,1
0,45.0,58.0,60,36,3,110,10,16,86,97,110,13,1
0,70.0,47.0,40,51,4,112,36,7,111,47,112,10,1
0,45.0,58.0,9,36,38,112,100,16,86,97,112,68,1
0,70.0,47.0,60,30,80,57,43,64,16,104,57,39,0
0,32.0,26.0,68,65,107,114,43,23,41,87,114,39,1
0,47.0,70.0,60,47,30,53,81,31,69,70,53,45,1
0,29.0,40.0,31,60,4,106,51,13,107,27,106,17,0
0,7.0,6.0,88,40,50,92,38,28,53,87,92,104,1
0,26.0,32.0,7,13,92,76,57,68,41,51,76,97,1
0,45.0,47.0,31,69,47,107,1,36,9,27,107,41,0
0,29.0,40.0,40,89,87,63,9,60,77,111,63,49,0
0,26.0,32.0,7,92,13,6,17,41,68,16,6,49,1
0,7.0,6.0,60,64,13,112,67,88,92,50,112,99,1
0,45.0,47.0,31,51,16,80,47,27,69,7,80,49,1
0,11.0,23.0,53,107,86,106,4,90,71,63,106,36,0
0,49.0,39.0,88,75,4,104,18,13,107,68,104,114,1
0,47.0,45.0,60,9,86,1,34,16,27,43,1,18,0
0,36.0,41.0,60,87,69,18,39,71,75,4,18,47,1
0,23.0,11.0,3,23,40,49,102,43,107,65,49,81,0
0,39.0,49.0,88,65,27,92,6,60,13,86,92,61,1
0,41.0,36.0,88,68,63,39,18,62,50,54,39,76,1
0,23.0,11.0,60,87,13,77,7,23,43,97,77,83,0
0,49.0,39.0,68,107,65,12,13,53,100,111,12,4,1
0,38.0,25.0,40,3,86,43,18,36,88,63,43,81,0
0,18.0,3.0,60,58,111,43,41,40,7,5,43,12,1
0,41.0,36.0,91,65,86,18,15,36,7,87,18,9,1
0,3.0,18.0,31,65,107,25,70,7,36,87,25,39,0
0,0.0,25.0,40,73,104,111,28,86,88,81,111,58,0
0,10.0,57.0,68,36,51,65,54,31,7,78,65,80,0
0,25.0,0.0,31,88,64,114,18,36,27,60,114,109,1
0,57.0,10.0,68,51,86,54,11,88,40,64,54,109,1
0,17.0,8.0,88,111,38,59,22,7,101,41,59,19,1
0,21.0,34.0,68,107,65,45,63,58,27,114,45,9,0
0,35.0,14.0,40,68,7,64,25,31,23,108,64,56,0
0,8.0,17.0,53,3,58,61,95,88,87,12,61,73,1
0,34.0,21.0,31,45,7,55,1,58,36,3,55,35,1
0,14.0,35.0,71,13,87,61,44,68,51,63,61,73,1
0,65.0,10.0,53,62,112,49,114,111,73,16,49,76,0
0,17.0,8.0,88,36,75,7,104,87,41,91,7,46,1
0,31.0,13.0,36,71,112,63,13,53,69,50,63,49,0
0,31.0,13.0,71,75,4,65,42,7,13,37,65,38,1
0,31.0,13.0,64,53,107,35,41,86,4,50,35,17,1
0,14.0,35.0,40,60,68,65,39,62,4,30,65,54,1
0,35.0,14.0,40,60,87,4,56,108,68,88,4,61,1
0,14.0,35.0,40,60,111,36,114,71,87,55,36,1,1
0,68.0,2.0,64,65,91,12,13,36,51,111,12,106,0
0,68.0,2.0,60,65,112,13,56,31,100,38,13,88,0
0,13.0,35.0,7,68,108,81,9,75,71,53,81,94,1
0,35.0,13.0,7,50,43,1,51,60,64,41,1,44,1
0,43.0,28.0,60,65,50,18,43,36,71,75,18,53,1
0,35.0,13.0,31,4,16,8,45,71,13,50,8,114,1
0,28.0,43.0,31,7,12,108,92,68,13,41,108,64,1
0,28.0,43.0,68,7,108,63,49,64,60,13,63,106,0
0,26.0,11.0,88,114,112,4,76,7,92,97,4,40,0
0,78.0,81.0,65,107,30,47,1,16,41,40,47,76,1
0,7.0,40.0,31,13,28,104,73,16,86,99,104,11,1
0,26.0,11.0,13,107,50,61,77,60,26,43,61,106,0
0,7.0,40.0,31,51,96,11,58,88,40,68,11,47,0
0,1.0,33.0,88,36,62,106,80,51,31,16,106,54,1
0,51.0,55.0,7,75,70,76,14,68,41,51,76,9,0
0,47.0,71.0,31,69,36,109,100,75,9,23,109,34,1
0,24.0,48.0,40,60,13,110,63,51,30,84,110,17,1
0,30.0,77.0,7,40,64,114,17,51,92,86,114,11,1
0,7.0,40.0,60,111,63,41,74,40,92,68,41,81,0
0,1.0,33.0,51,40,101,41,25,3,36,107,41,59,1
0,4.0,5.0,53,7,68,114,76,71,112,69,114,47,0
0,49.0,41.0,31,63,16,104,92,68,107,13,104,109,0
0,5.0,4.0,31,16,65,36,94,13,71,112,36,76,0
0,49.0,41.0,40,16,111,39,65,63,86,36,39,47,0
0,63.0,72.0,91,71,104,80,9,68,41,107,80,108,0
0,18.0,17.0,31,7,40,57,36,41,101,62,57,35,1
0,5.0,4.0,31,65,88,63,25,97,16,112,63,9,0
0,72.0,63.0,53,60,30,35,102,65,64,107,35,98,0
0,18.0,17.0,60,87,63,66,25,31,58,23,66,47,0
0,1.0,0.0,31,108,91,19,9,53,86,3,19,106,0
0,63.0,72.0,53,71,58,6,104,64,65,107,6,81,1
0,18.0,17.0,51,30,65,4,22,87,58,107,4,73,1
0,0.0,1.0,86,40,45,66,63,31,65,100,66,41,0
0,34.0,20.0,60,36,27,58,9,40,51,45,58,8,0
0,1.0,0.0,88,31,13,109,15,91,19,68,109,7,1
0,31.0,14.0,71,75,45,1,97,13,7,37,1,114,0
0,34.0,20.0,90,38,87,35,4,68,107,45,35,12,0
0,31.0,14.0,31,13,71,56,45,91,19,50,56,59,0
0,14.0,43.0,64,60,77,61,47,68,7,38,61,18,1
0,13.0,31.0,7,53,87,47,114,68,107,108,47,95,0
0,43.0,14.0,40,90,19,38,25,36,71,75,38,17,1
0,13.0,31.0,7,13,37,81,65,68,51,38,81,63,0
0,14.0,43.0,40,60,64,57,70,62,13,87,57,113,0
0,28.0,2.0,13,111,71,1,63,88,65,87,1,73,0
0,28.0,2.0,7,65,68,18,13,31,107,104,18,33,1
0,47.0,59.0,40,16,81,62,76,7,68,23,62,39,0
0,58.0,24.0,40,62,87,34,81,86,16,38,34,18,0
0,30.0,55.0,68,41,43,107,114,9,51,111,107,70,1
0,28.0,2.0,7,65,50,77,94,36,71,75,77,12,1
0,47.0,59.0,40,107,27,33,35,7,68,23,33,1,0
0,58.0,24.0,60,92,7,13,10,27,51,9,13,95,0
0,30.0,55.0,92,86,57,63,47,40,51,27,63,39,0
0,55.0,30.0,51,106,97,64,95,7,53,50,64,18,1
0,59.0,24.0,31,69,107,39,102,36,16,64,39,15,1
0,24.0,59.0,88,36,50,65,109,23,41,47,65,33,1
0,5.0,11.0,7,13,112,12,15,100,3,43,12,63,0
0,24.0,59.0,7,87,16,39,9,68,51,47,39,88,1
0,41.0,40.0,60,36,87,13,93,71,77,68,13,94,1
0,5.0,11.0,100,53,3,43,9,27,114,36,43,39,0
0,55.0,24.0,7,53,86,106,9,51,40,30,106,67,0
0,40.0,41.0,60,27,58,46,18,88,4,75,46,98,0
0,41.0,40.0,88,63,68,98,12,60,75,47,98,114,1
0,55.0,24.0,68,107,104,39,81,62,41,110,39,70,1
0,4.0,11.0,3,65,51,114,113,31,69,23,114,45,1
0,4.0,11.0,53,16,41,75,47,100,90,63,75,49,0
0,4.0,11.0,53,107,13,109,3,23,90,18,109,104,0
0,18.0,20.0,40,86,90,95,38,68,23,18,95,25,1
0,25.0,1.0,88,66,40,39,12,31,36,7,39,6,0
0,18.0,20.0,40,66,86,63,25,31,107,65,63,43,1
0,1.0,25.0,88,45,79,1,114,68,36,86,1,95,1
0,18.0,20.0,36,3,7,8,55,31,65,71,8,4,1
0,14.0,28.0,40,7,111,54,49,68,13,23,54,114,1
0,1.0,25.0,88,36,51,113,64,62,86,69,113,1,1
0,28.0,14.0,31,23,38,80,106,68,41,16,80,65,0
0,60.0,54.0,65,36,50,1,51,31,71,88,1,114,0
0,54.0,60.0,31,13,7,63,9,71,65,27,63,1,1
0,13.0,43.0,40,75,107,12,102,68,23,39,12,18,1
0,60.0,54.0,31,65,107,46,95,3,51,13,46,12,1
0,43.0,13.0,36,71,50,65,54,53,64,4,65,41,0
0,60.0,54.0,64,65,62,4,9,36,68,88,4,74,0
0,13.0,31.0,91,19,37,96,13,68,71,15,96,4,0
0,13.0,31.0,7,68,13,63,98,91,19,37,63,4,0
0,40.0,36.0,31,89,4,96,106,41,68,13,96,114,1
0,36.0,40.0,40,28,3,69,1,36,68,7,69,4,0
0,18.0,20.0,60,111,40,25,70,36,31,18,25,47,1
0,57.0,1.0,53,66,107,106,114,68,71,13,106,76,0
0,63.0,62.0,68,7,86,6,9,88,65,64,6,25,0
0,18.0,20.0,71,68,48,73,51,26,69,40,73,114,1
0,1.0,57.0,53,36,60,31,73,22,71,69,31,82,1
0,63.0,62.0,68,53,16,41,13,3,88,9,41,74,1
0,17.0,21.0,87,65,7,36,9,58,40,75,36,93,0
0,63.0,62.0,68,41,28,47,113,53,16,75,47,39,0
0,21.0,17.0,7,101,96,12,25,58,75,69,12,9,1
0,28.0,31.0,64,53,86,47,114,31,23,108,47,8,0
0,68.0,35.0,60,13,112,4,33,91,19,64,4,98,0
0,35.0,68.0,91,4,68,81,33,31,63,23,81,78,1
0,13.0,35.0,64,71,114,45,49,50,60,97,45,47,0
0,35.0,13.0,64,88,45,12,5,31,13,4,12,41,0
0,13.0,35.0,40,71,87,12,43,86,45,78,12,1,0
0,39.0,29.0,7,77,92,50,25,60,86,36,50,4,0
0,39.0,7.0,91,19,3,102,69,40,60,36,102,114,0
0,29.0,6.0,60,36,58,88,9,71,53,50,88,109,0
0,39.0,7.0,91,19,3,69,114,63,30,23,69,98,0
0,29.0,6.0,60,58,114,13,48,88,53,5,13,12,0
0,7.0,6.0,88,50,9,98,45,31,40,7,98,1,0
0,7.0,6.0,88,31,102,80,13,84,40,114,80,98,0
0,25.0,38.0,31,60,114,51,45,36,88,3,51,13,0
0,57.0,37.0,88,91,18,4,3,51,75,9,4,95,1
0,38.0,25.0,68,60,114,51,36,97,71,22,51,111,0
0,29.0,39.0,7,77,92,49,50,86,60,39,49,58,0
0,57.0,37.0,36,91,64,38,59,31,65,107,38,63,1
0,38.0,25.0,60,36,52,54,7,71,87,51,54,15,1
0,18.0,21.0,68,18,71,65,9,53,88,75,65,106,1
0,86.0,10.0,7,55,64,106,77,40,107,114,106,78,0
0,1.0,0.0,107,65,30,109,25,66,36,86,109,74,1
0,18.0,21.0,31,65,69,12,7,36,88,3,12,6,1
0,86.0,10.0,31,13,54,16,9,40,65,107,16,46,0
0,0.0,1.0,31,86,39,1,13,78,64,36,1,73,0
0,17.0,20.0,58,87,53,106,114,69,31,19,106,25,0
0,25.0,37.0,68,51,4,9,69,88,60,111,9,113,0
0,31.0,2.0,91,99,3,38,17,31,13,28,38,98,0
0,20.0,17.0,58,87,53,6,74,69,31,9,6,62,1
0,86.0,62.0,40,65,9,61,28,31,58,107,61,73,0
0,25.0,37.0,60,36,110,106,86,51,64,4,106,43,0
0,2.0,31.0,31,13,71,54,45,91,19,37,54,63,1
0,62.0,86.0,40,31,7,12,69,36,68,65,12,63,1
0,22.0,69.0,31,88,13,73,78,90,86,108,73,98,1
0,69.0,22.0,31,88,65,41,10,23,36,38,41,12,0
0,68.0,31.0,60,77,50,64,49,91,71,4,64,70,0
0,31.0,68.0,64,53,51,6,13,68,4,7,6,44,1
0,32.0,24.0,88,51,70,87,11,68,7,104,87,76,0
0,32.0,24.0,88,53,87,9,72,16,86,4,9,17,0
0,26.0,23.0,43,107,87,69,9,65,75,88,69,70,0
0,26.0,23.0,107,40,87,49,9,23,26,39,49,106,1
0,26.0,23.0,43,88,100,55,114,39,111,53,55,7,0
0,23.0,24.0,88,65,50,44,39,53,114,84,44,25,0
0,7.0,39.0,31,73,107,55,65,13,16,36,55,102,1
0,24.0,23.0,40,114,97,95,86,88,87,47,95,4,0
0,39.0,7.0,88,55,3,61,73,60,40,111,61,98,0
0,24.0,23.0,88,37,41,76,108,97,87,51,76,70,1
0,6.0,7.0,88,58,3,9,1,50,38,62,9,4,1
0,38.0,57.0,31,36,71,76,41,86,51,65,76,46,0
0,7.0,6.0,88,3,114,102,106,89,9,87,102,69,1
0,57.0,38.0,53,60,86,39,42,68,18,23,39,12,0
0,57.0,38.0,53,86,45,71,6,36,68,23,71,81,1
0,7.0,6.0,60,87,36,1,97,89,13,3,1,69,0
0,20.0,21.0,40,65,86,15,25,68,36,88,15,63,0
0,6.0,7.0,88,65,86,109,25,31,114,23,109,104,0
0,21.0,20.0,68,41,86,72,43,40,88,27,72,1,0
0,38.0,62.0,31,9,107,1,65,45,51,64,1,54,1
0,20.0,21.0,68,41,107,4,72,40,88,87,4,2,0
0,57.0,10.0,60,65,86,106,114,36,3,7,106,69,1
0,6.0,7.0,31,1,14,106,40,16,65,58,106,25,1
0,18.0,21.0,91,36,51,18,88,87,40,69,18,114,1
0,10.0,57.0,68,36,23,2,109,31,51,77,2,106,1
0,2.0,35.0,60,45,75,4,46,71,13,68,4,43,1
0,28.0,31.0,31,108,7,12,15,53,71,64,12,35,0
0,18.0,21.0,68,53,63,51,13,31,41,65,51,72,1
0,28.0,31.0,31,88,70,55,80,53,71,87,55,64,0
0,10.0,57.0,88,40,3,69,113,68,51,54,69,9,1
0,35.0,2.0,71,45,75,44,78,88,64,68,44,39,0
0,18.0,21.0,68,69,65,42,104,40,41,101,42,76,1
0,35.0,31.0,91,60,45,76,56,38,68,23,76,61,0
0,35.0,31.0,64,71,37,81,78,60,45,4,81,98,0
0,2.0,31.0,64,60,87,106,99,86,4,13,106,47,0
0,22.0,54.0,3,65,7,114,9,36,62,75,114,13,1
0,22.0,54.0,3,51,9,4,16,75,62,39,4,104,0
0,2.0,31.0,64,82,7,75,63,53,71,13,75,6,0
0,5.0,11.0,90,18,107,94,16,100,43,97,94,1,0
0,22.0,54.0,60,45,50,12,47,31,36,88,12,4,0
0,5.0,11.0,43,107,114,33,64,100,90,97,33,25,1
0,5.0,11.0,3,63,86,49,55,65,114,7,49,11,1
0,45.0,15.0,43,107,41,31,114,27,7,18,31,22,0
0,45.0,15.0,43,107,55,87,8,65,75,100,87,27,1
0,45.0,15.0,107,31,69,36,61,43,27,110,36,2,0
0,15.0,5.0,7,11,45,33,56,107,43,114,33,96,1
0,5.0,15.0,114,7,49,37,57,55,107,17,37,15,1
0,9.0,8.0,88,36,64,98,40,91,100,69,98,4,0
0,5.0,15.0,114,88,86,55,13,107,64,41,55,9,1
0,21.0,34.0,31,36,107,55,63,40,58,3,55,1,1
0,8.0,9.0,60,36,50,73,72,71,40,58,73,95,0
0,34.0,21.0,31,45,100,104,63,40,58,3,104,73,0
0,9.0,8.0,71,70,66,7,4,100,58,13,7,34,1
0,86.0,63.0,40,7,111,114,45,36,16,86,114,8,0
0,3.0,17.0,31,41,91,19,114,69,87,36,19,47,0
0,86.0,63.0,40,60,55,87,35,36,16,50,87,81,0
0,17.0,3.0,31,7,42,14,25,41,68,16,14,13,0
0,3.0,17.0,31,7,14,12,13,41,68,16,12,4,0
0,34.0,8.0,53,40,27,23,95,68,107,9,23,12,1
0,60.0,22.0,60,87,8,49,88,65,75,69,49,109,1
0,10.0,0.0,31,78,86,4,106,68,88,98,4,76,0
0,22.0,60.0,31,69,106,109,107,71,13,50,109,40,0
0,8.0,34.0,31,45,107,55,18,7,36,3,55,65,1
0,0.0,10.0,68,51,114,11,7,78,27,107,11,74,1
0,8.0,34.0,60,3,13,4,10,40,31,7,4,61,1
0,13.0,31.0,64,88,108,73,39,13,112,71,73,8,1
0,13.0,31.0,88,13,112,69,81,71,53,87,69,7,1
0,35.0,2.0,64,91,18,107,9,88,45,68,107,43,1
0,54.0,22.0,68,45,63,51,69,36,75,65,51,81,0
0,2.0,35.0,88,13,31,15,33,91,71,114,15,49,1
0,22.0,54.0,71,36,27,76,7,68,13,23,76,56,1
0,26.0,32.0,31,41,107,75,109,13,69,43,75,61,1
0,45.0,11.0,88,90,18,39,7,53,27,107,39,47,0
0,35.0,2.0,64,88,108,45,81,71,53,87,45,47,1
0,26.0,15.0,43,31,41,70,16,107,104,110,70,22,0
0,11.0,23.0,88,53,65,76,40,107,43,37,76,55,1
0,26.0,15.0,43,107,87,65,36,41,31,86,65,45,0
0,23.0,11.0,40,31,7,95,23,68,41,100,95,17,0
0,4.0,11.0,68,41,107,112,13,53,23,20,112,76,0
0,29.0,7.0,91,19,71,102,108,60,39,86,102,98,1
0,40.0,6.0,31,28,40,4,106,36,86,66,4,43,1
0,4.0,11.0,100,53,3,6,17,107,43,30,6,61,0
0,29.0,7.0,91,65,86,11,80,68,16,41,11,104,1
0,49.0,41.0,40,107,65,12,87,86,60,39,12,98,1
0,40.0,6.0,31,65,9,14,41,36,7,87,14,17,0
0,49.0,41.0,88,75,39,9,51,68,7,36,9,47,0
0,5.0,23.0,107,40,111,97,41,60,65,36,97,73,0
0,40.0,6.0,31,14,92,1,13,16,41,58,1,73,0
0,41.0,49.0,88,36,30,18,13,53,107,27,18,11,1
0,5.0,23.0,107,43,63,33,64,40,114,65,33,110,1
0,7.0,36.0,31,73,86,104,55,40,7,39,104,114,1
0,39.0,40.0,88,68,13,81,114,4,86,51,81,72,1
0,5.0,23.0,107,43,37,54,104,40,114,65,54,7,0
0,40.0,39.0,60,40,5,4,39,7,3,58,4,34,0
0,6.0,29.0,7,58,9,106,68,40,86,51,106,54,0
0,20.0,3.0,53,3,28,54,4,60,65,9,54,95,0
0,17.0,56.0,31,7,65,98,94,41,101,69,98,22,0
0,21.0,9.0,68,18,107,55,39,53,60,3,55,95,1
0,4.0,5.0,53,16,41,110,74,100,112,36,110,77,1
0,3.0,20.0,68,53,13,109,7,41,60,30,109,55,0
0,39.0,7.0,88,55,50,92,109,40,3,54,92,39,0
0,25.0,19.0,68,107,58,73,20,88,40,111,73,21,0
0,56.0,17.0,31,7,6,39,9,88,45,53,39,44,0
0,5.0,4.0,100,13,64,94,54,114,65,43,94,1,1
0,21.0,9.0,68,40,16,81,98,53,60,86,81,109,1
0,3.0,20.0,68,13,86,81,114,53,60,3,81,94,1
0,39.0,7.0,60,58,5,12,9,86,66,96,12,52,0
0,19.0,25.0,88,114,51,90,63,69,87,65,90,4,0
0,5.0,4.0,60,112,68,41,17,65,114,7,41,1,1
0,25.0,19.0,68,65,60,39,12,84,114,111,39,1,0
0,0.0,27.0,53,58,3,36,47,108,107,5,36,81,1
0,56.0,8.0,58,16,13,54,23,3,7,39,54,8,0
0,3.0,9.0,53,40,87,61,7,64,13,4,61,73,1
0,27.0,0.0,31,65,86,72,106,53,66,64,72,13,0
0,9.0,3.0,40,58,87,16,6,68,107,13,16,47,1
0,10.0,57.0,51,40,13,107,6,16,68,41,107,55,1
0,3.0,9.0,40,69,5,9,45,58,27,70,9,35,1
0,17.0,21.0,31,18,66,38,39,53,68,69,38,13,1
0,57.0,10.0,40,60,65,6,33,51,27,114,6,58,0
0,21.0,17.0,31,7,66,6,46,68,41,23,6,47,1
0,3.0,8.0,53,86,87,9,61,3,7,13,9,95,1
0,21.0,17.0,51,75,9,2,18,41,68,88,2,65,1
0,8.0,3.0,60,65,3,61,72,68,36,23,61,7,1
0,35.0,13.0,13,30,38,10,100,64,86,16,10,44,0
0,60.0,22.0,53,7,8,13,30,71,65,90,13,106,0
0,8.0,3.0,7,3,4,81,104,53,88,9,81,114,1
0,13.0,35.0,13,71,64,65,12,45,107,38,65,8,0
0,13.0,35.0,88,36,37,104,63,64,71,65,104,95,1
0,2.0,31.0,88,13,112,114,38,7,53,37,114,81,1
0,31.0,2.0,64,47,60,50,77,88,13,112,50,114,0
0,15.0,11.0,88,65,114,74,69,23,43,63,74,41,0
0,5.0,24.0,40,87,23,4,17,55,51,64,4,49,1
0,15.0,11.0,107,65,18,61,55,100,43,87,61,108,1
0,5.0,24.0,40,51,30,13,8,55,64,16,13,77,1
0,15.0,11.0,3,43,40,58,45,65,114,31,58,63,0
0,24.0,11.0,88,65,69,39,54,51,11,41,39,111,0
0,24.0,11.0,88,65,76,114,102,41,68,60,114,45,0
0,7.0,29.0,7,9,40,68,80,91,3,114,68,19,1
0,29.0,7.0,88,3,9,65,6,7,68,40,65,61,1
0,23.0,11.0,31,97,114,4,65,88,43,41,4,15,0
0,29.0,7.0,88,63,111,76,29,91,65,86,76,11,1
0,11.0,23.0,3,114,89,46,9,41,68,51,46,63,1
0,29.0,6.0,88,98,111,104,113,89,9,3,104,4,1
0,5.0,23.0,107,43,55,18,92,65,114,7,18,9,1
0,29.0,6.0,88,58,13,61,20,60,40,111,61,106,0
0,5.0,23.0,114,111,63,100,106,65,7,113,100,17,1
0,29.0,6.0,60,14,13,97,44,88,58,68,97,25,0
0,8.0,17.0,31,88,19,91,81,3,7,69,91,94,1
0,62.0,33.0,7,30,65,109,9,40,86,75,109,74,0
0,10.0,27.0,53,66,71,1,34,36,64,62,1,80,1
0,17.0,8.0,60,20,69,10,9,87,41,58,10,61,1
0,27.0,10.0,31,77,51,16,9,40,53,7,16,46,0
0,33.0,62.0,40,64,88,41,74,30,51,45,41,1,0
0,8.0,17.0,87,88,53,6,21,3,7,114,6,9,1
0,62.0,33.0,7,65,64,109,39,53,51,112,109,74,0
0,0.0,10.0,53,27,7,76,69,108,107,112,76,56,0
0,8.0,21.0,7,53,31,114,9,51,68,44,114,25,0
0,33.0,19.0,31,16,55,41,12,69,40,65,41,1,0
0,10.0,0.0,27,78,86,12,39,40,51,26,12,82,0
0,19.0,33.0,7,65,64,47,95,31,69,88,47,93,1
0,10.0,0.0,40,27,7,6,33,86,69,13,6,113,0
0,35.0,2.0,13,71,37,45,81,60,36,64,45,108,1
0,21.0,8.0,7,75,13,46,70,68,51,9,46,113,0
0,35.0,2.0,71,31,65,54,46,45,88,5,54,41,1
0,10.0,0.0,91,65,68,43,18,7,36,75,43,102,1
0,21.0,8.0,7,31,53,47,4,51,75,69,47,25,0
0,10.0,0.0,86,107,4,29,63,60,77,65,29,15,0
0,35.0,13.0,88,31,69,46,96,62,13,3,46,73,0
0,13.0,35.0,40,31,107,106,18,13,30,23,106,33,0
0,35.0,13.0,45,5,16,1,106,13,31,107,1,44,1
0,35.0,13.0,40,37,7,18,106,31,71,55,18,56,0
0,35.0,13.0,40,60,87,4,54,71,55,64,4,48,1
0,5.0,11.0,53,60,30,1,36,64,114,107,1,106,0
0,5.0,11.0,68,51,113,49,55,3,114,100,49,8,0
0,5.0,11.0,114,7,27,61,70,88,43,31,61,108,0
0,63.0,25.0,88,40,64,114,76,107,68,104,114,9,1
0,25.0,63.0,68,107,65,98,92,88,81,75,98,21,1
0,63.0,25.0,68,7,104,54,11,88,81,87,54,21,0
0,22.0,54.0,75,13,62,39,8,65,114,107,39,80,1
0,18.0,21.0,58,87,107,56,114,40,69,30,56,53,1
0,18.0,21.0,60,5,114,57,49,40,7,64,57,33,1
0,21.0,27.0,3,107,55,8,106,60,65,87,8,76,0
0,27.0,21.0,3,88,55,74,18,60,65,87,74,80,0
0,22.0,54.0,71,86,57,76,63,68,51,104,76,1,1
0,54.0,22.0,60,3,65,95,46,51,13,86,95,15,1
0,54.0,22.0,68,65,7,36,81,71,13,30,36,94,0
0,22.0,54.0,31,88,65,113,54,36,75,53,113,1,0
0,22.0,54.0,13,51,54,75,2,64,88,65,75,49,0
0,63.0,25.0,107,42,87,58,13,68,41,60,58,49,0
0,63.0,25.0,107,9,75,104,80,68,7,41,104,21,1
0,63.0,25.0,107,50,104,9,98,60,68,40,9,36,0
0,11.0,44.0,88,53,85,17,6,40,114,18,17,2,1
0,44.0,11.0,7,43,75,104,41,28,3,114,104,15,0
0,21.0,0.0,60,40,68,69,39,78,87,66,69,81,0
0,21.0,0.0,107,104,37,54,74,60,65,87,54,93,0
0,0.0,18.0,91,19,30,65,104,66,87,13,65,80,1
0,18.0,0.0,86,40,66,61,39,68,7,53,61,82,1
0,11.0,12.0,88,53,50,109,17,28,92,40,109,106,0
0,11.0,12.0,88,53,100,6,17,7,40,68,6,9,0
0,32.0,12.0,88,68,13,18,36,28,92,54,18,33,0
0,32.0,12.0,60,65,112,70,9,68,7,18,70,45,1
0,5.0,32.0,88,63,87,45,104,114,65,43,45,113,1
0,32.0,5.0,68,107,7,46,77,13,88,92,46,15,0
0,4.0,11.0,100,3,9,43,57,7,65,36,43,109,1
0,4.0,11.0,31,7,45,9,77,41,101,114,9,83,1
0,8.0,17.0,107,18,30,61,38,53,28,31,61,70,0
0,17.0,8.0,51,64,32,36,25,91,100,13,36,4,1
0,8.0,0.0,31,108,86,106,12,53,16,68,106,1,1
0,0.0,8.0,31,40,69,92,77,3,7,104,92,61,1
0,52.0,54.0,90,78,64,18,49,68,51,53,18,70,1
0,52.0,54.0,7,64,112,46,15,68,71,13,46,74,0
0,54.0,52.0,7,3,33,46,69,64,13,91,46,106,0
0,52.0,54.0,68,107,43,1,45,51,13,64,1,81,1
0,23.0,11.0,31,41,16,13,36,100,43,89,13,65,0
0,23.0,11.0,31,7,9,69,106,85,65,114,69,4,0
0,44.0,5.0,65,114,51,11,7,68,43,23,11,81,0
0,12.0,11.0,60,75,18,29,35,23,3,45,29,15,1
0,5.0,44.0,68,18,51,32,13,53,7,3,32,46,1
0,12.0,11.0,85,87,41,76,45,7,68,36,76,35,0
0,73.0,15.0,23,63,27,104,13,60,65,87,104,46,0
0,11.0,12.0,13,16,50,81,9,85,26,41,81,46,0
0,15.0,73.0,60,13,86,77,39,53,7,68,77,4,1
0,4.0,5.0,7,79,48,41,13,60,68,40,41,103,1
0,44.0,12.0,13,51,86,32,4,7,26,63,32,57,0
0,5.0,4.0,68,43,100,29,4,7,111,49,29,22,0
0,44.0,12.0,68,43,23,65,70,45,41,30,65,7,1
0,5.0,11.0,88,45,3,36,1,31,114,40,36,12,0
0,5.0,11.0,31,41,107,63,17,100,45,90,63,49,1
0,5.0,11.0,107,55,106,75,77,23,40,3,75,29,0
0,5.0,12.0,53,7,27,49,109,107,13,87,49,33,1
0,5.0,12.0,31,12,114,51,97,45,85,18,51,106,0
0,5.0,11.0,53,7,27,15,41,18,30,88,15,39,0
0,4.0,12.0,7,65,50,12,45,51,90,54,12,106,0
0,5.0,11.0,100,40,87,29,106,60,55,92,29,36,0
0,4.0,12.0,60,53,86,1,9,88,40,13,1,81,0
0,32.0,23.0,88,92,89,114,35,68,107,41,114,49,0
0,4.0,11.0,88,87,106,102,12,68,60,49,102,29,1
0,32.0,23.0,40,65,7,3,1,68,36,23,3,96,0
0,4.0,11.0,68,60,49,77,57,23,37,8,77,15,1
0,4.0,12.0,60,63,110,29,106,23,65,36,29,11,0
0,4.0,12.0,7,65,9,49,68,51,90,88,49,106,0
0,44.0,23.0,40,7,111,1,53,68,43,23,1,104,0
0,79.0,24.0,92,51,18,29,11,53,7,111,29,35,0
0,79.0,24.0,92,18,62,65,9,51,53,30,65,98,0
0,75.0,77.0,88,27,97,1,106,16,68,7,1,114,1
0,75.0,77.0,51,87,76,57,12,68,71,41,57,9,1
0,51.0,30.0,9,51,75,114,15,7,87,16,114,1,1
0,51.0,30.0,88,36,27,4,55,40,86,100,4,1,0
0,8.0,21.0,31,78,69,80,9,53,7,75,80,4,0
0,21.0,8.0,68,51,65,8,25,78,45,87,8,41,1
0,9.0,66.0,68,51,7,9,36,69,64,41,9,114,1
0,18.0,8.0,7,3,78,47,45,60,84,97,47,49,1
0,18.0,8.0,31,18,107,65,12,53,16,45,65,41,1
0,9.0,66.0,68,65,7,42,25,69,64,41,42,13,0
0,9.0,66.0,68,65,16,12,9,51,87,41,12,29,1
0,70.0,81.0,31,69,100,41,36,114,7,51,41,43,0
0,70.0,81.0,114,40,7,49,75,16,112,86,49,4,0
0,15.0,24.0,92,51,28,76,54,23,63,27,76,43,1
0,15.0,24.0,60,57,87,36,49,23,40,86,36,15,1
0,73.0,30.0,40,114,87,57,76,51,9,27,57,25,0
0,59.0,47.0,40,16,4,57,22,68,51,39,57,69,0
0,30.0,73.0,40,114,27,39,104,36,68,107,39,70,1
0,47.0,59.0,31,104,107,63,74,69,7,114,63,4,0
0,34.0,56.0,60,53,86,39,63,40,64,18,39,55,1
0,56.0,34.0,53,18,68,9,51,114,28,36,9,56,0
0,58.0,77.0,31,69,114,9,49,7,51,101,9,11,1
0,58.0,77.0,88,9,86,2,76,114,92,97,2,15,1
0,70.0,77.0,88,13,68,81,69,51,7,54,81,12,0
0,70.0,77.0,88,36,111,13,18,51,7,101,13,93,0
0,73.0,24.0,51,90,15,18,9,16,68,57,18,39,0
0,24.0,73.0,114,63,30,102,76,65,60,64,102,45,0
0,50.0,41.0,31,9,60,36,4,23,13,26,36,8,0
0,24.0,73.0,31,69,51,11,4,16,9,68,11,46,0
0,41.0,50.0,40,36,100,69,83,86,60,39,69,64,1
0,79.0,81.0,88,53,100,43,56,51,68,47,43,81,1
0,79.0,81.0,40,68,107,15,22,16,86,112,15,1,0
0,70.0,30.0,88,114,50,43,4,27,9,107,43,39,0
0,30.0,70.0,65,68,51,76,81,27,23,63,76,13,1
0,59.0,23.0,114,102,104,79,74,65,40,7,79,87,0
0,24.0,75.0,40,51,27,54,43,7,65,87,54,12,1
0,54.0,11.0,88,36,110,41,114,7,64,49,41,113,1
0,75.0,24.0,40,7,53,68,18,104,87,74,68,58,0
0,59.0,23.0,107,55,70,27,106,7,37,18,27,36,0
0,41.0,53.0,13,40,86,68,4,27,16,63,68,17,1
0,15.0,30.0,31,104,36,86,55,23,40,27,86,9,0
0,54.0,11.0,88,43,111,114,69,7,87,25,114,12,1
0,53.0,41.0,27,13,100,18,102,87,16,4,18,29,1
0,15.0,30.0,23,92,49,65,9,107,27,36,65,54,0
0,16.0,6.0,60,36,30,94,61,40,107,66,94,73,1
0,6.0,16.0,40,91,66,18,16,60,13,58,18,94,0
0,16.0,54.0,88,5,36,114,106,60,66,29,114,74,1
0,54.0,16.0,7,66,107,70,48,40,68,62,70,80,0
0,75.0,79.0,53,51,68,41,13,7,27,43,41,14,0
0,75.0,79.0,53,27,47,8,32,107,55,106,8,72,0
0,15.0,44.0,60,68,13,81,65,7,43,27,81,57,1
0,44.0,15.0,40,107,62,61,17,45,85,86,61,36,0
0,12.0,31.0,7,66,92,65,47,51,13,90,65,63,0
0,12.0,31.0,7,92,112,16,43,51,13,110,16,45,0
0,73.0,59.0,114,63,104,87,13,60,65,76,87,64,1
0,59.0,73.0,31,69,107,39,15,68,16,9,39,25,0
0,1.0,17.0,19,90,71,15,81,31,69,107,15,80,1
0,50.0,53.0,31,65,23,98,95,87,53,63,98,106,0
0,17.0,1.0,7,111,65,12,36,45,107,58,12,25,1
0,53.0,50.0,40,23,92,72,25,36,27,107,72,55,0
0,17.0,1.0,51,111,108,73,98,107,45,12,73,68,1
0,17.0,31.0,60,58,30,81,25,71,53,64,81,75,1
0,17.0,31.0,7,66,38,35,4,60,45,5,35,39,0
0,17.0,31.0,58,51,111,59,25,7,13,112,59,53,0
0,6.0,11.0,40,51,92,34,87,28,3,43,34,17,1
0,6.0,11.0,40,51,111,1,92,88,45,100,1,12,1
0,23.0,30.0,31,69,7,73,77,40,107,101,73,76,1
0,1.0,12.0,88,36,53,63,3,7,40,68,63,29,1
0,30.0,23.0,60,9,51,92,25,7,27,43,92,54,0
0,1.0,12.0,88,40,70,36,92,86,3,104,36,61,1
0,15.0,73.0,60,50,64,95,39,31,104,16,95,106,1
0,6.0,54.0,60,65,68,113,49,31,107,112,113,106,1
0,15.0,73.0,114,57,45,4,87,107,43,86,4,95,1
0,6.0,54.0,31,13,51,20,61,64,71,4,20,106,1
0,1.0,17.0,107,13,3,9,40,45,58,71,9,39,1
0,1.0,17.0,51,30,91,61,81,86,3,13,61,49,1
0,15.0,30.0,40,53,51,87,17,27,114,107,87,36,0
0,6.0,31.0,100,60,98,47,45,13,64,81,47,57,1
0,15.0,30.0,27,23,112,4,52,53,107,43,4,76,0
0,23.0,30.0,40,7,50,77,65,107,9,86,77,98,1
0,30.0,23.0,7,111,97,44,25,36,68,88,44,18,0
0,16.0,1.0,88,53,3,39,98,7,68,60,39,4,1
0,16.0,1.0,88,13,62,63,46,7,45,69,63,114,1
0,16.0,6.0,40,60,51,3,9,7,45,64,3,106,0
0,6.0,16.0,40,107,26,53,109,86,51,13,53,113,0
0,6.0,16.0,40,107,87,1,97,86,89,9,1,54,0
0,16.0,6.0,40,90,107,1,49,9,89,87,1,73,1
0,51.0,81.0,40,71,45,1,23,86,107,4,1,109,1
0,51.0,81.0,107,27,47,104,6,7,65,87,104,98,0
0,77.0,47.0,7,41,104,87,39,107,68,65,87,54,0
0,47.0,77.0,7,68,13,1,69,51,101,57,1,18,1
0,24.0,59.0,107,87,16,13,54,90,71,99,13,49,1
0,24.0,59.0,23,92,108,4,30,60,27,9,4,74,1
0,86.0,72.0,64,28,22,1,51,7,68,13,1,61,0
0,86.0,72.0,64,9,7,1,60,107,3,39,1,81,1
0,86.0,72.0,40,51,88,54,47,31,7,36,54,1,1
0,58.0,24.0,60,66,4,16,49,88,13,30,16,65,0
0,24.0,58.0,114,45,100,98,112,99,90,71,98,17,1
0,30.0,47.0,40,27,114,23,54,60,86,58,23,15,1
0,30.0,47.0,40,51,53,49,64,114,27,39,49,36,0
0,70.0,59.0,68,23,63,104,74,65,51,27,104,11,0
0,70.0,59.0,68,63,16,104,25,114,71,87,104,4,0
0,75.0,81.0,107,27,7,12,34,60,53,4,12,17,0
0,66.0,56.0,40,7,3,98,106,60,64,51,98,114,1
0,75.0,81.0,60,55,30,1,39,40,71,100,1,6,0
0,34.0,38.0,7,78,75,77,92,68,60,69,77,106,0
0,75.0,30.0,40,27,23,110,15,88,47,30,110,1,0
0,42.0,66.0,31,51,65,36,95,40,7,3,36,1,1
0,75.0,30.0,40,27,23,53,54,104,107,101,53,72,1
0,66.0,42.0,31,65,88,12,45,7,36,111,12,1,0
0,51.0,79.0,88,86,14,106,109,9,16,41,106,70,1
0,51.0,79.0,40,51,30,106,93,45,7,60,106,37,1
0,42.0,9.0,40,7,3,1,38,68,51,95,1,49,1
0,9.0,42.0,88,47,111,109,29,7,68,38,109,93,1
0,42.0,9.0,7,53,3,13,80,69,87,71,13,46,0
0,42.0,66.0,40,69,75,4,88,107,68,63,4,73,0
0,34.0,38.0,60,64,54,79,97,45,3,16,79,114,0
0,66.0,42.0,31,69,9,63,28,68,36,107,63,12,1
0,38.0,34.0,7,40,87,58,63,65,75,69,58,61,0
0,38.0,34.0,88,64,45,90,35,7,52,97,90,8,1
0,58.0,70.0,114,65,27,39,9,107,43,111,39,33,1
0,58.0,70.0,114,87,65,39,71,43,111,107,39,102,1
0,52.0,5.0,64,88,106,109,112,51,13,27,109,15,0
0,51.0,75.0,60,104,64,39,109,40,71,30,39,76,1
0,5.0,52.0,64,16,13,38,18,7,68,41,38,113,1
0,75.0,51.0,60,87,55,17,18,30,16,108,17,106,0
0,1.0,35.0,13,60,112,45,81,86,69,71,45,113,0
0,70.0,47.0,65,111,9,28,76,31,69,107,28,61,0
0,70.0,47.0,31,69,70,60,47,114,51,64,60,49,0
0,35.0,1.0,107,66,106,78,59,45,112,71,78,62,1
0,79.0,30.0,40,71,112,4,62,53,51,30,4,10,0
0,79.0,30.0,64,107,13,69,73,71,112,9,69,92,0
0,5.0,35.0,40,112,91,65,18,31,36,16,65,17,0
0,35.0,5.0,60,112,106,108,9,71,13,64,108,76,0
0,5.0,35.0,112,45,4,53,28,75,107,51,53,12,1
0,58.0,81.0,60,13,112,1,51,71,53,4,1,109,1
0,58.0,81.0,60,92,9,49,69,88,112,13,49,1,1
0,14.0,15.0,88,36,30,7,77,71,64,91,7,4,1
0,15.0,14.0,71,64,112,51,56,60,45,30,51,1,1
0,14.0,15.0,45,31,23,35,36,107,4,30,35,61,1
0,79.0,59.0,71,64,4,112,9,68,51,104,112,17,0
0,79.0,59.0,65,23,37,114,15,7,64,4,114,39,1
0,17.0,6.0,7,9,64,15,20,66,107,13,15,25,0
0,17.0,6.0,107,66,63,97,41,7,64,45,97,34,1
0,17.0,6.0,107,75,92,20,9,88,45,64,20,39,0
0,14.0,6.0,40,51,75,13,114,45,31,23,13,81,0
0,6.0,14.0,45,71,64,36,1,60,75,9,36,12,1
0,1.0,52.0,107,64,53,48,43,40,86,32,48,7,1
0,1.0,52.0,40,32,91,18,29,64,86,38,18,98,1
0,15.0,17.0,60,30,13,12,25,27,53,23,12,106,0
0,17.0,15.0,107,43,62,1,104,51,32,68,1,97,0
0,17.0,15.0,107,1,87,65,36,51,32,86,65,9,0
0,1.0,35.0,60,45,87,47,95,22,71,13,47,82,1
0,35.0,1.0,71,22,4,36,53,60,13,112,36,62,1
0,1.0,35.0,40,31,107,4,69,86,13,66,4,109,0
0,14.0,15.0,107,4,27,1,13,7,64,65,1,80,1
0,18.0,21.0,68,107,108,81,7,45,27,71,81,94,1
0,15.0,14.0,7,64,3,92,6,88,45,86,92,63,0
0,61.0,64.0,51,64,54,92,106,65,75,9,92,46,1
0,64.0,61.0,64,107,53,95,49,51,30,13,95,98,1
0,35.0,6.0,31,1,7,92,15,88,13,112,92,61,1
0,6.0,35.0,13,31,23,18,58,75,7,9,18,45,1
0,35.0,6.0,107,9,64,98,20,91,13,71,98,62,0
0,5.0,14.0,71,91,54,108,106,112,107,58,108,70,1
0,14.0,5.0,64,65,16,109,9,107,112,3,109,17,0
0,38.0,66.0,88,64,69,98,9,97,75,51,98,20,1
0,6.0,5.0,75,16,106,58,70,107,9,114,58,44,1
0,5.0,6.0,107,13,75,61,20,64,9,7,61,108,0
0,66.0,38.0,50,65,20,62,15,45,75,71,62,10,0
0,25.0,19.0,3,58,107,73,45,88,36,101,73,19,1
0,51.0,77.0,107,101,7,47,93,40,23,57,47,81,1
0,51.0,77.0,40,65,7,87,39,86,51,108,87,8,1
0,58.0,30.0,40,60,9,92,69,36,68,107,92,12,1
0,34.0,21.0,60,65,87,114,15,107,64,104,114,9,0
0,21.0,34.0,40,64,7,4,114,69,53,68,4,20,1
0,58.0,79.0,64,65,62,1,9,31,114,107,1,54,1
0,79.0,58.0,60,36,111,65,109,112,71,4,65,106,1
0,51.0,24.0,51,4,63,13,64,16,65,70,13,106,0
0,51.0,24.0,31,51,69,39,89,88,68,41,39,56,0
0,77.0,81.0,7,68,36,57,9,51,47,13,57,54,0
0,77.0,81.0,51,101,65,39,93,13,100,112,39,47,1
0,63.0,9.0,60,36,64,47,38,53,7,3,47,81,0
0,66.0,19.0,68,36,107,12,86,88,3,13,12,4,0
0,9.0,63.0,107,65,37,63,43,112,69,54,63,12,1
0,66.0,19.0,60,45,87,98,56,36,71,91,98,53,0
0,77.0,24.0,31,69,51,49,80,7,13,9,49,45,0
0,24.0,77.0,51,101,41,27,11,64,100,4,27,39,1
0,70.0,51.0,60,13,68,81,55,51,9,3,81,7,0
0,70.0,51.0,60,92,29,70,49,86,7,16,70,74,0
0,21.0,9.0,69,53,86,70,9,68,40,71,70,4,1
0,24.0,81.0,88,30,39,1,108,62,64,100,1,21,0
0,81.0,24.0,64,65,32,39,81,51,30,13,39,29,1
0,12.0,7.0,31,1,16,55,40,107,4,87,55,43,1
0,9.0,19.0,40,64,107,12,38,53,88,86,12,106,1
0,1.0,14.0,107,64,50,43,56,60,86,97,43,8,1
0,9.0,19.0,40,68,7,41,43,69,86,63,41,76,1
0,16.0,54.0,88,9,112,106,65,66,86,38,106,67,1
0,18.0,55.0,60,9,64,13,114,3,53,62,13,4,1
0,79.0,47.0,7,9,53,1,32,40,51,36,1,44,0
0,79.0,47.0,31,69,100,47,70,7,114,62,47,61,1
0,58.0,51.0,92,23,29,43,63,107,9,112,43,33,1
0,51.0,58.0,92,107,4,53,25,16,13,50,53,69,0
0,1.0,12.0,71,53,91,52,20,40,86,7,52,36,1
0,1.0,12.0,60,91,104,59,108,40,27,106,59,70,0
0,12.0,1.0,107,106,30,81,58,86,71,69,81,114,0
0,18.0,16.0,40,91,68,19,65,58,3,69,19,54,1
0,16.0,18.0,40,61,107,112,44,58,3,104,112,73,1
0,38.0,21.0,31,78,69,47,114,88,45,75,47,61,0
0,21.0,38.0,16,112,62,39,70,69,78,87,39,9,1
0,18.0,16.0,40,61,86,109,112,58,84,78,109,36,1
0,14.0,7.0,31,106,51,36,38,64,71,3,36,9,1
0,34.0,9.0,60,30,106,108,114,71,69,53,108,95,1
0,9.0,34.0,60,65,3,61,20,69,112,36,61,95,1
0,34.0,9.0,40,71,51,4,95,53,64,7,4,109,1
0,55.0,54.0,7,65,64,81,39,51,53,20,81,25,1
0,55.0,54.0,3,9,71,108,113,40,51,43,108,81,0
0,55.0,54.0,51,13,87,20,73,7,9,112,20,114,1
0,14.0,12.0,60,114,3,45,39,107,4,31,45,49,1
0,14.0,12.0,40,107,112,92,106,13,86,85,92,114,0
0,34.0,38.0,31,65,69,81,70,3,58,78,81,74,0
0,38.0,34.0,40,71,107,55,106,62,20,36,55,57,1
0,14.0,12.0,64,80,7,38,9,3,13,16,38,46,0
0,16.0,55.0,53,86,71,39,4,40,7,31,39,69,1
0,16.0,55.0,53,86,88,54,13,40,7,90,54,61,1
0,12.0,18.0,40,85,71,65,109,3,53,62,65,12,0
0,18.0,12.0,84,18,91,49,78,3,53,39,49,98,0
0,18.0,12.0,53,3,7,114,9,71,87,36,114,61,1
0,1.0,16.0,60,53,75,36,74,40,106,31,36,12,0
0,21.0,38.0,7,20,30,43,102,69,40,87,43,45,0
0,38.0,21.0,31,69,41,40,73,64,51,9,40,81,0
0,16.0,1.0,60,97,112,44,99,66,53,107,44,49,0
0,86.0,34.0,60,53,87,18,106,7,3,65,18,114,0
0,38.0,21.0,69,20,52,43,4,31,41,16,43,39,0
0,1.0,16.0,60,45,26,8,36,91,18,71,8,4,1
0,86.0,34.0,7,65,30,46,18,58,88,68,46,45,0
0,18.0,1.0,71,45,9,98,25,58,84,78,98,35,1
0,18.0,1.0,3,66,16,47,20,86,71,97,47,12,1
0,34.0,9.0,69,40,87,1,112,7,3,55,1,18,0
0,34.0,9.0,3,53,100,45,63,40,68,16,45,78,0
