,radiant_P1_heroDamage,radiant_P1_towerDamage,radiant_P1_level,radiant_P1_heroHealing,radiant_P1_goldSpent,radiant_P2_heroDamage,radiant_P2_towerDamage,radiant_P2_level,radiant_P2_heroHealing,radiant_P2_goldSpent,radiant_P3_heroDamage,radiant_P3_towerDamage,radiant_P3_level,radiant_P3_heroHealing,radiant_P3_goldSpent,radiant_P4_heroDamage,radiant_P4_towerDamage,radiant_P4_level,radiant_P4_heroHealing,radiant_P4_goldSpent,radiant_P5_heroDamage,radiant_P5_towerDamage,radiant_P5_level,radiant_P5_heroHealing,radiant_P5_goldSpent,dire_P1_heroDamage,dire_P1_towerDamage,dire_P1_level,dire_P1_heroHealing,dire_P1_goldSpent,dire_P2_heroDamage,dire_P2_towerDamage,dire_P2_level,dire_P2_heroHealing,dire_P2_goldSpent,dire_P3_heroDamage,dire_P3_towerDamage,dire_P3_level,dire_P3_heroHealing,dire_P3_goldSpent,dire_P4_heroDamage,dire_P4_towerDamage,dire_P4_level,dire_P4_heroHealing,dire_P4_goldSpent,dire_P5_heroDamage,dire_P5_towerDamage,dire_P5_level,dire_P5_heroHealing,dire_P5_goldSpent,match_id
0,7699.266666666666,327.0,15.030303030303031,88.23333333333333,8178.666666666667,16399.842105263157,2855.157894736842,20.95,0.0,22182.894736842107,0.0,0.0,0.0,0.0,0.0,12915.105263157895,835.2631578947369,18.75,308.8421052631579,16208.421052631578,9575.75,99.38636363636364,17.76086956521739,72.70454545454545,10558.522727272726,0.0,0.0,0.0,0.0,0.0,0.0,0.0,0.0,0.0,0.0,24359.6,2898.84,21.68,17.68,22602.8,16010.714285714286,6764.428571428572,20.291666666666668,273.5,20230.35714285714,8066.846153846154,1882.974358974359,16.71794871794872,134.7948717948718,12627.948717948719,3927969458
1,19880.2,2840.4,22.0,573.7,22716.0,18181.24,5911.88,21.032258064516128,0.0,20526.2,9236.477272727272,521.7954545454545,16.040816326530614,3267.068181818182,9535.681818181818,13761.5,1022.1666666666666,19.0,296.6111111111111,11393.888888888889,8677.125,178.5,13.55,0.0,8877.5,23337.40740740741,3714.703703703704,20.866666666666667,0.0,20024.814814814814,5697.170731707317,267.6585365853659,14.844155844155845,124.53658536585365,9189.146341463415,7530.166666666667,225.75,15.833333333333334,1283.6666666666667,9660.0,22621.615384615387,889.3846153846154,21.071428571428573,23.076923076923077,16561.153846153848,11619.6,101.04444444444445,17.53,12.777777777777779,11888.277777777777,3927969700
2,11259.0,216.5,16.6,8694.0,10455.0,14206.444444444443,1541.888888888889,21.26388888888889,0.0,15770.555555555557,5804.954545454545,177.6818181818182,15.875,91.36363636363636,10529.318181818182,0.0,0.0,0.0,0.0,0.0,0.0,0.0,0.0,0.0,0.0,4607.142857142857,273.60714285714283,13.964285714285714,1349.0,7858.214285714285,8779.8,2119.78,17.12,285.88,12923.6,16451.92,3153.48,19.48148148148148,0.0,17380.0,7859.777777777777,343.77777777777777,16.77777777777778,0.0,8392.222222222223,17674.0,3469.4,20.714285714285715,0.0,13885.0,3927970381
3,14153.692307692309,229.53846153846155,16.25,139.53846153846155,10378.076923076924,19923.57894736842,2863.9473684210525,21.263157894736842,1044.9473684210527,19762.368421052633,20444.914285714287,6522.0,20.833333333333332,8.857142857142858,21388.428571428572,7786.16,207.64,16.096774193548388,567.88,8159.2,5688.1875,455.09375,18.46875,6355.71875,12605.3125,8206.9,255.1,14.28,2180.0,8696.5,13538.6,8054.6,17.4,1977.0,13380.0,17434.1375,1467.525,19.118518518518517,0.95,17035.8125,0.0,0.0,0.0,0.0,0.0,15326.8,497.8,20.0,47.6,17886.0,3927970658
4,7699.266666666666,327.0,15.030303030303031,88.23333333333333,8178.666666666667,0.0,0.0,0.0,0.0,0.0,19704.545454545456,4170.606060606061,19.394736842105264,495.6060606060606,16796.21212121212,10455.0,1905.6296296296296,18.642857142857142,188.1851851851852,13962.592592592593,11786.76923076923,259.0,17.384615384615383,463.61538461538464,10740.384615384615,0.0,0.0,0.0,0.0,0.0,0.0,0.0,0.0,0.0,0.0,14318.923076923076,2816.230769230769,18.615384615384617,0.0,15709.23076923077,18949.618181818183,3560.2,19.672727272727272,0.0,20176.363636363636,0.0,0.0,0.0,0.0,0.0,3928022579
5,11115.42857142857,1816.857142857143,19.0,406.2857142857143,10685.714285714286,10352.636363636364,334.09090909090907,16.28,2336.212121212121,13249.393939393938,19044.0,1005.75,20.70967741935484,0.0,18138.39285714286,0.0,0.0,0.0,0.0,0.0,17674.0,3469.4,20.714285714285715,0.0,13885.0,11259.0,216.5,16.6,8694.0,10455.0,19025.70588235294,3810.205882352941,20.384615384615383,12.470588235294118,20951.323529411766,11922.470588235294,966.0,19.104477611940297,1450.8823529411766,11528.235294117647,9996.7,231.6,17.25,20.0,8933.5,15646.387096774193,4098.580645161291,18.037735849056602,0.0,16508.225806451614,3928032584
6,7087.909090909091,313.3181818181818,14.130434782608695,462.54545454545456,9447.5,22858.090909090908,2521.7272727272725,20.681818181818183,1242.4545454545455,18234.318181818184,19546.5,2485.0,19.25,0.0,19048.75,0.0,0.0,0.0,0.0,0.0,11648.3,1499.8,17.9,966.5,10363.0,15476.05,2618.05,18.37837837837838,95.55,17262.25,12098.95744680851,3087.851063829787,18.448979591836736,8.51063829787234,15985.744680851063,9322.363636363636,1933.5454545454545,15.416666666666666,294.0,9564.09090909091,5942.523809523809,206.66666666666666,16.142857142857142,1298.6190476190477,8722.142857142857,5688.1875,455.09375,18.46875,6355.71875,12605.3125,3928033510
7,0.0,0.0,0.0,0.0,0.0,24798.066666666666,2554.866666666667,20.176470588235293,79.06666666666666,15811.0,8677.25,3383.25,17.73913043478261,0.0,11013.75,18290.342857142856,3044.0285714285715,19.314285714285713,574.5714285714286,16433.85714285714,0.0,0.0,0.0,0.0,0.0,21039.823529411766,2381.235294117647,21.470588235294116,73.29411764705883,19418.823529411766,9264.173913043478,174.47826086956522,17.423076923076923,148.7826086956522,9158.260869565218,7530.166666666667,225.75,15.833333333333334,1283.6666666666667,9660.0,25582.277777777777,2967.0,22.263157894736842,4.444444444444445,17976.666666666668,9096.545454545454,736.4090909090909,19.347826086956523,4571.090909090909,13029.545454545456,3928034802
8,6499.933333333333,150.33333333333334,13.81578947368421,0.0,7046.0,12212.5,1063.6,19.083333333333332,0.0,13990.0,30275.125,2817.0,22.375,430.5,24065.625,16206.0,93.58333333333333,16.916666666666668,231.91666666666666,9677.083333333334,17674.0,3469.4,20.714285714285715,0.0,13885.0,0.0,0.0,0.0,0.0,0.0,17621.525,2717.1,17.86725663716814,0.0,16894.5,11922.470588235294,966.0,19.104477611940297,1450.8823529411766,11528.235294117647,0.0,0.0,0.0,0.0,0.0,13636.558823529413,1127.7941176470588,18.88679245283019,451.52941176470586,15867.35294117647,3928080962
9,7472.58947368421,261.6,14.575471698113207,410.2631578947368,8880.368421052632,19559.127272727274,4666.690909090909,20.30909090909091,1626.2181818181818,18673.818181818184,0.0,0.0,0.0,0.0,0.0,10455.0,1905.6296296296296,18.642857142857142,188.1851851851852,13962.592592592593,9575.75,99.38636363636364,17.76086956521739,72.70454545454545,10558.522727272726,0.0,0.0,0.0,0.0,0.0,0.0,0.0,0.0,0.0,0.0,26473.4,3583.133333333333,20.133333333333333,0.0,21783.666666666668,20046.833333333332,3497.5,22.263157894736842,0.0,20080.833333333332,11814.934782608696,342.89130434782606,18.130434782608695,140.6086956521739,11345.326086956522,3928102591
10,8091.85294117647,377.3529411764706,16.64864864864865,105.08823529411765,13559.70588235294,19923.57894736842,2863.9473684210525,21.263157894736842,1044.9473684210527,19762.368421052633,7786.16,207.64,16.096774193548388,567.88,8159.2,12216.625,3157.0,16.227272727272727,0.0,14280.0,14153.692307692309,229.53846153846155,16.25,139.53846153846155,10378.076923076924,6783.3125,475.3125,14.382352941176471,128.0,8265.625,8779.8,2119.78,17.12,285.88,12923.6,18495.62295081967,4213.573770491803,20.391304347826086,563.983606557377,21725.90163934426,0.0,0.0,0.0,0.0,0.0,0.0,0.0,0.0,0.0,0.0,3928136472
11,6431.047619047619,304.9047619047619,13.333333333333334,677.5238095238095,7917.142857142857,22157.777777777777,5679.722222222223,20.88888888888889,34.72222222222222,21549.166666666668,18466.408163265307,4182.448979591837,19.75862068965517,14.040816326530612,17670.918367346938,0.0,0.0,0.0,0.0,0.0,7365.666666666667,1675.2307692307693,14.340909090909092,2851.5384615384614,10808.333333333332,21039.823529411766,2381.235294117647,21.470588235294116,73.29411764705883,19418.823529411766,4781.458333333333,263.3333333333333,16.307692307692307,14.791666666666666,9412.291666666666,11389.764705882353,551.3137254901961,16.849056603773583,4863.450980392156,11354.019607843136,22874.02857142857,4832.257142857143,22.314285714285713,24.428571428571427,20676.0,15846.315789473683,1399.5263157894738,18.75,287.7894736842105,12992.631578947368,3928234992
12,4607.142857142857,273.60714285714283,13.964285714285714,1349.0,7858.214285714285,8779.8,2119.78,17.12,285.88,12923.6,30893.263157894737,158.26315789473685,20.05263157894737,88.6842105263158,20630.526315789473,0.0,0.0,0.0,0.0,0.0,0.0,0.0,0.0,0.0,0.0,9874.944444444445,318.72222222222223,16.59090909090909,5148.111111111111,10831.111111111111,12098.95744680851,3087.851063829787,18.448979591836736,8.51063829787234,15985.744680851063,6916.711111111111,355.35555555555555,14.098360655737705,4658.977777777778,7821.222222222223,17720.833333333332,3076.0555555555557,20.61111111111111,0.0,18929.444444444445,8091.85294117647,377.3529411764706,16.64864864864865,105.08823529411765,13559.70588235294,3928278244
13,7472.58947368421,261.6,14.575471698113207,410.2631578947368,8880.368421052632,15417.894736842105,5060.0,20.52173913043478,0.0,18452.105263157893,17706.0,3691.375,20.125,776.25,17438.75,0.0,0.0,0.0,0.0,0.0,15427.0,93.27777777777777,17.0,302.94444444444446,9461.944444444445,0.0,0.0,0.0,0.0,0.0,9264.173913043478,174.47826086956522,17.423076923076923,148.7826086956522,9158.260869565218,8902.882352941177,234.1764705882353,14.037974683544304,166.64705882352942,10599.558823529413,22621.615384615387,889.3846153846154,21.071428571428573,23.076923076923077,16561.153846153848,10202.714285714286,4379.857142857143,18.545454545454547,127.52380952380952,18630.0,3928337789
14,10640.05,839.65,13.38888888888889,40.75,8912.75,18676.333333333332,3462.4583333333335,18.327272727272728,139.95833333333334,17725.0,11923.07142857143,988.8928571428571,18.5625,520.0357142857143,12939.464285714286,0.0,0.0,0.0,0.0,0.0,31448.5,3371.5,18.0,0.0,29055.0,6742.444444444444,230.44444444444446,14.090909090909092,227.11111111111111,8966.111111111111,29421.666666666668,4093.8333333333335,21.333333333333332,0.0,22102.083333333332,13613.037037037036,1259.111111111111,17.508474576271187,0.0,14825.555555555557,0.0,0.0,0.0,0.0,0.0,25048.272727272728,6367.818181818182,21.636363636363637,702.7272727272727,15330.909090909092,3928389527
15,19288.62222222222,1716.5555555555557,20.354166666666668,1.777777777777778,19710.444444444445,16192.181818181818,5799.363636363636,20.818181818181817,278.45454545454544,20214.090909090908,4291.586206896552,368.3448275862069,12.984615384615385,83.03448275862068,8742.241379310344,10531.625,1669.625,16.047619047619047,72.875,10808.75,8112.565217391304,254.2173913043478,14.692307692307692,0.0,9190.652173913044,7208.076923076923,237.53846153846155,17.928571428571427,6.153846153846154,9908.846153846154,10287.47619047619,111.33333333333333,19.404761904761905,183.76190476190476,12065.47619047619,14318.923076923076,2816.230769230769,18.615384615384617,0.0,15709.23076923077,18949.618181818183,3560.2,19.672727272727272,0.0,20176.363636363636,11226.0,204.87878787878788,17.606060606060606,0.0,11718.484848484848,3928462587
16,6742.444444444444,230.44444444444446,14.090909090909092,227.11111111111111,8966.111111111111,22495.916666666668,6254.75,21.416666666666668,250.33333333333334,21654.166666666668,18044.054054054053,3169.162162162162,21.363636363636363,975.8378378378378,19768.513513513513,0.0,0.0,0.0,0.0,0.0,11648.3,1499.8,17.9,966.5,10363.0,10640.05,839.65,13.38888888888889,40.75,8912.75,14206.444444444443,1541.888888888889,21.26388888888889,0.0,15770.555555555557,11339.533333333333,175.6,17.96551724137931,14.666666666666666,11605.333333333332,10158.4,2221.7,16.2,290.0,9824.0,13454.15,2260.05,19.03030303030303,0.0,15782.25,3928509645
17,7208.076923076923,237.53846153846155,17.928571428571427,6.153846153846154,9908.846153846154,10287.47619047619,111.33333333333333,19.404761904761905,183.76190476190476,12065.47619047619,0.0,0.0,0.0,0.0,0.0,21101.689655172413,7405.862068965517,22.24137931034483,0.0,22255.344827586207,8066.846153846154,1882.974358974359,16.71794871794872,134.7948717948718,12627.948717948719,16474.2,2148.75,18.666666666666668,0.0,16907.0,17977.6875,2970.5625,21.333333333333332,0.0,22700.9375,9594.394736842105,723.1052631578947,15.948717948717949,7614.4473684210525,9640.394736842105,11791.064516129032,1297.8387096774193,19.441176470588236,0.0,12436.774193548386,8661.132352941177,321.4852941176471,14.50413223140496,663.1764705882352,9264.264705882353,3928620364
18,11259.0,216.5,16.6,8694.0,10455.0,25795.206896551725,4147.896551724138,18.936507936507937,0.0,19513.793103448275,15408.111111111111,1795.4444444444443,19.055555555555557,2831.722222222222,15317.777777777777,0.0,0.0,0.0,0.0,0.0,15727.75,2659.5,17.38888888888889,1196.8333333333333,17386.666666666668,8772.961538461539,139.26923076923077,17.78301886792453,30.71153846153846,10628.509615384615,7349.695652173913,1376.304347826087,12.651162790697674,684.6521739130435,9076.95652173913,21467.54320987654,2875.432098765432,21.023529411764706,2.7777777777777777,20550.0,20444.914285714287,6522.0,20.833333333333332,8.857142857142858,21388.428571428572,9072.7,1125.25,17.952380952380953,0.0,12789.75,3928688563
19,0.0,0.0,0.0,0.0,0.0,7973.0,0.0,13.75,0.0,4107.5,3048.5,70.5625,13.928571428571429,1548.25,8121.875,18997.68,4207.4,21.46153846153846,0.0,17722.8,0.0,0.0,0.0,0.0,0.0,0.0,0.0,0.0,0.0,0.0,5764.192307692308,349.03846153846155,16.423076923076923,7509.961538461538,8343.461538461539,25321.608695652176,1667.7391304347825,21.956521739130434,0.0,22987.608695652176,18949.618181818183,3560.2,19.672727272727272,0.0,20176.363636363636,11226.0,204.87878787878788,17.606060606060606,0.0,11718.484848484848,3928801490
20,10862.74074074074,477.14814814814815,16.25,7547.851851851852,8775.185185185184,21682.432432432433,1323.3783783783783,21.789473684210527,0.0,19658.243243243243,21065.049180327867,3318.2950819672133,19.704918032786885,6.557377049180328,18490.409836065573,5433.764705882353,211.11764705882354,14.5,61.64705882352941,8452.20588235294,8091.85294117647,377.3529411764706,16.64864864864865,105.08823529411765,13559.70588235294,4321.526315789473,208.0,13.136363636363637,4195.9473684210525,9603.421052631578,8626.88679245283,4275.962264150943,16.358695652173914,0.0,14035.66037735849,5804.954545454545,177.6818181818182,15.875,91.36363636363636,10529.318181818182,0.0,0.0,0.0,0.0,0.0,13307.5,8147.0,20.833333333333332,0.0,17398.333333333332,3928837410
21,18336.0,3268.5882352941176,22.176470588235293,7.352941176470588,21051.176470588234,15231.4,208.6,20.2,4531.6,12661.5,3048.5,70.5625,13.928571428571429,1548.25,8121.875,18997.68,4207.4,21.46153846153846,0.0,17722.8,11619.6,101.04444444444445,17.53,12.777777777777779,11888.277777777777,0.0,0.0,0.0,0.0,0.0,10287.47619047619,111.33333333333333,19.404761904761905,183.76190476190476,12065.47619047619,0.0,0.0,0.0,0.0,0.0,18949.618181818183,3560.2,19.672727272727272,0.0,20176.363636363636,8066.846153846154,1882.974358974359,16.71794871794872,134.7948717948718,12627.948717948719,3928936023
22,5911.357142857143,192.28571428571428,13.210526315789474,621.1428571428571,8070.0,0.0,0.0,0.0,0.0,0.0,21298.3,2365.5,19.714285714285715,1661.1,19466.0,3595.8863636363635,425.75,14.126984126984127,7356.568181818182,8121.931818181818,8091.85294117647,377.3529411764706,16.64864864864865,105.08823529411765,13559.70588235294,11259.0,216.5,16.6,8694.0,10455.0,14206.444444444443,1541.888888888889,21.26388888888889,0.0,15770.555555555557,5804.954545454545,177.6818181818182,15.875,91.36363636363636,10529.318181818182,0.0,0.0,0.0,0.0,0.0,16107.555555555557,2349.4444444444443,17.53846153846154,92.22222222222223,15833.333333333332,3929018213
23,0.0,0.0,0.0,0.0,0.0,0.0,0.0,0.0,0.0,0.0,0.0,0.0,0.0,0.0,0.0,0.0,0.0,0.0,0.0,0.0,0.0,0.0,0.0,0.0,0.0,7753.166666666667,270.5833333333333,16.03125,319.8333333333333,9590.416666666666,6235.1578947368425,104.52631578947368,15.68421052631579,6174.0526315789475,8611.315789473685,13813.5,2288.5,18.166666666666668,4.333333333333333,15127.5,27265.5,2220.0,19.833333333333332,1774.5,15820.0,22234.92957746479,1007.4647887323944,21.535211267605632,0.0,18689.788732394365,3930016447
24,0.0,0.0,0.0,0.0,0.0,15249.333333333332,4919.875,20.08,52.625,20417.083333333332,11116.514285714286,2563.1428571428573,17.5,224.22857142857143,13152.714285714286,16520.666666666668,3216.5333333333333,18.533333333333335,0.0,14550.333333333332,6973.5,389.3235294117647,14.323529411764707,222.52941176470588,7897.64705882353,18091.727272727272,570.9090909090909,22.90909090909091,1594.6363636363637,17977.272727272728,7338.142857142857,79.14285714285714,16.375,0.0,10482.142857142857,0.0,0.0,0.0,0.0,0.0,8400.961538461539,585.1923076923077,16.444444444444443,500.2307692307692,9582.307692307691,16256.86956521739,4375.695652173913,21.0,0.0,17311.521739130436,3930017604
25,13537.324324324323,3759.0,18.89189189189189,0.0,15127.027027027027,13287.0,237.1578947368421,17.44,250.05263157894737,11124.473684210527,18998.0,6708.038461538462,19.568181818181817,10.384615384615385,20102.69230769231,9214.024390243903,2159.682926829268,16.5609756097561,187.34146341463415,12470.975609756098,14402.6,397.0,16.166666666666668,9844.6,9179.0,0.0,0.0,0.0,0.0,0.0,8550.0,1943.55,14.851063829787234,278.65,8179.25,5156.285714285715,124.57142857142857,13.142857142857142,341.0,7132.857142857143,7434.953488372093,747.3488372093024,19.0,5703.0,13977.79069767442,11215.183333333332,5471.55,18.82857142857143,233.25,16727.583333333332,3930018175
26,7753.166666666667,270.5833333333333,16.03125,319.8333333333333,9590.416666666666,0.0,0.0,0.0,0.0,0.0,13584.058823529413,2682.823529411765,19.764705882352942,0.0,17082.352941176472,11153.058823529413,1837.5294117647059,17.728395061728396,0.0,15562.941176470587,20949.0641025641,4017.730769230769,19.82051282051282,71.1923076923077,19685.51282051282,19811.615384615387,2938.5384615384614,18.2,0.0,16154.23076923077,0.0,0.0,0.0,0.0,0.0,0.0,0.0,0.0,0.0,0.0,7259.428571428572,221.71428571428572,16.0,296.42857142857144,9392.142857142857,5689.08,1570.4,14.125,3579.2,11957.6,3930082757
27,13014.785714285714,3531.809523809524,18.61904761904762,1.9047619047619049,14465.47619047619,7223.0,2750.0,13.571428571428571,3911.8,9660.0,17697.53125,5310.21875,20.25531914893617,32.8125,20455.625,8732.833333333334,383.6666666666667,15.0,262.0,8871.666666666666,8963.888888888889,169.83333333333334,14.891891891891891,197.44444444444446,9259.166666666666,0.0,0.0,0.0,0.0,0.0,7182.333333333333,1260.4166666666667,16.666666666666668,20.25,14544.583333333332,9366.904761904761,121.61904761904762,17.285714285714285,3.8095238095238093,9422.857142857143,5810.879310344828,425.4741379310345,13.803149606299213,3500.060344827586,7902.629310344828,,,18.333333333333332,,,3930084254
28,18091.727272727272,570.9090909090909,22.90909090909091,1594.6363636363637,17977.272727272728,10334.75,47.333333333333336,17.06896551724138,21.041666666666668,9647.083333333334,22356.478260869564,1904.1739130434783,19.38961038961039,68.04347826086956,20515.434782608696,7123.2692307692305,218.0,16.296296296296298,214.80769230769232,9077.692307692309,17837.666666666668,4692.690476190476,20.847826086956523,8.928571428571429,18064.04761904762,0.0,0.0,0.0,0.0,0.0,20462.25,7557.125,22.03846153846154,10.416666666666666,22332.291666666668,11116.514285714286,2563.1428571428573,17.5,224.22857142857143,13152.714285714286,14807.0,1460.75,18.75,437.5,15679.375,12847.5,774.0833333333334,16.75,8637.166666666666,9857.083333333334,3930125995
29,7753.166666666667,270.5833333333333,16.03125,319.8333333333333,9590.416666666666,13785.6,191.65,17.25,46.15,10549.25,12917.166666666668,4084.4444444444443,18.727272727272727,0.0,15353.611111111111,10820.555555555555,1167.0,19.94,506.1111111111111,14271.111111111111,0.0,0.0,0.0,0.0,0.0,19811.615384615387,2938.5384615384614,18.2,0.0,16154.23076923077,0.0,0.0,0.0,0.0,0.0,0.0,0.0,0.0,0.0,0.0,9726.272727272728,115.0909090909091,15.818181818181818,0.0,8720.90909090909,0.0,0.0,0.0,0.0,0.0,3930149324
30,13537.324324324323,3759.0,18.89189189189189,0.0,15127.027027027027,10033.8,259.2857142857143,17.69090909090909,112.02857142857142,11443.0,12748.0,251.0,18.0,174.75,11962.5,13334.865384615385,1002.25,18.307692307692307,1958.1346153846155,15022.211538461537,6763.962264150943,243.96226415094338,13.931372549019608,202.32075471698113,7478.962264150943,20455.655172413793,2872.1724137931033,20.82758620689655,2.7586206896551726,16052.586206896553,8145.444444444444,437.4074074074074,15.607142857142858,4339.444444444444,8478.333333333334,6951.142857142857,297.5,16.866666666666667,198.42857142857142,11520.714285714286,0.0,0.0,0.0,0.0,0.0,0.0,0.0,0.0,0.0,0.0,3930153082
31,13030.666666666668,742.1111111111111,21.0,8725.444444444445,18703.333333333332,6140.5,130.125,15.125,3570.375,9005.625,20079.722222222223,4281.083333333333,19.666666666666668,8.472222222222221,19706.527777777777,7049.46,163.22,16.509090909090908,205.7,9539.8,17837.666666666668,4692.690476190476,20.847826086956523,8.928571428571429,18064.04761904762,10371.0,106.38888888888889,15.514285714285714,1.6666666666666667,10923.055555555557,27397.0,3955.1176470588234,22.294117647058822,0.0,24685.58823529412,11116.514285714286,2563.1428571428573,17.5,224.22857142857143,13152.714285714286,16260.791666666668,795.0833333333334,19.333333333333332,0.0,17201.666666666668,12847.5,774.0833333333334,16.75,8637.166666666666,9857.083333333334,3930216789
32,0.0,0.0,0.0,0.0,0.0,18295.65,2691.65,19.2,0.0,16005.75,9563.6875,330.3541666666667,15.791666666666666,3125.8333333333335,9204.270833333334,7473.555555555556,670.3888888888889,15.48,888.4444444444445,11373.611111111111,15334.789473684212,1614.3684210526317,19.842105263157894,848.1578947368421,12932.105263157895,22088.944444444445,2861.722222222222,22.833333333333332,715.1111111111111,19779.722222222223,11107.0,2173.1428571428573,15.875,664.8571428571429,10708.57142857143,19631.571428571428,3729.1428571428573,20.86842105263158,33.142857142857146,16725.95238095238,8732.833333333334,383.6666666666667,15.0,262.0,8871.666666666666,6388.0,296.6,14.592592592592593,194.0,8767.0,3930266193
33,0.0,0.0,0.0,0.0,0.0,19876.0,4160.428571428572,21.0,0.0,20487.85714285714,2218.0,1687.0,16.833333333333332,94.5,6800.0,16520.666666666668,3216.5333333333333,18.533333333333335,0.0,14550.333333333332,6958.484848484848,347.90909090909093,15.0,142.75757575757575,8006.818181818182,4543.444444444444,261.6111111111111,13.4,681.2222222222222,7187.5,12973.0,191.22222222222223,16.583333333333332,0.0,9097.777777777777,20213.756756756757,8041.486486486487,20.846153846153847,0.0,21437.162162162163,16307.6,347.2,19.77777777777778,0.0,13772.0,22834.666666666668,4154.0,20.714285714285715,0.0,17519.166666666668,3930343388
34,0.0,0.0,0.0,0.0,0.0,11107.0,2173.1428571428573,15.875,664.8571428571429,10708.57142857143,18597.466666666667,4520.8,21.8,16.666666666666668,19109.666666666668,17625.53125,416.71875,16.794117647058822,229.0625,12400.46875,6466.857142857143,181.71428571428572,17.22222222222222,3252.1428571428573,10510.714285714286,0.0,0.0,0.0,0.0,0.0,19994.813559322032,1639.5254237288136,21.59550561797753,484.91525423728814,19541.186440677968,6659.523809523809,238.1904761904762,16.61904761904762,61.19047619047619,8781.666666666666,7473.555555555556,670.3888888888889,15.48,888.4444444444445,11373.611111111111,0.0,0.0,0.0,0.0,0.0,3930369369
35,4543.444444444444,261.6111111111111,13.4,681.2222222222222,7187.5,12973.0,191.22222222222223,16.583333333333332,0.0,9097.777777777777,0.0,0.0,0.0,0.0,0.0,18362.222222222223,478.1111111111111,19.318181818181817,22.22222222222222,14191.944444444443,0.0,0.0,0.0,0.0,0.0,10440.23076923077,624.1538461538462,17.473684210526315,564.0769230769231,12506.538461538463,17389.6,6571.633333333333,18.566666666666666,0.0,18490.5,11116.514285714286,2563.1428571428573,17.5,224.22857142857143,13152.714285714286,9737.222222222223,2742.4444444444443,16.88888888888889,14.722222222222221,13071.666666666668,12847.5,774.0833333333334,16.75,8637.166666666666,9857.083333333334,3930496811
36,0.0,0.0,0.0,0.0,0.0,18830.0,1888.0,16.25,0.0,13392.5,0.0,0.0,0.0,0.0,0.0,7259.428571428572,221.71428571428572,16.0,296.42857142857144,9392.142857142857,9061.775,487.7,15.681818181818182,2845.875,9539.75,6740.111111111111,1423.4444444444443,13.666666666666666,0.0,9323.333333333334,0.0,0.0,0.0,0.0,0.0,15557.966666666667,3124.7,19.257142857142856,973.0333333333333,18465.333333333332,7739.125,145.875,18.047619047619047,114.875,11644.375,19980.3,747.7,19.727272727272727,19.2,16376.5,3930642875
37,13014.785714285714,3531.809523809524,18.61904761904762,1.9047619047619049,14465.47619047619,13287.0,237.1578947368421,17.44,250.05263157894737,11124.473684210527,17697.53125,5310.21875,20.25531914893617,32.8125,20455.625,17707.0,158.7,19.7,0.0,14087.0,8295.041666666666,156.04166666666666,15.296296296296296,288.2083333333333,8376.458333333334,8550.0,1943.55,14.851063829787234,278.65,8179.25,0.0,0.0,0.0,0.0,0.0,10083.703703703704,469.6666666666667,16.666666666666668,36.22222222222222,12707.592592592593,24351.6875,5656.9375,21.976190476190474,0.0,24929.6875,5156.285714285715,124.57142857142857,13.142857142857142,341.0,7132.857142857143,3930746428
38,10359.560975609756,777.780487804878,18.304878048780488,1245.0731707317073,13696.707317073171,0.0,0.0,0.0,0.0,0.0,17738.793103448275,5839.517241379311,20.324324324324323,0.0,19588.62068965517,8400.961538461539,585.1923076923077,16.444444444444443,500.2307692307692,9582.307692307691,23700.08,872.48,21.4,987.56,20089.4,0.0,0.0,0.0,0.0,0.0,12331.621621621622,491.97297297297297,18.492063492063494,0.0,14143.918918918918,24470.272727272728,3516.818181818182,22.09090909090909,1669.8181818181818,19072.5,7259.428571428572,221.71428571428572,16.0,296.42857142857144,9392.142857142857,6213.507692307692,243.46153846153845,14.770114942528735,390.2,8964.153846153846,3930752760
39,10359.560975609756,777.780487804878,18.304878048780488,1245.0731707317073,13696.707317073171,0.0,0.0,0.0,0.0,0.0,16342.095238095239,5849.761904761905,22.736842105263158,53.95238095238095,24387.38095238095,8400.961538461539,585.1923076923077,16.444444444444443,500.2307692307692,9582.307692307691,23700.08,872.48,21.4,987.56,20089.4,11636.969696969698,254.33333333333334,18.38888888888889,70.24242424242425,11227.121212121212,14270.5,958.75,18.42105263157895,10.0,15019.375,2218.0,1687.0,16.833333333333332,94.5,6800.0,19126.75,1193.375,20.90909090909091,0.0,17139.375,6958.484848484848,347.90909090909093,15.0,142.75757575757575,8006.818181818182,3930871882
40,0.0,0.0,0.0,0.0,0.0,7223.0,2750.0,13.571428571428571,3911.8,9660.0,28239.285714285714,2692.4285714285716,19.5,0.0,16182.857142857143,9214.024390243903,2159.682926829268,16.5609756097561,187.34146341463415,12470.975609756098,6763.962264150943,243.96226415094338,13.931372549019608,202.32075471698113,7478.962264150943,17891.85714285714,906.1428571428571,20.695652173913043,0.0,15818.095238095239,16288.48275862069,4486.275862068966,18.647058823529413,84.24137931034483,17740.1724137931,0.0,0.0,0.0,0.0,0.0,0.0,0.0,0.0,0.0,0.0,0.0,0.0,0.0,0.0,0.0,3930896312
41,0.0,0.0,0.0,0.0,0.0,17389.6,6571.633333333333,18.566666666666666,0.0,18490.5,10586.727272727274,1236.0,19.26086956521739,6809.954545454545,13701.363636363636,16260.791666666668,795.0833333333334,19.333333333333332,0.0,17201.666666666668,6973.5,389.3235294117647,14.323529411764707,222.52941176470588,7897.64705882353,,,17.4,,,8740.375,195.125,15.857142857142858,111.8125,10742.1875,10640.4,1560.0,19.77777777777778,0.0,17707.0,7739.125,145.875,18.047619047619047,114.875,11644.375,16256.86956521739,4375.695652173913,21.0,0.0,17311.521739130436,3930995463
42,10359.560975609756,777.780487804878,18.304878048780488,1245.0731707317073,13696.707317073171,0.0,0.0,0.0,0.0,0.0,16515.714285714286,7021.714285714285,20.11111111111111,0.0,20288.571428571428,7739.125,145.875,18.047619047619047,114.875,11644.375,21687.35714285714,4244.785714285715,21.928571428571427,1721.7142857142858,18050.0,12561.25,460.625,16.944444444444443,505.0,15100.0,24010.0,5128.0625,21.705882352941178,0.0,22886.979166666668,13806.545454545456,2940.6363636363635,18.8125,381.54545454545456,14731.818181818182,14807.0,1460.75,18.75,437.5,15679.375,6958.484848484848,347.90909090909093,15.0,142.75757575757575,8006.818181818182,3931151617
43,4603.125,216.375,12.75,0.0,7450.625,10453.4,122.13333333333334,19.622222222222224,180.4,12677.555555555557,25128.583333333332,1685.375,21.958333333333332,0.0,22662.916666666668,13685.30303030303,7853.060606060606,19.15,5084.848484848485,16882.57575757576,0.0,0.0,0.0,0.0,0.0,3809.6666666666665,321.6666666666667,14.76923076923077,470.25,7491.25,10350.94,331.9,16.22772277227723,2324.16,13198.3,16351.038461538463,3040.6153846153848,19.464285714285715,0.0,17282.30769230769,0.0,0.0,0.0,0.0,0.0,0.0,0.0,0.0,0.0,0.0,3932111656
44,12893.625,336.625,17.625,5319.125,9933.75,20822.333333333332,3241.8333333333335,18.833333333333332,396.0,15578.333333333332,17904.035714285714,4861.142857142857,20.964285714285715,137.82142857142858,22695.178571428572,9319.478260869566,88.43478260869566,15.958333333333334,84.34782608695652,9094.565217391304,12531.38,5249.56,18.39622641509434,6169.66,16953.0,0.0,0.0,0.0,0.0,0.0,10817.837837837838,207.3783783783784,17.56756756756757,283.6756756756757,10133.648648648648,17545.272727272728,4903.636363636364,21.09090909090909,0.0,19627.272727272728,0.0,0.0,0.0,0.0,0.0,12843.698630136985,183.27397260273972,19.36986301369863,45.0958904109589,12647.534246575342,3932161077
45,23481.53846153846,933.3076923076923,21.23076923076923,0.0,16553.076923076922,8293.0,154.66666666666666,16.2,187.33333333333334,8858.333333333334,10819.4,1152.2,16.5,775.8,13740.0,23112.29411764706,7042.117647058823,22.352941176470587,138.64705882352942,21891.764705882353,8282.422222222222,402.68888888888887,14.666666666666666,3131.088888888889,8644.333333333334,8087.4,361.2,15.942857142857143,310.73333333333335,9359.0,13285.055555555557,2570.277777777778,19.72222222222222,0.0,16914.444444444445,18356.727272727272,163.63636363636363,17.785714285714285,0.0,10646.818181818182,19416.14285714286,1557.857142857143,20.857142857142858,417.42857142857144,17974.285714285714,20275.0,6112.272727272727,20.692307692307693,0.0,17972.272727272728,3932214146
46,5106.0,1536.5,13.625,176.0,8697.5,18356.727272727272,163.63636363636363,17.785714285714285,0.0,10646.818181818182,0.0,0.0,0.0,0.0,0.0,11236.5,1835.0,17.73170731707317,5.555555555555555,15339.166666666668,0.0,0.0,0.0,0.0,0.0,19248.958333333332,5430.416666666667,20.25,447.0,18069.375,12782.888888888889,369.3333333333333,15.4,1217.5555555555557,10153.888888888889,25187.184210526317,3816.9210526315787,19.763636363636362,17.236842105263158,19732.5,9601.75,494.875,15.875,244.25,9289.375,13127.333333333332,330.8333333333333,15.142857142857142,8623.5,8409.166666666666,3932294528
47,0.0,0.0,0.0,0.0,0.0,16786.56,3033.04,18.517241379310345,3.2,18361.4,10876.5,198.51960784313727,17.411290322580644,201.83333333333334,11238.137254901962,11236.5,1835.0,17.73170731707317,5.555555555555555,15339.166666666668,0.0,0.0,0.0,0.0,0.0,0.0,0.0,0.0,0.0,0.0,6675.3,438.3,13.227272727272727,546.4,10002.0,12334.692307692309,1814.923076923077,17.680851063829788,68.0,16715.0,0.0,0.0,0.0,0.0,0.0,0.0,0.0,0.0,0.0,0.0,3932378219
48,17140.285714285714,2066.6666666666665,18.954545454545453,0.0,17057.14285714286,17689.916666666668,5949.0,21.0,281.5,20903.75,4796.117647058823,122.76470588235294,12.442307692307692,63.8235294117647,7118.235294117647,12684.333333333332,2822.1666666666665,21.5,725.9166666666666,14793.333333333332,8065.777777777777,158.66666666666666,13.666666666666666,0.0,8784.444444444445,11399.1875,3282.5,17.25,321.375,14993.125,16199.285714285714,4048.5714285714284,16.73846153846154,66.95238095238095,17668.809523809523,14449.9375,495.0,18.894736842105264,1913.0625,13869.6875,11972.363636363636,433.90909090909093,13.76923076923077,485.09090909090907,9569.09090909091,13884.228571428572,1151.2571428571428,18.962962962962962,438.62857142857143,15971.857142857143,3932468492
49,24650.6,147.9,19.88235294117647,268.2,16359.5,17882.115384615387,5715.7692307692305,20.9375,0.0,20181.153846153848,4796.117647058823,122.76470588235294,12.442307692307692,63.8235294117647,7118.235294117647,12025.59375,1323.21875,19.6,0.0,12640.9375,8913.739130434782,320.463768115942,14.59016393442623,685.7246376811594,9358.478260869566,10999.090909090908,822.8636363636364,13.660714285714286,43.86363636363637,9200.90909090909,17873.545454545456,3957.3333333333335,17.961904761904762,0.0,15586.136363636364,12012.620689655172,1059.655172413793,18.666666666666668,553.1379310344828,13071.896551724138,0.0,0.0,0.0,0.0,0.0,20729.676470588234,2649.794117647059,20.391304347826086,0.0,20338.382352941175,3932554750
50,19474.636363636364,2600.4545454545455,21.727272727272727,521.5454545454545,21920.0,17689.916666666668,5949.0,21.0,281.5,20903.75,4796.117647058823,122.76470588235294,12.442307692307692,63.8235294117647,7118.235294117647,10668.087912087913,222.28571428571428,16.7396449704142,9.417582417582418,10739.395604395604,9356.25,257.375,15.074074074074074,0.0,9668.75,10999.090909090908,822.8636363636364,13.660714285714286,43.86363636363637,9200.90909090909,16199.285714285714,4048.5714285714284,16.73846153846154,66.95238095238095,17668.809523809523,13590.5625,206.75,18.2,13.75,12344.6875,11972.363636363636,433.90909090909093,13.76923076923077,485.09090909090907,9569.09090909091,14693.047619047618,2236.0476190476193,19.205882352941178,0.0,16261.42857142857,3932641464
51,8041.384615384615,554.8846153846154,14.851851851851851,6745.115384615385,8839.807692307691,16545.2,2910.5,20.952380952380953,0.0,21881.25,0.0,0.0,0.0,0.0,0.0,10780.379310344828,1899.3793103448277,18.866666666666667,175.20689655172413,14055.689655172415,0.0,0.0,0.0,0.0,0.0,0.0,0.0,0.0,0.0,0.0,15034.0,1552.2307692307693,20.25,0.0,19114.23076923077,7742.481481481482,192.25925925925927,16.242424242424242,533.2222222222222,8324.25925925926,12856.265306122448,3129.673469387755,18.607843137254903,8.16326530612245,16285.612244897959,9314.02564102564,113.0,16.369565217391305,17.512820512820515,10767.692307692309,3933892648
52,7486.340206185567,263.4742268041237,14.601851851851851,413.91752577319585,8888.40206185567,22225.473684210527,5857.9473684210525,21.105263157894736,37.10526315789474,21903.157894736843,11915.0,2929.6666666666665,16.53846153846154,0.0,14937.222222222223,12630.05,833.8,18.68,293.4,15933.25,9485.41304347826,104.26086956521739,17.729166666666668,106.32608695652173,10479.673913043478,5905.590909090909,225.95454545454547,16.40909090909091,1470.0,8894.318181818182,20327.9,2963.75,21.325,992.7,19962.875,17141.181818181816,3567.7012987012986,19.85542168674699,1476.077922077922,17134.155844155845,10007.0,1918.9166666666667,15.8,381.5833333333333,9904.583333333334,5174.435483870968,145.11290322580646,15.36231884057971,26.822580645161292,9506.854838709678,3933935682
53,21433.467741935485,3411.6935483870966,19.79032258064516,6.451612903225807,18705.967741935485,12856.265306122448,3129.673469387755,18.607843137254903,8.16326530612245,16285.612244897959,6230.333333333333,185.93333333333334,13.45,579.7333333333333,8173.333333333333,5166.777777777777,244.1851851851852,14.966666666666667,2201.925925925926,9106.296296296296,8642.052631578947,367.7631578947368,17.121951219512194,94.02631578947368,13656.710526315788,7886.53125,314.125,15.2,83.34375,8379.21875,0.0,0.0,0.0,0.0,0.0,17503.766666666666,4265.8,20.4,0.0,19325.166666666668,6417.342857142857,505.8,18.875,6253.0,14890.714285714286,9485.41304347826,104.26086956521739,17.729166666666668,106.32608695652173,10479.673913043478,3933995420
54,20402.492537313432,830.8656716417911,19.7027027027027,543.8955223880597,19924.402985074626,10548.4,129.2,17.678571428571427,143.68,10803.6,15084.76923076923,2704.230769230769,19.1,0.0,19392.30769230769,9907.961538461539,1581.6923076923076,17.11111111111111,234.92307692307693,10547.5,22231.2,4717.0,22.066666666666666,1606.9333333333334,18430.333333333332,0.0,0.0,0.0,0.0,0.0,17857.12962962963,3484.814814814815,20.330827067669173,384.52777777777777,20511.25,6664.318181818182,227.36363636363637,16.545454545454547,58.40909090909091,8835.681818181818,8667.302631578947,287.10526315789474,14.280219780219781,446.42105263157896,9842.171052631578,0.0,0.0,0.0,0.0,0.0,3934056852
55,0.0,0.0,0.0,0.0,0.0,14112.304347826088,3386.608695652174,18.440677966101696,0.0,17878.58695652174,6664.318181818182,227.36363636363637,16.545454545454547,58.40909090909091,8835.681818181818,12756.4,263.8666666666667,16.41176470588235,3874.5333333333333,12175.666666666668,15319.57142857143,1574.3809523809523,19.952380952380953,815.8095238095239,12867.619047619048,10382.181818181818,788.3636363636364,18.31764705882353,1292.5681818181818,13633.863636363636,10493.666666666666,1240.1666666666667,15.666666666666666,74.0,11380.0,14189.8,3438.6,20.434782608695652,0.0,19431.0,7718.545454545455,147.54545454545453,18.0,103.0909090909091,11235.454545454544,19650.454545454544,800.5454545454545,19.916666666666668,45.45454545454545,16511.818181818184,3934135077
56,7623.9,1907.1,14.307692307692308,0.0,9619.5,0.0,0.0,0.0,0.0,0.0,20479.18918918919,4293.918918918919,19.775510204081634,8.243243243243244,19921.08108108108,7718.545454545455,147.54545454545453,18.0,103.0909090909091,11235.454545454544,21002.555555555555,6790.055555555556,20.75,0.0,21898.333333333332,0.0,0.0,0.0,0.0,0.0,19252.727272727272,2909.318181818182,19.5625,0.0,16656.590909090908,6664.318181818182,227.36363636363637,16.545454545454547,58.40909090909091,8835.681818181818,8667.302631578947,287.10526315789474,14.280219780219781,446.42105263157896,9842.171052631578,19596.68,466.96,17.5,257.92,11205.6,3934197014
57,22763.5,2384.8,21.545454545454547,0.0,18586.0,0.0,0.0,0.0,0.0,0.0,8510.0,271.1111111111111,15.666666666666666,673.5555555555555,8977.222222222223,21310.403846153848,3844.269230769231,20.865384615384617,3.769230769230769,17073.75,0.0,0.0,0.0,0.0,0.0,7580.130434782609,318.5217391304348,14.375,442.4347826086956,9638.91304347826,22125.066666666666,5236.066666666667,21.333333333333332,25.666666666666668,21886.0,18276.57894736842,3099.1052631578946,21.444444444444443,950.1578947368421,19878.947368421053,0.0,0.0,0.0,0.0,0.0,13218.666666666668,1527.0833333333333,18.833333333333332,1338.3333333333333,11109.583333333332,3934299285
58,19391.0,2451.1428571428573,21.571428571428573,0.0,17901.428571428572,5414.0526315789475,751.3684210526316,15.75,485.3157894736842,10162.368421052632,8085.533333333334,2830.266666666667,13.379310344827585,660.6666666666666,9039.0,22202.677419354837,5999.612903225807,22.516129032258064,0.0,22010.483870967742,11061.973684210527,260.39473684210526,17.85,2.1052631578947367,12366.315789473683,7580.130434782609,318.5217391304348,14.375,442.4347826086956,9638.91304347826,24655.615384615387,6168.7692307692305,21.692307692307693,238.53846153846155,22525.0,11901.0,473.5,17.571428571428573,142.5,16867.5,0.0,0.0,0.0,0.0,0.0,21822.060606060604,336.45454545454544,18.484848484848484,40.42424242424242,11984.090909090908,3934416979
59,22763.5,2384.8,21.545454545454547,0.0,18586.0,12334.0,270.5,13.142857142857142,0.0,8921.25,8510.0,271.1111111111111,15.666666666666666,673.5555555555555,8977.222222222223,23675.875,1778.375,20.75,78.5,18354.375,14267.666666666668,1919.1666666666667,20.0,1234.6666666666667,14358.541666666668,7580.130434782609,318.5217391304348,14.375,442.4347826086956,9638.91304347826,22125.066666666666,5236.066666666667,21.333333333333332,25.666666666666668,21886.0,14609.962962962964,3713.703703703704,19.0,5.925925925925926,17654.62962962963,0.0,0.0,0.0,0.0,0.0,11717.862068965516,344.41379310344826,17.06896551724138,10.586206896551724,12283.103448275862,3934531879
60,22658.333333333332,6146.0,19.25,0.0,17717.5,11543.2,1951.2,18.2,710.6,14058.0,14349.8,2050.0,20.0,0.0,16742.0,10311.333333333334,591.6666666666666,16.8,118.33333333333333,6938.333333333333,6203.666666666667,239.77272727272728,14.704545454545455,384.2878787878788,8892.121212121212,18923.0,1021.8,19.6,1872.8,21510.0,7571.172413793103,1744.9310344827586,16.06896551724138,222.6206896551724,12703.103448275862,9036.826086956522,1854.8695652173913,15.14,242.30434782608697,8529.782608695652,17515.92105263158,4949.131578947368,18.295774647887324,0.0,19698.157894736843,5679.222222222223,166.0,14.222222222222221,362.22222222222223,7588.333333333333,3934691232
61,25992.7,2841.4,19.0,15.7,19051.0,9804.764705882353,92.92941176470588,16.954545454545453,10.341176470588236,11914.529411764706,9780.716981132075,182.69811320754718,16.547169811320753,959.6037735849056,8824.811320754718,5718.666666666667,200.57142857142858,13.075,204.66666666666666,7450.714285714285,11264.754098360656,5464.360655737705,18.81132075471698,229.4262295081967,16689.262295081968,16995.352941176472,2120.470588235294,20.916666666666668,0.0,25899.41176470588,12305.842105263158,479.0263157894737,18.40625,0.0,13958.684210526317,0.0,0.0,0.0,0.0,0.0,9409.857142857143,201.71428571428572,14.0,246.0,8224.285714285714,6061.416666666667,197.0,14.416666666666666,499.25,8905.416666666666,3934811274
62,0.0,0.0,0.0,0.0,0.0,17832.0,2565.1428571428573,19.0,0.0,16653.571428571428,3549.8380952380953,312.67619047619047,13.488,5792.133333333333,8202.047619047618,15994.041666666668,589.6666666666666,20.11111111111111,0.0,13440.208333333332,8152.9,142.8,13.863636363636363,40.0,8797.0,19750.96,5322.52,20.44,429.12,18261.0,9309.0,0.0,15.083333333333334,0.0,8860.0,18499.333333333332,6461.555555555556,19.466666666666665,10.0,19662.222222222223,9227.186046511628,2188.0232558139537,16.41860465116279,178.62790697674419,12265.46511627907,6353.5,167.875,16.9,3074.375,10098.125,3935657118
63,13429.794871794871,3683.923076923077,18.897435897435898,0.0,14949.48717948718,6531.909090909091,400.3636363636364,13.26086956521739,547.0,9763.181818181818,0.0,0.0,0.0,0.0,0.0,12563.42857142857,6251.571428571428,17.533333333333335,24.5,12363.214285714286,10428.105263157895,1273.842105263158,15.742857142857144,49.21052631578947,11575.0,17185.0,2213.2272727272725,19.043478260869566,0.0,17056.136363636364,19556.125,3066.85,19.333333333333332,6.125,18015.375,7765.0,290.4418604651163,15.953488372093023,68.53488372093024,8881.046511627907,8965.333333333334,1040.0,17.625,81.0,13121.666666666666,8152.9,142.8,13.863636363636363,40.0,8797.0,3935718039
64,0.0,0.0,0.0,0.0,0.0,18649.42424242424,6621.393939393939,19.03030303030303,0.0,19287.727272727272,15298.083333333332,2100.3333333333335,19.875,1689.0416666666667,14338.333333333332,0.0,0.0,0.0,0.0,0.0,6555.4,946.8,13.8,0.0,8478.0,9210.555555555555,159.66666666666666,18.88888888888889,0.0,10176.111111111111,10411.434782608696,119.47826086956522,19.608695652173914,176.47826086956522,12594.239130434784,22397.85714285714,1250.4857142857143,21.17142857142857,2.2857142857142856,20311.0,22965.415094339623,8296.603773584906,21.150943396226417,6.150943396226415,24728.96226415094,11691.257142857143,205.8,17.8,10.428571428571429,11783.0,3935790916
65,0.0,0.0,0.0,0.0,0.0,22704.166666666668,2136.0,21.166666666666668,0.0,17356.666666666668,15245.375,226.5,14.6,50.0,9775.0,16868.176470588234,2972.235294117647,18.88235294117647,0.0,14921.764705882353,7223.621621621622,327.6756756756757,15.162162162162161,127.32432432432432,8105.540540540541,15213.6875,2410.8125,17.5,160.75,13955.0,6756.125,156.375,15.75,0.0,9184.375,17103.739130434784,4704.913043478261,20.652173913043477,0.0,19004.130434782608,15175.96875,6564.1875,19.242424242424242,112.28125,19113.75,8445.166666666666,1829.7619047619048,16.928571428571427,146.02380952380952,12593.095238095239,3935855156
66,9210.555555555555,159.66666666666666,18.88888888888889,0.0,10176.111111111111,6756.125,156.375,15.75,0.0,9184.375,25087.4,4908.0,22.4,0.0,25546.0,19626.89285714286,3230.0714285714284,19.964285714285715,1176.75,17599.464285714286,11389.5,797.4375,18.6875,636.8125,14004.0625,12936.51923076923,108.23076923076923,14.253333333333334,63.73076923076923,9735.673076923076,27030.88888888889,4163.777777777777,22.444444444444443,0.0,24904.166666666668,15298.083333333332,2100.3333333333335,19.875,1689.0416666666667,14338.333333333332,15496.1,1628.7,19.0,390.0,15562.0,14447.2,734.1333333333333,17.733333333333334,8775.133333333333,10063.333333333334,3935917464
67,0.0,0.0,0.0,0.0,0.0,0.0,0.0,0.0,0.0,0.0,6626.28125,227.03125,15.325301204819278,126.6875,8474.84375,22759.444444444445,1725.6666666666667,21.11111111111111,136.44444444444446,17896.666666666668,14655.52,1956.92,20.2,1311.32,14649.4,17903.846153846152,540.8461538461538,23.076923076923077,1936.6923076923076,17780.0,9631.935483870968,453.3225806451613,17.71875,930.0967741935484,13669.516129032258,12617.0,1203.5,20.0,768.5,17100.0,7076.235294117647,160.01960784313727,16.517857142857142,201.66666666666666,9534.509803921568,19677.4,1773.1333333333334,21.36842105263158,1243.6666666666667,19475.666666666668,3936038407
68,18046.714285714286,2576.714285714286,21.142857142857142,2672.1428571428573,16357.5,21502.0,250.0,12.933333333333334,0.0,11195.0,17602.033333333333,6092.866666666667,20.263157894736842,0.0,19406.166666666668,7065.555555555556,209.92592592592592,16.214285714285715,206.85185185185185,9001.851851851852,16469.48,4505.36,21.24,0.0,17640.0,23813.39285714286,3885.5,21.0,0.0,20173.75,10004.833333333334,2743.0,14.142857142857142,1040.5,10512.5,7612.642857142857,232.21428571428572,16.785714285714285,1323.4285714285713,10050.0,19147.266666666666,3294.8,21.466666666666665,1074.8,18208.0,9184.04347826087,1732.0434782608695,18.608695652173914,378.4782608695652,12558.478260869564,3936208040
69,10327.866666666667,830.6,18.302325581395348,1274.9555555555555,13584.111111111111,21502.0,250.0,12.933333333333334,0.0,11195.0,32919.0,5965.0,15.4,0.0,24275.0,6942.55,87.85,15.685714285714285,266.3,9308.25,37128.4,6739.0,22.6,0.0,26019.0,30623.0,4290.4,21.4,0.0,19653.0,16400.25,365.25,17.076923076923077,337.5,10090.625,6626.28125,227.03125,15.325301204819278,126.6875,8474.84375,22754.916666666668,4744.055555555556,22.27777777777778,23.75,20673.055555555555,15589.035714285714,601.1071428571429,19.363636363636363,25.25,16833.035714285714,3936321758
70,8782.27619047619,138.13333333333333,17.813084112149532,30.419047619047618,10653.952380952382,33271.333333333336,327.6666666666667,21.285714285714285,12.0,20305.0,7426.757575757576,246.46969696969697,15.08641975308642,585.5454545454545,8249.924242424242,16327.25,2748.9375,18.94871794871795,0.0,16997.96875,8604.76923076923,358.3333333333333,17.023809523809526,91.61538461538461,13433.076923076924,0.0,0.0,0.0,0.0,0.0,7698.666666666667,1816.8666666666666,16.2,215.2,12714.333333333332,9156.375,1895.4166666666667,15.215686274509803,232.20833333333334,8580.0,0.0,0.0,0.0,0.0,0.0,0.0,0.0,0.0,0.0,0.0,3936473615
71,18240.075,3568.3,20.711111111111112,0.0,18977.375,12620.313725490196,3079.6862745098038,18.433962264150942,7.8431372549019605,15988.43137254902,7426.757575757576,246.46969696969697,15.08641975308642,585.5454545454545,8249.924242424242,0.0,0.0,0.0,0.0,0.0,8604.76923076923,358.3333333333333,17.023809523809526,91.61538461538461,13433.076923076924,15876.8,3255.7,18.7,368.2,15226.5,9149.954545454546,1819.3181818181818,19.608695652173914,0.0,13980.681818181818,10647.07142857143,1643.7142857142858,19.61111111111111,0.0,16819.64285714286,8328.92857142857,433.92857142857144,15.689655172413794,4380.964285714285,8483.214285714286,9810.481481481482,182.85185185185185,16.555555555555557,982.574074074074,8880.74074074074,3936679099
72,4697.033333333334,274.1333333333333,13.933333333333334,1420.9666666666667,7792.333333333333,15391.833333333332,2425.5,19.625,0.0,16252.5,26539.666666666668,1347.6666666666667,21.875,3846.6666666666665,24018.333333333332,25002.181818181816,2798.181818181818,20.636363636363637,311.8181818181818,27376.363636363636,17638.875,3486.25,19.8,50.0,12778.125,6661.0,2294.0,14.058823529411764,397.3333333333333,10631.666666666666,0.0,0.0,0.0,0.0,0.0,21566.296296296296,8602.407407407407,21.5,86.92592592592592,23226.48148148148,10519.2,1100.5,19.862745098039216,486.2,13913.5,0.0,0.0,0.0,0.0,0.0,3937435514
73,8331.9375,338.625,16.02777777777778,291.3125,9337.1875,,,14.454545454545455,,,0.0,0.0,0.0,0.0,0.0,18297.666666666668,328.8333333333333,20.3,0.0,14802.5,13111.235294117647,2759.764705882353,20.11764705882353,0.0,18000.882352941175,12695.444444444443,419.44444444444446,16.77777777777778,4955.888888888889,9423.333333333334,9068.811320754718,2124.4528301886794,17.264150943396228,362.35849056603774,12937.358490566037,31099.1,167.7,20.25,108.25,20515.75,11279.083333333332,108.16666666666667,15.833333333333334,500.9166666666667,8018.333333333333,0.0,0.0,0.0,0.0,0.0,3937484599
74,11326.25,1734.75,17.5,0.0,11407.5,17995.75,4920.0,20.8,0.0,17295.0,29043.428571428572,169.57142857142858,20.142857142857142,153.71428571428572,20206.428571428572,10744.9,1899.0333333333333,18.774193548387096,169.36666666666667,13867.166666666668,15305.210526315788,88.36842105263158,16.894736842105264,387.1578947368421,9449.473684210527,0.0,0.0,0.0,0.0,0.0,17975.720930232557,1152.7441860465117,19.986301369863014,0.0,20018.720930232557,9566.897959183674,332.40816326530614,15.877551020408163,3125.265306122449,9221.020408163266,5930.24,269.8,13.261904761904763,6273.72,6967.2,0.0,0.0,0.0,0.0,0.0,3937537639
75,6640.105263157895,416.1578947368421,15.090909090909092,186.57894736842104,9326.052631578947,17995.75,4920.0,20.8,0.0,17295.0,20549.181818181816,2005.1818181818182,19.346153846153847,0.0,19163.409090909092,10744.9,1899.0333333333333,18.774193548387096,169.36666666666667,13867.166666666668,5730.166666666667,146.0,13.75,500.3333333333333,8569.166666666666,0.0,0.0,0.0,0.0,0.0,17975.720930232557,1152.7441860465117,19.986301369863014,0.0,20018.720930232557,9566.897959183674,332.40816326530614,15.877551020408163,3125.265306122449,9221.020408163266,5930.24,269.8,13.261904761904763,6273.72,6967.2,14928.954545454544,1508.5,19.636363636363637,778.7272727272727,12573.181818181818,3937609487
76,6986.5,40.333333333333336,15.0,978.0,9427.5,0.0,0.0,0.0,0.0,0.0,16885.166666666668,4650.916666666667,20.541666666666668,0.0,18679.791666666668,20074.661016949154,3801.423728813559,19.93220338983051,1.6101694915254237,20558.389830508477,12228.058823529413,867.0588235294117,19.058823529411764,599.3529411764706,14539.411764705883,0.0,0.0,0.0,0.0,0.0,7212.571428571428,3077.0,13.777777777777779,3515.714285714286,9632.857142857143,17793.96,4866.96,19.5609756097561,1362.16,17116.8,9373.704545454546,2186.7272727272725,16.613636363636363,207.5,12428.068181818182,6874.690909090909,244.6909090909091,13.961538461538462,246.23636363636365,7479.636363636364,3937695236
77,8910.666666666666,249.93333333333334,18.8125,5.333333333333333,10925.0,10314.127659574468,116.93617021276596,19.51063829787234,172.72340425531914,12485.31914893617,24684.84,1617.96,21.84,0.0,22164.4,20074.661016949154,3801.423728813559,19.93220338983051,1.6101694915254237,20558.389830508477,0.0,0.0,0.0,0.0,0.0,0.0,0.0,0.0,0.0,0.0,7212.571428571428,3077.0,13.777777777777779,3515.714285714286,9632.857142857143,8330.5,318.0,16.2,102.25,13097.5,22984.444444444445,7403.333333333333,22.5,130.94444444444446,22184.444444444445,9094.631578947368,166.0,14.921052631578947,219.94736842105263,9263.157894736842,3937770762
78,25533.833333333332,3063.6666666666665,22.076923076923077,0.0,20970.833333333332,0.0,0.0,0.0,0.0,0.0,6932.159420289855,225.1159420289855,15.04109589041096,247.43478260869566,9008.768115942028,0.0,0.0,0.0,0.0,0.0,16062.241379310344,600.4827586206897,19.529411764705884,24.379310344827587,17184.48275862069,5826.608695652174,230.3913043478261,16.47826086956522,1596.695652173913,9278.260869565218,18040.325,1549.4,19.441860465116278,779.175,18389.625,11622.45,7711.4,18.612903225806452,2896.1,16373.75,9960.923076923076,1864.076923076923,16.0,352.2307692307692,9819.23076923077,9287.380952380952,1071.6666666666667,18.045454545454547,0.0,12765.714285714286,3937843537
79,8294.0,1926.3,17.16,134.1,12151.5,0.0,0.0,0.0,0.0,0.0,10922.964285714286,506.7857142857143,16.515151515151516,7532.535714285715,8821.785714285714,19666.7,2757.1,20.3,902.4,19433.0,0.0,0.0,0.0,0.0,0.0,17782.277777777777,3113.1666666666665,22.0,6.944444444444445,20857.777777777777,11548.803921568628,308.1372549019608,16.96078431372549,328.4901960784314,10385.980392156864,6779.181818181818,239.45454545454547,15.552941176470588,122.84848484848484,8692.954545454546,20955.916666666668,1603.361111111111,21.694444444444443,754.8888888888889,18236.805555555555,15758.692307692309,2064.5384615384614,20.384615384615383,1306.6923076923076,15714.807692307691,3937936341
80,7940.393939393939,314.1515151515151,15.11111111111111,80.81818181818181,8310.454545454546,18610.066666666666,7901.966666666666,21.1,0.0,23109.166666666668,18402.72,4227.32,19.796610169491526,13.76,17737.7,0.0,0.0,0.0,0.0,0.0,9427.208333333334,99.91666666666667,17.62,113.35416666666667,10345.833333333332,18244.416666666668,4038.3333333333335,21.333333333333332,24.583333333333332,19470.0,6594.5,414.6666666666667,13.458333333333334,679.75,10006.666666666666,9771.444444444445,4430.333333333333,18.642857142857142,0.0,15487.777777777777,12751.8,6154.933333333333,17.75,22.866666666666667,12718.666666666668,10609.45,1318.55,15.833333333333334,115.7,11542.75,3941137339
81,24853.0,2187.2727272727275,20.454545454545453,0.0,15028.181818181818,10106.305555555555,254.08333333333334,17.767857142857142,108.91666666666667,11516.666666666668,18308.46153846154,4918.0,19.642857142857142,1331.423076923077,17197.69230769231,7085.6,427.0,16.8,4880.4,11093.0,6429.375,288.875,14.535714285714286,181.875,8689.375,8013.555555555556,541.1111111111111,14.785714285714286,6854.925925925926,8767.592592592593,26739.875,2676.4375,21.1875,267.75,24936.25,0.0,0.0,0.0,0.0,0.0,12388.190476190475,795.6190476190476,18.576923076923077,279.42857142857144,15596.666666666668,15497.4,142.2,17.0,217.0,17897.0,3941208711
82,3628.285714285714,237.14285714285714,11.818181818181818,2045.5714285714287,5555.714285714285,21156.464285714286,8361.214285714286,21.37837837837838,83.82142857142857,22897.678571428572,10862.174757281553,198.89320388349515,17.416,239.59223300970874,11218.300970873786,15816.384615384615,909.4615384615385,17.9375,0.0,14681.153846153846,25026.333333333332,188.16666666666666,19.666666666666668,0.0,17126.666666666668,14006.58536585366,1755.341463414634,19.833333333333332,0.0,16842.560975609755,16652.666666666668,360.22222222222223,17.428571428571427,492.8888888888889,10363.333333333334,6790.134328358209,236.67164179104478,15.581395348837209,126.16417910447761,8690.671641791045,20766.977777777778,1317.9777777777779,20.085106382978722,17.91111111111111,17403.222222222223,15639.666666666668,2065.962962962963,20.48148148148148,1561.6666666666667,15618.333333333332,3941338408
83,22011.227272727272,3505.2727272727275,21.52173913043478,0.0,23529.545454545456,7792.242424242424,336.8484848484849,16.333333333333332,196.6969696969697,10563.78787878788,11302.134615384615,544.5384615384615,16.796296296296298,4832.923076923077,11287.692307692309,17858.125,1886.5,19.375,157.5,15018.75,9620.115384615385,296.65384615384613,16.5625,0.0,11700.576923076924,10046.52380952381,395.0952380952381,15.964285714285714,2993.3809523809523,9030.238095238095,13557.4,6329.533333333334,20.75,9365.2,18271.333333333332,13749.904761904761,197.04761904761904,17.238095238095237,43.95238095238095,10494.047619047618,19697.0,3495.1666666666665,17.217391304347824,589.9166666666666,14295.0,22189.472222222223,995.9583333333334,21.51388888888889,2.8333333333333335,18651.041666666668,3941422211
84,7020.571428571428,152.71428571428572,16.285714285714285,118.57142857142857,10630.0,20465.615384615387,141.30769230769232,18.4375,0.0,11113.461538461537,27919.5,4122.0,23.6,1270.0,24958.75,15816.384615384615,909.4615384615385,17.9375,0.0,14681.153846153846,22189.472222222223,995.9583333333334,21.51388888888889,2.8333333333333335,18651.041666666668,7940.393939393939,314.1515151515151,15.11111111111111,80.81818181818181,8310.454545454546,19961.0,5463.153846153846,22.214285714285715,0.0,23113.846153846152,15407.739130434784,2984.3478260869565,19.703703703703702,488.0,17059.782608695652,6013.72,399.58,16.0,15.78,11550.4,8474.16,556.0,17.59259259259259,279.88,10821.2,3941608894
85,0.0,0.0,0.0,0.0,0.0,13574.210526315788,2576.1052631578946,20.0,0.0,17634.736842105263,13749.904761904761,197.04761904761904,17.238095238095237,43.95238095238095,10494.047619047618,15816.384615384615,909.4615384615385,17.9375,0.0,14681.153846153846,22189.472222222223,995.9583333333334,21.51388888888889,2.8333333333333335,18651.041666666668,8013.555555555556,541.1111111111111,14.785714285714286,6854.925925925926,8767.592592592593,27137.14285714286,3124.0,22.571428571428573,1462.857142857143,21101.428571428572,15407.739130434784,2984.3478260869565,19.703703703703702,488.0,17059.782608695652,11257.78125,1842.3125,19.151515151515152,158.78125,14060.46875,10186.8,88.86666666666666,18.133333333333333,186.56666666666666,9915.333333333334,3941740660
86,7471.285714285715,260.9183673469388,14.596330275229358,409.6938775510204,8874.69387755102,11336.285714285714,2409.5714285714284,19.333333333333332,93.5,17991.428571428572,20751.695652173912,1944.6521739130435,19.555555555555557,0.0,19243.91304347826,11257.78125,1842.3125,19.151515151515152,158.78125,14060.46875,0.0,0.0,0.0,0.0,0.0,10046.52380952381,395.0952380952381,15.964285714285714,2993.3809523809523,9030.238095238095,13780.5,2093.7,20.1,0.0,16913.0,26535.9375,91.8125,18.5,0.0,11862.1875,16787.285714285714,281.85714285714283,19.727272727272727,14.285714285714286,14012.142857142857,0.0,0.0,0.0,0.0,0.0,3941931884
87,0.0,0.0,0.0,0.0,0.0,19618.081632653062,2387.183673469388,21.083333333333332,11.612244897959183,18009.591836734693,11763.0,1543.0,20.25,0.0,10640.0,0.0,0.0,0.0,0.0,0.0,0.0,0.0,0.0,0.0,0.0,4354.909090909091,1105.1363636363637,14.4375,4172.409090909091,9152.727272727272,11761.0,643.6363636363636,17.681818181818183,408.27272727272725,13684.318181818182,30947.666666666668,162.52380952380952,20.333333333333332,112.61904761904762,20177.61904761905,14899.0,1470.2,16.4,765.4,10022.0,19037.8,4109.133333333333,19.733333333333334,1447.3111111111111,17155.11111111111,3942119450
88,4660.4838709677415,270.0967741935484,13.903225806451612,1468.032258064516,7776.451612903225,19253.571428571428,3244.1428571428573,18.0,396.57142857142856,14424.285714285714,30947.666666666668,162.52380952380952,20.333333333333332,112.61904761904762,20177.61904761905,9285.125,106.25,15.8,97.5,8916.041666666666,17136.0,8798.8,20.4,69.0,14475.0,0.0,0.0,0.0,0.0,0.0,18467.733333333334,1162.3333333333333,20.12,0.0,20260.555555555555,9612.803921568628,336.6470588235294,16.15686274509804,3245.176470588235,9417.745098039215,8533.714285714286,453.42857142857144,13.6,530.7142857142857,8736.42857142857,0.0,0.0,0.0,0.0,0.0,3942260942
89,6469.5,295.72727272727275,13.375,662.6363636363636,8022.727272727273,22525.178571428572,7021.678571428572,20.392857142857142,107.85714285714286,23314.821428571428,18401.117647058825,4219.725490196079,19.883333333333333,13.490196078431373,17813.039215686276,10106.333333333334,933.5,19.0,251.83333333333334,12151.666666666668,0.0,0.0,0.0,0.0,0.0,0.0,0.0,0.0,0.0,0.0,17910.788990825688,3474.119266055046,20.365671641791046,381.0,20500.4128440367,7443.272727272727,326.54545454545456,16.181818181818183,376.90909090909093,9305.454545454546,16284.818181818182,347.3636363636364,17.642857142857142,446.1818181818182,10290.0,13801.058823529413,2504.9411764705883,17.352941176470587,368.52941176470586,10379.411764705883,3943204781
90,0.0,0.0,0.0,0.0,0.0,16078.142857142857,1498.1904761904761,20.142857142857142,0.0,16721.190476190477,6515.84,211.88,16.68,51.4,8856.6,10967.027777777777,181.36111111111111,15.384615384615385,625.3333333333334,9184.583333333334,14488.727272727274,699.1818181818181,17.727272727272727,30.0,11941.818181818182,8843.862068965518,539.4137931034483,15.4,7851.862068965517,9548.448275862069,12012.133333333333,2672.266666666667,19.625,87.26666666666667,17958.333333333332,25248.4,2720.8,21.6,88.0,19496.0,11240.0,261.69444444444446,17.789473684210527,23.13888888888889,12067.777777777777,0.0,0.0,0.0,0.0,0.0,3943262880
91,0.0,0.0,0.0,0.0,0.0,14922.25,3137.660714285714,19.083333333333332,17.767857142857142,18600.446428571428,7443.272727272727,326.54545454545456,16.181818181818183,376.90909090909093,9305.454545454546,9300.875,396.75,13.80952380952381,466.25,8813.125,13801.058823529413,2504.9411764705883,17.352941176470587,368.52941176470586,10379.411764705883,7979.457142857143,315.57142857142856,15.368421052631579,76.2,8507.0,13386.3,3481.96,20.07843137254902,0.0,19177.8,32879.125,148.375,20.75,134.5,21075.0,10106.333333333334,933.5,19.0,251.83333333333334,12151.666666666668,0.0,0.0,0.0,0.0,0.0,3943365614
92,7979.457142857143,315.57142857142856,15.368421052631579,76.2,8507.0,12704.086956521738,4421.5,19.851063829787233,274.9782608695652,18631.95652173913,16266.204081632653,3123.8571428571427,19.053571428571427,86.04081632653062,19200.510204081635,11825.529411764706,1819.4705882352941,19.37142857142857,173.3235294117647,14522.058823529413,9422.387755102041,97.87755102040816,17.647058823529413,121.40816326530613,10347.959183673469,10806.533333333333,1789.8666666666666,18.5,379.2,10253.333333333334,10435.366336633662,340.019801980198,16.245098039215687,2301.1485148514853,13246.732673267326,17029.40740740741,3111.740740740741,19.620689655172413,0.0,17545.37037037037,23333.583333333332,2661.3333333333335,20.166666666666668,456.25,25809.166666666668,17447.333333333332,9933.5,21.166666666666668,57.5,15746.666666666668,3943547236
93,8249.333333333334,290.77777777777777,15.416666666666666,71.44444444444444,8471.388888888889,20404.375,3420.625,18.625,352.0,15004.375,19854.5,2865.1666666666665,20.333333333333332,0.0,18792.5,9466.56,107.48,16.076923076923077,125.28,9047.0,16988.11111111111,3744.3333333333335,19.636363636363637,88.88888888888889,12989.444444444443,7979.457142857143,315.57142857142856,15.368421052631579,76.2,8507.0,12012.133333333333,2672.266666666667,19.625,87.26666666666667,17958.333333333332,30910.6,4342.4,22.8,2373.0,29124.0,11825.529411764706,1819.4705882352941,19.37142857142857,173.3235294117647,14522.058823529413,0.0,0.0,0.0,0.0,0.0,3943673479
94,7461.515151515152,263.8686868686869,14.618181818181819,429.2929292929293,8872.626262626263,21890.1,5634.4,21.2,35.95,21994.25,25248.4,2720.8,21.6,88.0,19496.0,15047.2,387.0,20.4,658.2,14832.0,6207.818181818182,421.1818181818182,16.142857142857142,390.0,10224.545454545454,11999.2,394.5,16.4,4941.8,8982.5,9071.722222222223,2142.8703703703704,17.25925925925926,360.8333333333333,12898.796296296296,21346.6,3002.4,20.833333333333332,0.0,19454.0,14856.0,1432.8333333333333,16.833333333333332,637.8333333333334,10035.0,8444.07142857143,4124.857142857143,16.38888888888889,0.0,14335.714285714286,3943790375
95,6745.8,407.05,15.304347826086957,177.25,9635.75,16444.0,2856.1428571428573,20.818181818181817,0.0,21467.85714285714,18401.117647058825,4219.725490196079,19.883333333333333,13.490196078431373,17813.039215686276,15047.2,387.0,20.4,658.2,14832.0,7312.55,1653.725,14.4,2883.975,10779.625,6277.961538461538,494.7307692307692,13.878787878787879,3427.076923076923,7533.846153846154,15427.57142857143,2493.285714285714,19.555555555555557,0.0,15872.857142857143,31715.95652173913,148.3913043478261,20.652173913043477,123.8695652173913,20212.391304347824,16318.153846153846,89.76923076923077,17.153846153846153,481.6923076923077,9910.0,0.0,0.0,0.0,0.0,0.0,3943893584
96,11999.2,394.5,16.4,4941.8,8982.5,9071.722222222223,2142.8703703703704,17.25925925925926,360.8333333333333,12898.796296296296,17029.40740740741,3111.740740740741,19.620689655172413,0.0,17545.37037037037,23333.583333333332,2661.3333333333335,20.166666666666668,456.25,25809.166666666668,17447.333333333332,9933.5,21.166666666666668,57.5,15746.666666666668,7461.515151515152,263.8686868686869,14.618181818181819,429.2929292929293,8872.626262626263,20630.071428571428,5732.071428571428,22.4,0.0,23729.285714285714,25248.4,2720.8,21.6,88.0,19496.0,5146.0,214.66666666666666,15.583333333333334,1482.6666666666667,10248.333333333334,0.0,0.0,0.0,0.0,0.0,3943981461
