,radiant_H1_AvgElo,match_id,radiant_H2_AvgElo,radiant_H3_AvgElo,radiant_H4_AvgElo,radiant_H5_AvgElo,dire_H1_AvgElo,dire_H2_AvgElo,dire_H3_AvgElo,dire_H4_AvgElo,dire_H5_AvgElo
0,-5.3200927117947385,3822082340,-2.928391669841535,-5.597831014974857,-0.6242049696574502,-4.6295373427647055,4.925534875926334,-2.9499355044988187,0.08562532139489301,2.0503446865692596,3.844575421671309
1,-0.6138388052320654,3822153999,0.7587736580308512,-0.4365037908120445,0.8980307453554764,1.6008900409925677,1.1476977155610053,1.3451771267072463,0.996529939978619,-4.6295373427647055,1.4745248727943763
2,1.3451771267072463,3822304009,1.0971786433084727,0.0,-2.492410326337632,-2.9499355044988187,-5.564557184429867,-0.6242049696574502,0.08562532139489301,1.051348117183996,1.4745248727943763
3,0.08562532139489301,3822412089,0.996529939978619,-0.6138388052320654,-2.9499355044988187,-1.3453305768103991,3.443406360389835,-5.597831014974857,2.7146891074481774,-11.557376439680883,2.875515066495156
4,-0.6242049696574502,3822580779,1.1476977155610053,0.8980307453554764,-3.2096376603803725,3.065220232899071,0.08562532139489301,2.3654966954672436,-4.6295373427647055,4.827920005474181,-1.812476168627242
5,-0.7965868380931103,3822690978,2.3654966954672436,2.910560701972631,0.0,1.4745248727943763,3.065220232899071,1.1476977155610053,-4.6295373427647055,1.051348117183996,0.08562532139489301
6,3.065220232899071,3822895336,3.844575421671309,2.3654966954672436,-3.2096376603803725,0.8564361780743834,1.3451771267072463,-0.7965868380931103,-2.492410326337632,-11.557376439680883,0.7587736580308512
7,-4.6295373427647055,3823008429,-0.35561697526376773,-3.2096376603803725,-11.557376439680883,-7.513711642045935,3.065220232899071,-0.6138388052320654,0.0,-1.8969822444888655,1.1014364502225096
8,1.2517106863010359,3828770018,0.02505897796489866,0.2983846023678274,-2.2289874552413567,0.9474915854500321,0.0,3.891207317523223,-0.49010017205258366,1.7225245774644848,1.2933406408510988
9,-2.2289874552413567,3828974488,1.1787357598628254,0.02505897796489866,1.4409274053094916,1.6675052388387055,-0.19500382085879142,1.7225245774644848,-5.59685795971139,3.891207317523223,4.75135259620953
10,-0.9552487212487906,3829119614,2.7970807995758045,-0.9651270692845063,1.102655815086567,0.2983846023678274,0.9250236896080565,-2.813132687204634,1.1787357598628254,2.96256471930227,3.891207317523223
11,1.2081150182192946,3829231416,0.02505897796489866,3.661615996822479,-0.9651270692845063,5.890201789769342,0.6598939031591211,3.891207317523223,2.9864646737249565,2.0916528391743214,-0.19500382085879142
12,-0.49010017205258366,3829376689,-0.6840262587625061,2.9864646737249565,-0.9651270692845063,1.5513273237392105,0.6598939031591211,3.891207317523223,-0.21812784079713024,1.2933406408510988,1.6816246536607882
13,0.3875067583762143,3829506426,-3.095865233621545,-0.5763952738896513,-0.38891711751670427,1.2214460251084251,-1.058684263724743,-0.7768683897137829,5.1803664912206715,2.828158831346545,-2.8351913866821024
14,2.2815695108503933,3829564146,4.841115691397159,-3.05593355990611,1.388289030913107,1.2214460251084251,-8.544239232075663,-0.7768683897137829,-0.5763952738896513,2.828158831346545,-3.0660379403826896
15,1.287194978248071,3830307665,-3.0660379403826896,-4.804239495927563,0.9506673057615915,0.7823747185347869,2.789354939300818,2.3703317864183258,0.2825145494448221,-1.0313198401916264,1.388289030913107
16,1.287194978248071,3830446119,-7.123668153279021,-1.0313198401916264,-4.804239495927563,0.4956245288454043,-15.145786562773479,-0.4549206272359441,-5.2711382362085235,1.2214460251084251,1.6017672832970498
17,-4.7439362071489555,3830552431,2.2815695108503933,-1.0313198401916264,-4.804239495927563,-15.145786562773479,-2.8351913866821024,-0.4549206272359441,1.6016810776862738,0.9506673057615915,1.449268062871065
18,4.841115691397159,3830762107,1.449268062871065,2.1490527985048575,-0.6777812223614947,1.4240952980117247,-2.7796099021018126,0.0,0.9506673057615915,0.2825145494448221,1.801682692883204
19,1.6016810776862738,3830902400,-0.7768683897137829,3.15601432320632,-0.5763952738896513,0.4956245288454043,4.841115691397159,2.861853380314119,-2.3137564515714395,0.0,1.287194978248071
20,0.30072343540381086,3831006834,2.5484184866978805,-2.8351913866821024,-0.4549206272359441,2.6975588687266994,4.841115691397159,-2.3137564515714395,2.861853380314119,-4.25427048698753,3.15601432320632
21,2.5012496780154923,3831145338,-1.1225253722516122,-2.913066591990518,-0.22448341392633592,-14.739292155147977,1.6928611006362588,-5.633223651974008,1.5374780372702168,0.9696095532597855,1.0162967302615675
22,2.5012496780154923,3831243271,1.1375467907814159,0.0,4.623026994170993,1.8563363795601986,1.460532120883796,-5.633223651974008,2.625906079755484,5.27213543615286,2.8485134275706225
23,-2.913066591990518,3831900465,3.2198132491693574,1.262264589914354,1.460532120883796,1.8563363795601986,-1.0546403878531758,4.623026994170993,3.6290958349409954,2.8485134275706225,-0.8591119314264283
24,1.460532120883796,3832128441,-0.22448341392633592,2.5012496780154923,2.8485134275706225,2.625906079755484,-2.913066591990518,-0.7130945933347403,-1.2045623767033897,3.2198132491693574,1.0162967302615675
25,0.0,3832266067,5.27213543615286,-6.189824038409212,-0.0577632351677751,1.8563363795601986,-2.913066591990518,-1.5875828508953491,-1.2045623767033897,0.9696095532597855,1.750105141056094
26,-1.3504968605787921,3832355063,1.6938042851696629,2.4261864928630996,-0.7130945933347403,4.651916776929059,0.3581484011368421,-2.913066591990518,3.6290958349409954,3.7154257346770785,1.0162967302615675
27,1.6938042851696629,3832546445,-0.7130945933347403,-0.7741579892800623,1.1375467907814159,-2.4734039473918092,2.926399776056338,1.750105141056094,-1.2045623767033897,4.623026994170993,-2.146647120926791
28,-2.146647120926791,3832724862,-0.22448341392633592,2.4261864928630996,-6.189824038409212,0.9696095532597855,-2.913066591990518,0.15533542205841333,1.262264589914354,-0.7130945933347403,1.6938042851696629
29,-1.0546403878531758,3832863060,2.8485134275706225,-1.2045623767033897,-2.913066591990518,2.625906079755484,-0.0577632351677751,1.262264589914354,-0.9975543350776938,0.9696095532597855,1.8563363795601986
30,-3.3875507029313736,3832989883,-0.2925626359629331,-3.4399784317353412,0.9535651951322967,-1.9929265658589033,6.272661953227864,-2.947065148151426,-3.9825593087959668,1.769760140232477,2.6812110937706
31,-0.4905170214895464,3833080676,8.64657953098907,3.0307069612428643,-0.5038264251078852,6.272661953227864,1.1074793997877699,3.0256329493220506,-3.4399784317353412,0.9919616040440707,1.365642640699648
32,1.7635348358989114,3834007564,0.156047255123275,1.6324078756392566,-3.4399784317353412,2.6812110937706,1.769760140232477,3.0307069612428643,1.9125876268978124,0.0,1.7015677373186018
33,0.9535651951322967,3834092818,1.1666645315743316,2.6812110937706,4.834899988470789,0.6305356648846224,-3.3875507029313736,2.0273199558985917,-0.8369565101429124,1.8294182845567895,-1.5586113513087403
34,0.6305356648846224,3834233074,-10.165197340672227,-4.893228250170978,-0.5038264251078852,-14.739292155147977,-0.2925626359629331,2.8603757917621953,-4.299166959167056,3.0307069612428643,3.9301530345995483
35,2.0273199558985917,3834408289,-3.4399784317353412,1.7635348358989114,-0.2534865947368543,-0.3880862119066927,0.7489035947581579,-1.1545047253097767,-4.893228250170978,-0.4905170214895464,1.365642640699648
36,2.66906151009271,3834511370,-1.5586113513087403,-4.893228250170978,0.9535651951322967,-14.739292155147977,1.7412630985911939,-4.290564866811483,1.7015677373186018,1.365642640699648,3.9301530345995483
37,-0.2534865947368543,3834655304,0.156047255123275,0.0,0.6305356648846224,4.133121268830949,-1.1545047253097767,-0.36522671879448554,5.740000667202781,2.6812110937706,3.9301530345995483
38,0.6019886337682525,3834797908,-2.3779609808353137,2.1922217678284563,2.864552934759219,-0.4907212204421343,1.4571625788990896,-1.1041651901364096,2.3808404658802527,-2.2900254407245653,-1.6405454818238199
39,2.398657999672462,3834893237,2.3808404658802527,2.265838013647782,1.4571625788990896,-1.6405454818238199,-0.31012694510741895,-2.4439460031504217,2.1195980926508686,-1.5752372499229437,-2.3779609808353137
40,0.6019886337682525,3834963072,-2.3779609808353137,2.5354843659134954,-1.4798906545158859,-5.646040311198498,-2.998549779394496,-0.5273985420843367,-0.7283001345953015,-0.43396411283232955,1.3793679380720667
41,-2.2469912785201873,3836958580,1.898624923405237,0.3018594545181866,-2.363836053643385,-5.120012086953072,3.8050017446567526,0.4388436173691362,-0.30184137599293187,-5.595156905453445,-2.401203584523893
42,-1.2953016815180454,3837024562,0.4388436173691362,3.3141183558788794,-9.72888442708201,-0.3953440160396818,3.9582063987569636,-1.889647699794998,-5.120012086953072,0.3018594545181866,0.42737990204495857
43,-0.7093539403841407,3837137896,1.5017986240998735,0.4388436173691362,1.642266726877491,0.42737990204495857,-2.2469912785201873,2.535747350092334,-2.7022475315334975,2.3748779688378283,3.0938015418403313
44,1.657927940809062,3837207773,-2.2469912785201873,-2.624674335294454,1.642266726877491,2.070989389646824,-2.7022475315334975,1.224542507498536,-5.595156905453445,2.1401461066847283,1.5017986240998735
45,-1.889647699794998,3837570418,2.535747350092334,-4.939394745012841,-7.058105563741265,-1.2953016815180454,-1.1573268354703579,-0.6511820371586842,1.224542507498536,0.8183648046470537,-2.2469912785201873
46,3.9582063987569636,3837697180,0.0,-2.718964457177851,2.642572925011361,-2.2469912785201873,-1.889647699794998,3.8050017446567526,1.642266726877491,0.4388436173691362,2.2462007675680256
47,0.0,3837824557,-2.7022475315334975,1.5961007952212616,-2.2469912785201873,2.176973107554768,-2.401203584523893,2.1401461066847283,2.6793026820889323,-13.10420536074233,-0.7093539403841407
48,-2.8840477803143574,3837910351,-4.067070155869544,3.13067645731622,-9.775329543056197,-4.493307526757366,-0.4609655075137478,1.4879803129256075,-3.0561799731525716,-2.709751512385397,0.08203748115653374
49,-0.7538174812105909,3838453372,-7.916221756650551,2.6094472903480836,0.08203748115653374,1.850750550968965,-1.1133783971520375,3.13067645731622,1.4852953425163584,3.275079638222039,-2.8840477803143574
50,2.5640961665339934,3838501169,3.275079638222039,1.5578908056472378,3.13067645731622,-9.775329543056197,-0.23307365177193126,10.941807112972516,-2.5940500654608796,0.4737354197583711,0.6953838493762031
51,0.0,3839064195,-2.709751512385397,-2.5940500654608796,-1.463646870843835,-3.0561799731525716,-1.708269369110257,0.4737354197583711,1.0549031515625156,-5.40157190336895,-0.420909185379397
52,-0.23307365177193126,3839236257,0.4737354197583711,2.047966164225505,-2.1740726109572,-1.1133783971520375,1.4879803129256075,4.805011249828747,-3.0021280452958434,1.4852953425163584,-2.709751512385397
53,-1.0829523540209596,3839350897,1.0516951694638483,3.487229694856327,-5.586654476506436,-0.8109693561004524,4.293763195540252,0.9086842823975795,-7.442452372002572,-8.548079613820931,-2.3281620114356314
54,-0.8109693561004524,3839496597,-3.046139952228975,1.0749337390064595,0.574692182636584,1.5696030850240832,-0.6243255962736819,2.0219044894532425,3.487229694856327,4.133808940036089,-2.8826968538899735
55,0.0,3840225403,3.3428031519924364,3.1011709742124483,2.0114509540181396,-0.8109693561004524,5.486463189954117,-2.6521292397858613,1.5696030850240832,-4.825622256908145,0.0
56,-0.39993168839609167,3840323490,3.0247394277074475,0.17282789209548882,2.0114509540181396,2.391044138750837,-0.6243255962736819,-0.8109693561004524,1.0508368396456331,1.753572141018882,1.4233394429351185
57,-2.3281620114356314,3840773736,1.5696030850240832,1.0749337390064595,-0.6647900224811008,2.391044138750837,-0.6243255962736819,1.4233394429351185,3.487229694856327,-0.0376628877050571,-0.8109693561004524
58,-0.5153690542143127,3840888863,-4.921759527315099,0.8383425725377257,1.3221168062840845,-2.9171319113251033,-2.7756866713149675,-2.0208691801250906,1.0007587883309372,3.1725856435815607,0.29348776813546146
59,2.3528327023870026,3841477011,7.214356948493824,-3.2206837378478252,10.217846640225035,4.196920526906869,-0.055660982206340026,-0.11901041376261702,-0.863624470060098,0.3969139040929872,0.29348776813546146
60,-0.055660982206340026,3841543396,0.25809478209904535,1.1703641283274004,4.306624417529175,1.7728116259686089,1.0007587883309372,1.3728094490498537,2.945916156182756,3.260409632247621,1.5298282347734518
61,3.260409632247621,3841621187,-0.11901041376261702,-0.863624470060098,3.1725856435815607,0.0,4.600305232147957,1.2769324262781592,-2.3695534174944206,-4.000733331031746,-2.9171319113251033
62,7.214356948493824,3841665963,-0.055660982206340026,0.5909617550689632,3.1725856435815607,4.600305232147957,-0.863624470060098,-1.4673426907017155,1.7201624271692741,0.0,2.057861137806768
63,1.8138031937933718,3841687852,-2.7756866713149675,1.1703641283274004,0.6032175323119672,0.0,-0.055660982206340026,3.1725856435815607,1.2769324262781592,-1.7979393621111748,0.29348776813546146
64,-0.055660982206340026,3841740022,1.5934080971183417,-0.863624470060098,1.697970153059804,5.520806002613835,1.5298282347734518,0.8383425725377257,-4.921759527315099,0.0,0.28612284351582934
65,0.0,3841741234,4.306624417529175,2.7559314664700905,1.2769324262781592,3.33955989374417,1.8138031937933718,0.5909617550689632,2.057861137806768,-2.487366231538151,-2.7756866713149675
66,-4.681481704592449,3841796205,0.5909617550689632,-2.7756866713149675,0.6032175323119672,-0.055660982206340026,0.0,3.539590547148319,-4.000733331031746,4.600305232147957,3.33955989374417
67,-4.681481704592449,3841893562,1.0524423834601297,-4.000733331031746,-2.7756866713149675,-1.4673426907017155,-0.5153690542143127,3.058487493910842,1.3728094490498537,2.5051080712047344,1.5934080971183417
68,-0.5153690542143127,3841994108,1.3728094490498537,3.058487493910842,-3.2206837378478252,-2.7756866713149675,-1.0889287091324937,1.5934080971183417,-4.000733331031746,7.214356948493824,3.1725856435815607
69,-1.0889287091324937,3841995251,-0.11901041376261702,1.0007587883309372,-2.7756866713149675,-0.863624470060098,-4.921759527315099,-0.2341717054569977,1.5934080971183417,-5.784044753958539,-0.5153690542143127
70,-0.5153690542143127,3842011869,0.5909617550689632,-2.7756866713149675,3.539590547148319,-0.055660982206340026,-4.644883408792903,4.600305232147957,-1.4673426907017155,-0.11901041376261702,3.1725856435815607
71,-2.7756866713149675,3842103049,-1.0889287091324937,-0.2341717054569977,1.5298282347734518,-0.11901041376261702,7.214356948493824,0.29348776813546146,-4.644883408792903,1.5934080971183417,0.28612284351582934
72,-0.055660982206340026,3842116324,1.0524423834601297,-5.784044753958539,1.697970153059804,-0.863624470060098,4.600305232147957,7.214356948493824,2.3528327023870026,2.5051080712047344,3.33955989374417
73,1.3728094490498537,3842119964,3.058487493910842,-2.3695534174944206,4.600305232147957,2.3528327023870026,-0.5153690542143127,-1.0297602158130743,3.539590547148319,-4.681481704592449,-3.5164130494438215
74,-1.0889287091324937,3842225860,6.509660332504789,2.3528327023870026,-0.863624470060098,0.6032175323119672,-4.681481704592449,3.33955989374417,-2.3695534174944206,-5.784044753958539,0.0
75,-1.0829523540209596,3842314169,4.600305232147957,3.33955989374417,0.0,-4.000733331031746,-1.0026438859272466,1.697970153059804,3.539590547148319,1.2769324262781592,-2.9171319113251033
76,-0.2966797130712413,3842323290,1.0007587883309372,-6.587356743568661,-2.7756866713149675,0.29348776813546146,1.8138031937933718,1.5934080971183417,2.057861137806768,5.520806002613835,-8.548079613820931
77,-1.0889287091324937,3842324789,1.3728094490498537,1.5298282347734518,-0.863624470060098,1.3221168062840845,4.600305232147957,1.0007587883309372,-5.784044753958539,3.33955989374417,-2.7756866713149675
78,-0.5426564175845833,3842412322,4.66548051136034,-3.4991764327558648,-1.6368399850408981,-3.970788674561054,-1.3684318989439805,0.4357415319186557,0.0,-1.0010682999329186,-3.4480306659542297
79,-0.8174447570283009,3842426275,2.930350527643527,1.9408309106112343,5.535403838962904,-0.5858198519365052,4.125268781205086,1.5350748569929489,-1.9309757978755506,2.0991505832928627,-1.0010682999329186
80,1.9408309106112343,3842544257,1.386708381908177,1.6058601184176153,-5.2720816027833255,-0.8174447570283009,-0.6104789451813748,1.5350748569929489,-1.9309757978755506,-3.970788674561054,-1.0010682999329186
81,-1.3684318989439805,3842606973,1.386708381908177,5.22892301704592,2.873292646621086,4.66548051136034,1.3866845413411568,0.0,3.833331410684486,-8.174987047055088,-0.8174447570283009
82,1.5614536809876223,3842690958,-1.533676806134157,1.4097302886259766,1.6058601184176153,-0.6104789451813748,5.397250111690944,-3.9298123625044954,-0.8174447570283009,2.8468487549182955,-11.637059639197412
83,0.15916871284824255,3842694685,-3.970788674561054,1.9127567407047066,-0.6104789451813748,1.0296188574853697,1.0207812840255082,1.3491445685406342,0.4357415319186557,0.08328159116061962,-2.3531924198822876
84,-0.5426564175845833,3842734691,-6.479817418502196,5.397250111690944,0.4357415319186557,-4.77328007105023,-1.0010682999329186,4.125268781205086,0.0,1.386708381908177,-0.8174447570283009
85,1.0207812840255082,3842739751,-5.2720816027833255,-3.970788674561054,-3.866147363079933,-0.6104789451813748,-1.0010682999329186,0.0,1.386708381908177,-0.8174447570283009,-3.4480306659542297
86,-0.6104789451813748,3842787669,2.0991505832928627,2.6476193133085206,-5.2720816027833255,3.82941413853744,-2.3531924198822876,-0.2475409147897332,-3.970788674561054,0.0,-1.3684318989439805
87,2.0991505832928627,3842804925,-3.4480306659542297,4.239965440476091,-3.8306195632519557,-0.5426564175845833,5.6312419772491165,2.6476193133085206,2.930350527643527,-0.6104789451813748,1.3866845413411568
88,-0.5858198519365052,3842837445,1.3866845413411568,2.8468487549182955,1.386708381908177,-0.5426564175845833,6.908637194278517,2.873292646621086,-0.8708944035039948,-2.3531924198822876,1.0207812840255082
89,-0.6104789451813748,3842877130,-2.698564081327771,2.6476193133085206,-1.0010682999329186,1.386708381908177,-2.3531924198822876,5.22892301704592,1.0458030011181885,-2.887969911845938,4.66548051136034
90,3.584554397897031,3843089222,-1.0010682999329186,1.3662458523806325,2.0991505832928627,-3.8306195632519557,-0.5426564175845833,-6.479817418502196,-2.3531924198822876,4.363047464263656,2.8468487549182955
91,3.584554397897031,3843184168,-1.0010682999329186,2.28367630855723,-3.970788674561054,1.0207812840255082,-0.6104789451813748,1.3866845413411568,-2.3531924198822876,-3.4991764327558648,0.0
92,1.5614536809876223,3843488096,2.930350527643527,4.125268781205086,0.6453279460926665,1.4097302886259766,-0.8174447570283009,3.82941413853744,2.8468487549182955,1.3491445685406342,2.0991505832928627
93,3.2054533054762904,3843588675,2.930350527643527,0.08328159116061962,0.6453279460926665,2.8468487549182955,-1.3684318989439805,0.5302854909956882,-3.970788674561054,0.15916871284824255,-3.9298123625044954
94,-2.3531924198822876,3843685349,-2.4162199322889366,0.5302854909956882,1.3491445685406342,5.535403838962904,-0.8174447570283009,1.9408309106112343,-1.511410871082844,0.15916871284824255,-3.1233654259988066
95,-2.3531924198822876,3843793098,1.3491445685406342,-3.4991764327558648,2.28367630855723,1.4097302886259766,4.66548051136034,1.386708381908177,2.6476193133085206,-0.2475409147897332,-0.5858198519365052
96,-0.8174447570283009,3843797586,2.6476193133085206,-2.3531924198822876,4.125268781205086,-9.479883698001371,1.3866845413411568,2.28367630855723,1.6058601184176153,5.535403838962904,-0.6104789451813748
97,-1.3684318989439805,3843801608,0.7816552578583832,0.15916871284824255,2.930350527643527,1.3662458523806325,-4.643222449831897,0.0,-3.8306195632519557,-3.970788674561054,0.08328159116061962
98,-1.3684318989439805,3843802406,7.785523424401301,1.0458030011181885,-1.0010682999329186,1.0207812840255082,-0.8174447570283009,-4.77328007105023,2.930350527643527,5.6312419772491165,-3.4480306659542297
99,-1.7793907709324412,3843905631,1.4097302886259766,0.15916871284824255,4.125268781205086,-1.511410871082844,1.3866845413411568,2.6476193133085206,2.930350527643527,-0.5858198519365052,-0.8174447570283009
100,-1.3684318989439805,3843926586,1.4097302886259766,-8.174987047055088,0.4357415319186557,-2.4162199322889366,5.397250111690944,0.8853827406245854,2.0991505832928627,4.66548051136034,1.5350748569929489
101,-2.3531924198822876,3843933105,1.3491445685406342,0.4357415319186557,-1.7191968007207536,1.5846708386662285,0.0,3.833331410684486,1.0458030011181885,2.0991505832928627,4.239965440476091
102,3.4209641552269736,3843958886,1.9408309106112343,2.930350527643527,5.6312419772491165,1.5846708386662285,-1.3684318989439805,0.0,1.0296188574853697,-1.0010682999329186,2.8468487549182955
103,-1.3684318989439805,3844074317,2.8468487549182955,-8.174987047055088,1.3662458523806325,-2.4162199322889366,-3.9498928937834523,4.66548051136034,2.0991505832928627,1.4097302886259766,1.386708381908177
104,-0.8174447570283009,3844090404,1.9408309106112343,1.386708381908177,-2.3531924198822876,-1.0010682999329186,3.4209641552269736,1.3866845413411568,-3.970788674561054,5.6312419772491165,1.4097302886259766
105,-0.5426564175845833,3844105712,1.386708381908177,0.5302854909956882,-2.3531924198822876,-3.970788674561054,-1.533676806134157,-3.322653254876595,-2.887969911845938,-5.2720816027833255,-0.6104789451813748
106,4.125268781205086,3844151315,1.0207812840255082,-8.01808472933526,0.08328159116061962,-0.5426564175845833,-0.8708944035039948,4.66548051136034,1.0296188574853697,2.28367630855723,-3.4480306659542297
107,-0.6104789451813748,3844191105,-3.970788674561054,3.82941413853744,0.8853827406245854,-1.0010682999329186,-1.3684318989439805,1.3866845413411568,1.386708381908177,5.6312419772491165,1.0458030011181885
108,1.0296188574853697,3844236951,1.0458030011181885,7.785523424401301,-2.3531924198822876,-0.8174447570283009,0.6453279460926665,1.6058601184176153,-2.887969911845938,4.239965440476091,5.22892301704592
109,-1.9364828225244537,3844250063,4.427882928948219,0.8800295622423984,1.067739520107307,1.2359542876885092,-0.6622960927273192,7.335991082383216,4.849245485731997,2.7894031845533234,3.4784810484911546
110,-1.4318291993849748,3844351306,-1.7459650851459894,2.1459418782658655,3.6390488364100544,4.427882928948219,-0.9502666675388944,-2.1797335356667684,0.23884143773547897,1.548644304105328,-0.743424597437373
111,-0.763510213784629,3844364136,1.0297118855586098,0.8204241245796662,-4.905156222411588,-1.099352840346307,-2.1803566938961536,1.7324249580450921,1.4154541016040718,-1.9364828225244537,-0.5440963288655914
112,4.427882928948219,3844376348,1.5641475337461521,-1.099352840346307,-7.155121356661218,4.105755874737949,-0.763510213784629,1.067739520107307,-0.2737975623831274,-4.83432853960116,2.1459418782658655
113,1.4154541016040718,3844421664,1.2359542876885092,1.7324249580450921,-4.4508653251898975,4.427882928948219,-0.9502666675388944,2.7894031845533234,1.548644304105328,-2.1797335356667684,1.254661077437209
114,0.0951393625385893,3844446800,-1.366151805489667,-2.7111116761106504,-4.905156222411588,-0.763510213784629,-0.9502666675388944,1.0297118855586098,2.4044645449161153,-1.9364828225244537,1.5772594772730035
115,-0.5440963288655914,3844449340,1.0297118855586098,0.8204241245796662,3.4784810484911546,-1.099352840346307,3.2473544070370006,4.427882928948219,-4.583922208659644,2.898880555045519,-0.6622960927273192
116,-1.9364828225244537,3844568887,3.570715542061818,2.3688163870402037,1.5641475337461521,-0.763510213784629,-2.761132058951051,-4.583922208659644,-3.539726662155333,1.8047310785381863,4.427882928948219
117,3.4784810484911546,3844619276,-4.583922208659644,-1.4318291993849748,-4.4508653251898975,1.3511509810939997,3.2473544070370006,0.23884143773547897,2.315331504838424,2.4044645449161153,-0.9502666675388944
118,4.105755874737949,3844672032,-4.583922208659644,2.736611926212183,-2.7111116761106504,-0.9502666675388944,0.0951393625385893,4.427882928948219,2.4044645449161153,-4.444397896314979,-0.5440963288655914
119,4.105755874737949,3844708068,-1.0154606565246092,2.3688163870402037,-3.539726662155333,-0.5440963288655914,-5.3300935006952805,4.427882928948219,0.0,0.0951393625385893,2.8458588368153164
120,2.1459418782658655,3844715646,2.3688163870402037,-4.421576492297471,0.8204241245796662,-1.9364828225244537,-4.4508653251898975,1.3511509810939997,-2.761132058951051,1.4154541016040718,0.23884143773547897
121,-1.9364828225244537,3844753825,2.3688163870402037,-0.763510213784629,2.1459418782658655,1.5641475337461521,0.6944235639918714,-0.9502666675388944,-4.619103921998155,1.067739520107307,1.254661077437209
122,2.7894031845533234,3844755209,-1.099352840346307,-6.597426055256251,-4.444397896314979,-0.751694846055631,-2.1797335356667684,1.7324249580450921,2.315331504838424,1.254661077437209,4.427882928948219
123,2.04990268880646,3844789160,-0.9502666675388944,0.15517515435091167,0.23884143773547897,1.4154541016040718,-1.9364828225244537,1.5772594772730035,-0.763510213784629,1.0297118855586098,-1.4318291993849748
124,-1.4318291993849748,3844809367,2.898880555045519,-2.761132058951051,-1.099352840346307,-0.9502666675388944,-0.6622960927273192,-4.583922208659644,4.665348920030074,0.0951393625385893,1.5641475337461521
125,-1.197135115780138,3844862562,1.0297118855586098,-1.099352840346307,2.3688163870402037,0.16160897135593383,1.5641475337461521,-0.9502666675388944,0.8204241245796662,0.8800295622423984,-4.4508653251898975
126,0.23884143773547897,3844920680,8.390282186946974,4.427882928948219,4.105755874737949,2.736611926212183,-3.539726662155333,-0.2737975623831274,2.7894031845533234,0.8800295622423984,4.665348920030074
127,-0.6622960927273192,3844989350,-2.1797335356667684,1.0297118855586098,2.4044645449161153,-1.7459650851459894,2.7894031845533234,-0.751694846055631,-1.4318291993849748,2.04990268880646,4.427882928948219
128,-0.6622960927273192,3845060760,4.665348920030074,1.0297118855586098,0.8204241245796662,-1.0154606565246092,-0.763510213784629,-1.9364828225244537,0.23884143773547897,1.4154541016040718,1.5772594772730035
129,2.7894031845533234,3845146616,-1.099352840346307,-2.1803566938961536,2.736611926212183,1.5641475337461521,4.427882928948219,-2.1797335356667684,1.0297118855586098,2.4044645449161153,2.315331504838424
130,3.570715542061818,3845225400,1.2359542876885092,2.7894031845533234,-1.099352840346307,2.3688163870402037,-0.6622960927273192,-2.1797335356667684,1.0297118855586098,2.4044645449161153,-2.761132058951051
131,-0.9502666675388944,3845360065,-6.597426055256251,-3.6334804108794967,-1.099352840346307,2.1459418782658655,1.0297118855586098,1.5641475337461521,-4.583922208659644,-0.751694846055631,0.16160897135593383
132,-0.28976518768332304,3845434166,-2.738049413047483,1.2359542876885092,4.427882928948219,-3.6334804108794967,-0.763510213784629,1.8047310785381863,-4.905156222411588,-4.583922208659644,1.254661077437209
133,-3.539726662155333,3845485051,0.8800295622423984,0.16160897135593383,4.105755874737949,1.7324249580450921,-0.6622960927273192,0.0951393625385893,1.5772594772730035,-1.099352840346307,2.7894031845533234
134,2.7894031845533234,3845488608,-4.4508653251898975,0.0951393625385893,4.490080482909265,1.548644304105328,-0.763510213784629,-5.3300935006952805,2.8919429320580723,1.254661077437209,-2.761132058951051
135,-0.763510213784629,3845537408,1.067739520107307,-0.2737975623831274,-4.83432853960116,8.390282186946974,1.0297118855586098,0.0701329407264547,1.4154541016040718,-1.9364828225244537,-4.421576492297471
136,2.8919429320580723,3845544414,-4.905156222411588,0.16160897135593383,2.7894031845533234,1.4154541016040718,4.427882928948219,4.490080482909265,-3.3606314750224833,1.3511509810939997,3.6390488364100544
137,-2.7111116761106504,3845575174,2.1564375244376413,3.4784810484911546,4.427882928948219,4.849245485731997,2.7894031845533234,1.0297118855586098,2.315331504838424,-1.099352840346307,0.0951393625385893
138,-4.4508653251898975,3845600049,-4.583922208659644,2.6282643898988427,-3.539726662155333,4.849245485731997,-0.6622960927273192,-1.099352840346307,0.0951393625385893,-7.165016273770146,2.3688163870402037
139,-0.33850442406517256,3845633754,2.1459418782658655,-0.28976518768332304,-1.9364828225244537,2.3688163870402037,1.0297118855586098,0.8204241245796662,1.254661077437209,2.04990268880646,-0.763510213784629
140,-0.2737975623831274,3845638681,-2.738049413047483,0.8800295622423984,-0.33850442406517256,4.665348920030074,4.105755874737949,-3.6334804108794967,-0.763510213784629,-4.583922208659644,1.254661077437209
141,-0.763510213784629,3845724808,2.04990268880646,2.7894031845533234,-2.7111116761106504,2.8919429320580723,-0.9502666675388944,0.0951393625385893,0.6944235639918714,-2.738049413047483,1.548644304105328
142,-1.9364828225244537,3845746346,1.3511509810939997,1.2359542876885092,1.067739520107307,2.315331504838424,-0.9502666675388944,7.335991082383216,-1.366151805489667,0.0701329407264547,-4.4508653251898975
143,-0.5440963288655914,3845796603,1.0297118855586098,2.10318744890113,2.8919429320580723,8.390282186946974,0.0951393625385893,-4.444397896314979,3.570715542061818,1.3511509810939997,-1.9364828225244537
144,2.8458588368153164,3845851181,-4.583922208659644,-1.9364828225244537,-2.738049413047483,-0.28976518768332304,-0.763510213784629,2.04990268880646,0.23884143773547897,2.4044645449161153,-1.099352840346307
145,-0.763510213784629,3845858539,1.5772594772730035,2.1564375244376413,0.0,1.5641475337461521,-0.2737975623831274,-1.9364828225244537,3.570715542061818,1.8047310785381863,2.736611926212183
146,-0.763510213784629,3845932371,2.898880555045519,2.10318744890113,-4.83432853960116,-4.583922208659644,0.23884143773547897,8.390282186946974,-2.7111116761106504,-1.9364828225244537,-0.6622960927273192
147,-0.9502666675388944,3845985454,2.898880555045519,-1.9364828225244537,2.4044645449161153,-0.28976518768332304,-0.6622960927273192,-1.099352840346307,2.1459418782658655,1.067739520107307,2.3688163870402037
148,-0.5440963288655914,3846024917,0.23884143773547897,0.8204241245796662,-1.9364828225244537,8.390282186946974,-3.4181787648221507,2.3688163870402037,3.570715542061818,-1.099352840346307,2.7894031845533234
149,-0.763510213784629,3846068377,1.2359542876885092,3.2473544070370006,2.7894031845533234,1.067739520107307,-1.9364828225244537,4.427882928948219,2.1459418782658655,-1.7459650851459894,-4.583922208659644
150,-0.763510213784629,3846088866,2.4044645449161153,-2.1803566938961536,-1.9364828225244537,0.0,-0.33850442406517256,4.427882928948219,-4.4508653251898975,0.23884143773547897,1.7324249580450921
151,-0.33850442406517256,3846125996,1.0297118855586098,-4.583922208659644,1.3511509810939997,-4.444397896314979,0.0951393625385893,-4.421576492297471,-2.7111116761106504,-1.9364828225244537,-0.32440553803606165
152,-0.33850442406517256,3846145446,1.3511509810939997,-6.721862121632498,3.570715542061818,-4.583922208659644,1.8047310785381863,1.0297118855586098,0.6944235639918714,0.0,2.4044645449161153
153,-3.3417833828785644,3846193066,4.125702464508723,-1.2760334247374419,1.1696868475475122,0.7970663226179732,2.1785108212341178,0.5112450813071346,-3.1265854562203117,-2.030393973582504,-5.270624803078457
154,-0.6134296775757404,3846224956,4.125702464508723,1.4658327229364847,-1.557886372114218,-0.8817295906596562,3.1400310253449515,6.078765541611015,-2.3154177940408105,3.5421952369944876,2.3763844970444703
155,-0.6134296775757404,3846233177,1.3609325615761754,-1.9884782992662746,0.7970663226179732,-4.5332482205608144,0.5112450813071346,2.1785108212341178,2.1900208743408753,1.8255444402329986,-2.1558360407943957
156,-4.042170728229656,3846376015,2.1785108212341178,3.5421952369944876,3.0508153707382086,2.1900208743408753,-1.4463013410390937,-2.030393973582504,1.2294088021137664,-4.453379328986716,-0.3906685763408581
157,2.1495825325607973,3846423194,-0.9814212624467141,-4.453379328986716,-6.841895058382661,-0.8817295906596562,-4.042170728229656,-4.5332482205608144,3.5421952369944876,3.0508153707382086,1.4658327229364847
158,-0.16641921303606394,3846432488,0.5112450813071346,0.8574835290840114,-1.4463013410390937,-0.9814212624467141,3.0508153707382086,4.314411792223188,2.1495825325607973,-1.9014516195389521,4.125702464508723
159,2.1900208743408753,3846467819,-2.3154177940408105,-0.6346074065162783,0.8574835290840114,-0.9814212624467141,-0.8817295906596562,2.3763844970444703,-0.3906685763408581,-6.13847223965432,1.3851858631550962
160,1.2294088021137664,3846483113,-0.8817295906596562,1.3851858631550962,0.7054097207532376,-0.9814212624467141,0.29176404972444747,0.5112450813071346,0.8574835290840114,1.1696868475475122,1.8255444402329986
161,-3.3417833828785644,3846517090,-0.5036548309889896,2.943077866063944,0.5041776021138852,-1.114320566469839,0.5112450813071346,-2.030393973582504,-3.1265854562203117,-4.453379328986716,-0.3906685763408581
162,3.5421952369944876,3846629922,-1.4156989489075793,4.30914360301125,-0.16641921303606394,-3.1265854562203117,0.7054097207532376,2.9861109550214255,-2.030393973582504,2.1495825325607973,0.5041776021138852
163,0.5112450813071346,3846676328,4.090119620855003,2.943077866063944,3.5421952369944876,3.182215010694649,4.125702464508723,3.0508153707382086,1.2294088021137664,-0.8817295906596562,2.1900208743408753
164,-4.453379328986716,3846746975,-0.8817295906596562,3.5421952369944876,0.9308118226720018,1.4658327229364847,-1.4463013410390937,-6.637541359730605,4.701325735530133,4.125702464508723,-1.9014516195389521
165,-2.5649556259235706,3846768422,2.943077866063944,-1.4463013410390937,-2.030393973582504,-1.114320566469839,3.5421952369944876,-0.8817295906596562,-0.5036548309889896,1.4658327229364847,-4.453379328986716
166,-2.030393973582504,3846793837,4.125702464508723,4.090119620855003,0.5112450813071346,-1.557886372114218,-1.4463013410390937,-1.900315832839894,-4.069929126124868,0.3176330428455197,0.8574835290840114
167,-4.042170728229656,3846814925,-4.5332482205608144,2.716617089132675,-1.557886372114218,4.30914360301125,0.5112450813071346,0.8574835290840114,-0.16641921303606394,3.5421952369944876,-0.6346074065162783
168,3.5421952369944876,3846816811,2.9861109550214255,1.4658327229364847,6.078765541611015,-4.453379328986716,4.090119620855003,-1.75420998738338,1.3851858631550962,-1.114320566469839,1.2294088021137664
169,-0.3906685763408581,3846824715,2.1900208743408753,3.5421952369944876,0.9308118226720018,-2.030393973582504,-5.270624803078457,-5.912280532779771,2.1495825325607973,-0.8817295906596562,-2.7969426061661276
170,1.3501652238965023,3846835089,-0.16641921303606394,-0.9507259583767088,3.182215010694649,-0.5036548309889896,2.1495825325607973,-0.3906685763408581,4.30914360301125,7.1963441755847795,-2.030393973582504
171,3.5421952369944876,3846857305,-0.16641921303606394,2.1495825325607973,1.4658327229364847,2.469955254032274,-0.8817295906596562,2.1900208743408753,-0.3906685763408581,-4.5332482205608144,0.9308118226720018
172,-4.5332482205608144,3846872791,-1.9014516195389521,4.701325735530133,1.8255444402329986,-6.637541359730605,-0.3906685763408581,-4.438480764564983,-2.030393973582504,1.3851858631550962,2.469955254032274
173,1.8255444402329986,3846888523,-2.030393973582504,-7.544320303570167,0.5041776021138852,-0.6346074065162783,-4.438480764564983,2.3181339804926457,2.1944428985093647,1.3851858631550962,-0.8817295906596562
174,0.7970663226179732,3846925965,2.9861109550214255,-6.637541359730605,2.1900208743408753,-5.912280532779771,1.3851858631550962,2.716617089132675,3.5421952369944876,-0.9507259583767088,-0.8817295906596562
175,1.3501652238965023,3846945276,-0.8817295906596562,-7.544320303570167,1.3851858631550962,-0.5036548309889896,-1.114320566469839,-6.637541359730605,-2.030393973582504,-1.557886372114218,-5.912280532779771
176,1.3501652238965023,3846951248,-0.22259814921125481,-0.16641921303606394,-1.557886372114218,0.7054097207532376,-1.114320566469839,-4.042170728229656,3.0508153707382086,-4.5332482205608144,2.9861109550214255
177,3.182215010694649,3846968470,-4.5332482205608144,-0.8817295906596562,2.943077866063944,0.7970663226179732,2.469955254032274,-2.030393973582504,-0.6134296775757404,3.0508153707382086,2.1900208743408753
178,-0.6134296775757404,3847022750,2.1495825325607973,-2.030393973582504,1.3609325615761754,2.469955254032274,5.068288199308651,-6.13847223965432,-0.8817295906596562,0.5112450813071346,0.5041776021138852
179,-1.114320566469839,3847039727,-6.637541359730605,1.8255444402329986,1.1696868475475122,-1.9014516195389521,-0.3906685763408581,2.9861109550214255,1.4658327229364847,-4.5332482205608144,10.230426788052897
180,4.125702464508723,3847040606,-1.4463013410390937,-0.8817295906596562,1.3501652238965023,2.3181339804926457,2.943077866063944,-2.3154177940408105,-0.3906685763408581,3.182215010694649,3.5421952369944876
181,2.1944428985093647,3847056590,2.3763844970444703,-1.4463013410390937,0.9308118226720018,-0.8817295906596562,-1.114320566469839,-2.030393973582504,-3.1265854562203117,3.5421952369944876,0.0
182,-2.0358882610891995,3847106756,1.3609325615761754,4.314411792223188,3.89646994866078,0.29176404972444747,-5.270624803078457,-4.042170728229656,-0.9507259583767088,1.4658327229364847,4.090119620855003
183,0.8574835290840114,3847127367,0.5112450813071346,4.125702464508723,3.89646994866078,2.1495825325607973,-0.8817295906596562,2.943077866063944,0.3176330428455197,-2.5649556259235706,3.5421952369944876
184,-1.114320566469839,3847131536,-1.3995604186752013,2.1785108212341178,0.0,0.5112450813071346,-0.3906685763408581,1.3851858631550962,1.2294088021137664,-2.030393973582504,3.1400310253449515
185,-0.6134296775757404,3847194923,-2.030393973582504,2.1495825325607973,1.4658327229364847,-1.9014516195389521,3.89646994866078,-2.3154177940408105,-2.994007447593593,0.5112450813071346,3.182215010694649
186,2.943077866063944,3847200909,-0.6208037440903398,2.716617089132675,-0.8817295906596562,4.125702464508723,-0.9507259583767088,3.5421952369944876,-6.841895058382661,-2.030393973582504,0.5112450813071346
187,0.0,3847207327,-1.4463013410390937,-0.8817295906596562,-1.9014516195389521,2.1944428985093647,3.0508153707382086,0.29176404972444747,-3.1265854562203117,0.8574835290840114,-2.030393973582504
188,-4.042170728229656,3847209520,-1.2760334247374419,0.8574835290840114,3.5421952369944876,1.4658327229364847,3.89646994866078,-2.7969426061661276,4.125702464508723,5.068288199308651,2.1495825325607973
189,-0.9507259583767088,3847305757,-4.5332482205608144,1.8255444402329986,3.1400310253449515,4.125702464508723,3.5421952369944876,-3.1265854562203117,2.3181339804926457,-1.114320566469839,-0.8817295906596562
190,10.230426788052897,3847334260,-0.8817295906596562,-4.5332482205608144,0.3176330428455197,1.4658327229364847,-0.6134296775757404,4.125702464508723,-0.9507259583767088,0.5041776021138852,2.1785108212341178
191,-0.19173490087508246,3847825489,2.0690218632125132,-4.20442512145242,-2.8727742411475945,0.9487861781427971,-0.7172305639470431,0.22161507274030673,2.7498734780984773,4.424612472323029,1.1672280945377158
192,-0.7172305639470431,3847827802,2.0690218632125132,-4.20442512145242,-2.6938619886087967,3.5501476299437726,3.875388548254421,3.9680427682528436,1.728646212734981,3.417123573609192,-1.379247196376226
193,-0.8698058760117807,3847831503,2.291064601413101,6.7403132149763065,-4.48487766399275,1.9012424082946755,-1.7267545078207436,3.5501476299437726,1.728646212734981,1.3502985110533694,0.9732983918063005
194,-0.8698058760117807,3847876081,-1.4899691155143824,-4.002715659788398,-0.7172305639470431,3.3638392640027237,1.639186440016314,1.7075113402671405,0.14702978426688823,-1.7267545078207436,-4.162861460919196
195,1.5142732079747494,3847877434,-4.48487766399275,1.4773381201766322,1.5507406117364777,-0.8698058760117807,2.291064601413101,3.9680427682528436,-2.1356384399619848,1.9012424082946755,-0.8665004088823199
196,-0.8698058760117807,3847890687,3.5501476299437726,1.728646212734981,1.3502985110533694,-0.7172305639470431,-0.19173490087508246,2.291064601413101,0.0,3.9787392143476845,1.9012424082946755
197,3.875388548254421,3847930881,-6.0351052014929385,2.668052019333613,1.728646212734981,-0.8665004088823199,-0.19173490087508246,3.2992651568864844,-1.7267545078207436,0.5237585248636536,-2.6938619886087967
198,0.464838606701199,3847936146,-5.573511410037892,0.9487861781427971,-4.20442512145242,3.5501476299437726,3.636350935100532,0.5237585248636536,2.7498734780984773,-2.8954278025929754,0.3664343100049752
199,-0.19173490087508246,3847968696,-0.40748268652802777,1.059274987114295,-0.23054655187479764,3.417123573609192,5.117915749481836,0.9487861781427971,-4.20442512145242,0.464838606701199,-4.162861460919196
200,1.639186440016314,3847977432,2.141077152040048,3.417123573609192,-2.8954278025929754,-1.379247196376226,8.919492638067277,-4.276252317698132,0.9487861781427971,-13.719613868638438,-1.7267545078207436
201,3.875388548254421,3848028803,-1.5630304324935502,-4.20442512145242,-2.1356384399619848,-0.8665004088823199,-0.7172305639470431,3.3638392640027237,2.7498734780984773,4.424612472323029,1.1672280945377158
202,3.5501476299437726,3848071428,-4.48487766399275,1.059274987114295,0.9487861781427971,-0.8665004088823199,-0.40748268652802777,2.291064601413101,3.417123573609192,5.33821714701034,0.0
203,0.9732983918063005,3848259014,5.117915749481836,-0.19173490087508246,0.464838606701199,-2.1356384399619848,2.291064601413101,0.3664343100049752,3.2992651568864844,-5.540201811658818,-1.7267545078207436
204,-0.8665004088823199,3848315922,5.117915749481836,1.059274987114295,2.0690218632125132,-2.6938619886087967,-2.8954278025929754,3.417123573609192,-1.379247196376226,-2.513780366383567,1.4773381201766322
205,0.5237585248636536,3848316665,0.9487861781427971,-5.508961944174155,3.875388548254421,1.639186440016314,-1.379247196376226,1.5507406117364777,-0.7172305639470431,0.3580196788831192,2.668052019333613
206,3.3638392640027237,3848320649,-4.162861460919196,-1.7267545078207436,0.3580196788831192,-0.7172305639470431,-4.48487766399275,-6.0351052014929385,3.2992651568864844,-0.19173490087508246,-0.9064132618946865
207,5.117915749481836,3848369378,-1.4899691155143824,4.424612472323029,-2.513780366383567,-4.20442512145242,-1.379247196376226,-4.48487766399275,1.1672280945377158,-1.5630304324935502,0.9732983918063005
208,2.668052019333613,3848373858,-0.19173490087508246,0.5237585248636536,-5.508961944174155,1.5507406117364777,2.0690218632125132,1.3502985110533694,-1.2301469855768323,-6.0351052014929385,-0.9064132618946865
209,1.059274987114295,3848393534,-3.109965683632351,-1.379247196376226,0.9487861781427971,-0.23054655187479764,-0.8665004088823199,-1.5604391413180008,-0.7172305639470431,0.5237585248636536,1.5507406117364777
210,2.0690218632125132,3848468120,1.5142732079747494,1.1672280945377158,-1.4899691155143824,1.5507406117364777,-0.8698058760117807,3.636350935100532,-6.0351052014929385,1.3502985110533694,1.9012424082946755
211,-0.8665004088823199,3848484644,1.5142732079747494,-2.095928824941436,-4.48487766399275,3.875388548254421,3.5501476299437726,-0.7172305639470431,2.291064601413101,2.141077152040048,1.6214251130578836
212,5.33821714701034,3848496025,-5.508961944174155,3.5501476299437726,2.141077152040048,-0.7172305639470431,3.875388548254421,8.919492638067277,-1.4899691155143824,1.6214251130578836,4.424612472323029
213,0.0,3848546835,-1.4899691155143824,-0.19173490087508246,-0.7172305639470431,3.9787392143476845,4.424612472323029,5.117915749481836,2.291064601413101,6.7403132149763065,-4.002715659788398
214,-0.19173490087508246,3848557814,5.33821714701034,8.919492638067277,3.2992651568864844,-2.6938619886087967,3.5501476299437726,4.424612472323029,1.728646212734981,5.86183321686353,3.875388548254421
215,-1.7267545078207436,3848567151,6.7403132149763065,2.0690218632125132,1.3502985110533694,1.6214251130578836,-0.19173490087508246,-2.787061295821979,1.5142732079747494,0.5237585248636536,1.5507406117364777
216,-0.3585264169825109,3848600885,-0.7172305639470431,-1.4899691155143824,1.728646212734981,1.6214251130578836,0.9487861781427971,-0.19173490087508246,3.636350935100532,2.0690218632125132,3.9787392143476845
217,-4.702589552384355,3848661925,-6.0351052014929385,1.1672280945377158,-4.48487766399275,3.2992651568864844,1.7075113402671405,2.141077152040048,-7.515605342243756,0.0,2.0690218632125132
218,0.9732983918063005,3848740036,4.424612472323029,-2.1558360407943957,0.0,2.0690218632125132,-4.702589552384355,-0.7172305639470431,2.7498734780984773,3.3638392640027237,3.417123573609192
219,-1.7267545078207436,3849125411,1.1672280945377158,-2.513780366383567,2.141077152040048,-9.309699558127628,2.291064601413101,2.668052019333613,0.0,1.5142732079747494,-2.1558360407943957
220,1.262780854590905,3849208559,0.990034309773436,2.0751332784118737,1.559938354444405,3.65392254327255,-1.1907207395796715,3.6387032269637527,-3.1698055163693826,-4.5273442952038625,-0.5354763354818037
221,0.0004215276586028747,3849337141,0.990034309773436,-1.2823297029706036,1.5447048560200494,-0.7347872199717175,-0.5354763354818037,3.65392254327255,2.767506038661468,0.8313427454269019,0.44856128964052816
222,-5.140409020013668,3849345651,-1.2823297029706036,3.2678015341657116,1.7290372010952177,3.3473452110816937,1.2493011392553477,0.4327215733779447,2.211164122474293,2.767506038661468,3.6387032269637527
223,4.325220765543545,3849389134,7.699090916109349,2.188290539483604,2.767506038661468,-1.4604796641554174,0.44856128964052816,-4.5273442952038625,-1.6222244921185114,3.255148544231703,-0.7985756064840183
224,4.325220765543545,3849394619,1.0780692393188445,1.2391367090133725,2.0751332784118737,-1.0157101306206489,2.012098860485304,3.544803302759217,-2.4774998115250124,-1.6796131557973897,3.6387032269637527
225,-1.1907207395796715,3849450365,0.4327215733779447,-5.614318875757602,-0.5354763354818037,2.211164122474293,1.262780854590905,0.0,-10.064860730248911,-0.7985756064840183,-0.7347872199717175
226,-1.6222244921185114,3849451104,-0.5354763354818037,-2.496629121541576,2.0751332784118737,-1.520412448047481,1.2293788655241666,0.4327215733779447,7.699090916109349,-3.430373378345395,-1.4604796641554174
227,-1.1907207395796715,3849486792,0.015593849547861085,2.7447789745309077,4.325220765543545,3.255148544231703,7.699090916109349,3.65392254327255,-0.09869849272593666,0.0,0.0
228,4.325220765543545,3849491688,0.4327215733779447,1.5447048560200494,-3.430373378345395,-0.09010827533183274,-1.6222244921185114,-1.6796131557973897,-0.5354763354818037,2.0751332784118737,0.44856128964052816
229,0.44856128964052816,3849530590,-4.75341463829641,3.6387032269637527,-4.5273442952038625,3.255148544231703,-1.6222244921185114,-1.6796131557973897,1.2391367090133725,2.211164122474293,-1.0157101306206489
