,radiant_H1_AvgElo,radiant_H2_AvgElo,radiant_H3_AvgElo,radiant_H4_AvgElo,radiant_H5_AvgElo,dire_H1_AvgElo,dire_H2_AvgElo,dire_H3_AvgElo,dire_H4_AvgElo,dire_H5_AvgElo,match_id
0,4.302882450046183,-2.5812166027695045,-3.658315568220262,1.1893639996483272,6.287089505547576,2.098759249915381,-0.042086332387925036,2.14203880849917,1.1737996886579374,0.3182072786664994,3760408738.0
1,-0.23545288616151586,2.098759249915381,-1.3108900121202334,1.4402335474483456,3.7568362343153296,0.0,-3.2069631321067176,2.4327701519736995,1.0049741022251528,-0.1420574473706489,3760517861.0
2,-0.8346214159060695,4.574768109909424,-2.569969471602753,-1.415945749904681,0.1716955008752222,0.0,1.3843015159031546,1.086313843285249,-9.558582415172001,-3.9391413083276645,3760649937.0
3,0.0,-1.9891627611854428,15.315012111874477,4.47017699068542,-0.08691244794366275,-0.5290251031709257,1.0532665066370477,1.086313843285249,-1.0232801597556305,1.926171197442538,3760977296.0
4,-0.08691244794366275,-0.7790182150536356,-3.517834699146116,1.086313843285249,0.1716955008752222,-0.5290251031709257,2.3201323675410954,0.04354337748923951,4.47017699068542,-0.20142916762418642,3761035234.0
5,-12.474026242269543,1.9496830436664399,2.425128953290984,1.086313843285249,-1.0232801597556305,15.315012111874477,6.452682969224827,-3.115175714541764,-2.569969471602753,1.926171197442538,3761093569.0
6,-2.592907632423294,2.7949478710373974,3.9357163605865653,2.203820271757136,6.760201371266968,1.5715534943991598,1.054914492392367,4.267358316096411,0.1607329994893307,-1.576460346333509,
7,0.0,3.9357163605865653,0.8855010029271329,-3.1867274454065453,-1.6125965401537834,-1.0694796276581122,13.300035794256036,1.2475097250915872,4.267358316096411,-2.592907632423294,
8,2.3559669511382673,-0.3955180457348619,-1.7621788752343304,-0.5729270196864208,0.1607329994893307,-1.0694796276581122,0.5164955949106003,2.1570639973113397,0.0,2.203820271757136,
9,-0.9213923108820795,1.4116514114305185,0.5164955949106003,-1.6125965401537834,1.054914492392367,0.19823489925852922,0.1607329994893307,-0.3689025270735962,4.267358316096411,2.7949478710373974,
10,6.760201371266968,0.47751066163574235,2.1570639973113397,0.6346032474058728,0.0,0.19823489925852922,1.8658327853439782,-0.4583682816988959,-0.2579966664659154,-1.7621788752343304,
11,-1.4706120339209412,-0.8392162195762294,1.2787356328290052,1.8658327853439782,-1.7621788752343304,-11.195894449292833,3.909211084701278,0.1607329994893307,2.3948058572683815,0.0,3763027660.0
12,-1.0694796276581122,3.455271392129754,-0.3955180457348619,0.1607329994893307,2.3948058572683815,-2.592907632423294,1.8182905370783384,-3.8878938246508556,0.19823489925852922,1.054914492392367,3763089954.0
13,1.2475097250915872,0.0,-6.673036520992779,0.1607329994893307,2.3948058572683815,-0.04320999831607274,-1.6125965401537834,0.19823489925852922,1.054914492392367,1.7088941897181105,3763492629.0
14,1.8430580561663823,2.1570639973113397,1.2475097250915872,0.19823489925852922,4.574768109909424,-1.0694796276581122,6.760201371266968,-0.5729270196864208,-1.576460346333509,1.054914492392367,3763575506.0
15,2.7949478710373974,1.2787356328290052,-0.9213923108820795,-1.6125965401537834,-2.592907632423294,1.5715534943991598,3.2583534334963544,-0.4247909123755473,-1.7621788752343304,0.1607329994893307,3763711443.0
16,-0.9577701572289825,-5.1406033161697255,2.379418734258326,-4.412388662658486,-0.061476060292423064,4.344194298246747,3.807952719959826,0.4613737658336594,1.6362140665826257,3.6754525103864144,3763798613.0
17,-0.717013242329443,-1.4733273022792932,13.560804752765137,-2.4901493081748414,1.6362140665826257,0.1914893567238033,-2.199367619737006,1.7863422509751308,-0.06885582639506845,-5.173939852921966,3763905209.0
18,6.55247391464529,0.5878686283440188,1.0636918390810466,-0.8221514584671406,1.6957777282731286,-0.7613527116020457,-0.2649558750184284,3.6754525103864144,4.582568857495199,2.364072156676692,3764049023.0
19,0.4613737658336594,-1.504347749462817,-0.06885582639506845,2.4470662002614194,4.582568857495199,-0.717013242329443,3.807952719959826,-1.1889474146281642,0.0,-2.6752211319165324,3764167820.0
20,3.6754525103864144,-1.1889474146281642,-0.3505132735772846,-1.504347749462817,1.1973168992658971,3.807952719959826,0.4613737658336594,-0.06885582639506845,2.364072156676692,-1.2746140233917058,3764298763.0
21,-0.9577701572289825,6.69970734825147,1.3265877381651616,-1.504347749462817,1.3419816694553597,-0.717013242329443,-0.3505132735772846,0.0,1.6862024728361278,2.0705303008127673,
22,-2.199367619737006,-4.412388662658486,1.3265877381651616,-0.9577701572289825,2.76030406144545,-0.06885582639506845,1.6362140665826257,0.5878686283440188,4.8707787944584,0.4613737658336594,
23,0.6726877916084217,-2.6552820215752635,-0.7659071366259941,1.5814919917267938,-3.0553231879895755,0.6773608736344704,1.4212813286337498,-0.17236280981302027,-10.556236282842928,1.8707258823295057,
24,-0.7659071366259941,-1.415447411916217,2.654392741047293,-2.6552820215752635,1.0177572132365478,-5.471525504375438,-3.72503939549226,0.0,-0.17236280981302027,1.5814919917267938,
25,-4.857401664639602,-0.8664385310677779,4.186764471439485,0.0,2.606485116745498,1.9657352200897145,-0.8704608416289235,-2.281696105624772,14.300934208906334,-5.471525504375438,
26,-0.7659071366259941,-0.7401892622914373,1.5814919917267938,6.406379952748073,3.269695017967163,3.153631374369705,-2.6552820215752635,5.994003492402641,-9.292728279701613,-0.14702966556391875,
27,-4.857401664639602,1.3453204032678372,0.6726877916084217,0.166613897954738,-6.161158835398568,6.406379952748073,3.2813700234832073,-0.8704608416289235,4.186764471439485,-2.546362186698833,3765204718.0
28,0.8257271529832255,-3.3400349304231005,0.48814922994421106,1.7786449927370513,-3.72503939549226,0.6726877916084217,-0.14702966556391875,4.150799388157609,3.3193454502128543,0.166613897954738,3765289061.0
29,0.6726877916084217,-0.6931393922008064,-3.43968251941368,1.5814919917267938,1.8048662448542945,-0.8704608416289235,1.4212813286337498,0.166613897954738,-1.415447411916217,-2.6552820215752635,3765370823.0
30,-3.72503939549226,2.1730667519909783,-0.8657710968523131,-0.14702966556391875,1.7786449927370513,-0.8704608416289235,1.3453204032678372,0.944473465276791,-2.6552820215752635,1.8707258823295057,3765492612.0
31,-0.8664385310677779,0.0,0.6726877916084217,-2.6552820215752635,3.3193454502128543,1.7786449927370513,8.154168389880448,4.150799388157609,1.3453204032678372,14.300934208906334,3765600224.0
32,-3.562085431286433,-1.2390092839800249,-0.7863771237819746,-0.3008659768747158,1.218034037768754,1.2001970881378081,-2.3383276983168346,-1.3972453266445177,0.5317697631187088,-0.5758429722838421,3765708885.0
33,-0.7863771237819746,0.5317697631187088,2.031064200372682,-2.3383276983168346,1.3830467823840886,3.017519716384865,1.3034159898126514,1.218034037768754,-4.342455661929618,2.7351695185891383,3765833999.0
34,-0.8034608832935128,-2.3383276983168346,-0.7863771237819746,1.3034159898126514,-3.0553231879895755,3.383794616140423,6.076875469506287,0.0,1.6504915721583142,1.3830467823840886,3765946065.0
35,1.0259616792964992,1.3164886359854029,0.8374905812494275,-0.3065869504757487,-5.74606966788735,-1.3972453266445177,0.7751488034905616,3.383794616140423,1.3830467823840886,1.3096691086210577,3766681094.0
36,-0.3065869504757487,-3.562085431286433,1.3034159898126514,-2.3383276983168346,-0.18323976135984388,-1.2390092839800249,-0.3008659768747158,1.218034037768754,-4.895344568740291,3.017519716384865,3766752458.0
37,-1.3972453266445177,1.4804715814568747,3.383794616140423,1.3164886359854029,2.6221361692138703,1.2342586682511054,0.9397802375435717,2.70813138891332,-2.3383276983168346,0.0,3766823904.0
38,-1.1241715689716456,-1.2390092839800249,6.178652516174836,-2.3383276983168346,0.7751488034905616,-3.000237516159435,1.3034159898126514,-0.3008659768747158,-0.4746092305552256,2.031064200372682,3766915400.0
39,1.5649451661998042,2.363214888929677,1.2757718056427123,-2.8662249011755243,5.378108857114779,1.5400912547571297,3.684720578849187,4.687834974836079,-2.571744654182734,-0.9692144412222294,3767025456.0
40,0.0,1.2757718056427123,0.8251654559286831,1.5649451661998042,3.82608708259316,-0.9692144412222294,-4.302341835242119,1.3756846355435732,6.359797198259267,0.5806579541919792,3767136890.0
41,-0.662532346773669,0.0,0.935861170291469,2.363214888929677,1.5649451661998042,3.101395318369514,-0.9692144412222294,-2.571744654182734,1.5400912547571297,-2.059920884298067,3767287818.0
42,-3.9348826944090987,-0.7526106895262773,0.9776931298336662,6.187980126016899,-0.10192878575995203,3.378884431099747,-2.7823389207496767,1.565134429046151,-2.899108618479283,-10.500180471418501,3767358224.0
43,-4.311899785322649,-0.9592014391648953,1.565134429046151,-0.7526106895262773,-3.0683850697666886,0.9197817012676126,0.4778601451325857,-0.14225140817782086,-1.188428322176129,2.877382250106811,3768183941.0
44,0.9197817012676126,-9.473236187289832,1.8400253757610203,-2.0061461508637324,0.8722501005860639,3.378884431099747,4.701719220645465,-1.8616585764757543,-2.899108618479283,-3.0683850697666886,3768245969.0
45,-0.10192878575995203,-2.899108618479283,1.3241573395541155,1.2171716701167619,-0.7526106895262773,-0.222375101420296,2.877382250106811,-9.473236187289832,0.9197817012676126,-4.311899785322649,3768329633.0
46,1.3241573395541155,-2.899108618479283,-0.10192878575995203,-5.634883242697827,-0.7526106895262773,2.5781280045252024,1.8400253757610203,2.8229297964409543,1.1576421723903145,-4.311899785322649,3768435440.0
47,1.2171716701167619,-0.14225140817782086,1.8400253757610203,2.5781280045252024,1.9950184300401272,-0.9474989806736113,-1.1943428893532564,-1.2694762706296825,-3.7751954432885326,-0.14291028383653256,3768548189.0
48,-0.10192878575995203,-0.14225140817782086,1.2171716701167619,0.0,0.9197817012676126,-3.7751954432885326,-0.9474989806736113,-1.1943428893532564,1.4529518651204831,-0.9808967921388613,3768665017.0
49,-0.14291028383653256,1.565134429046151,-3.7751954432885326,-0.10192878575995203,-1.2694762706296825,-0.4914159676609525,1.2407614093074006,2.24809860902526,2.8229297964409543,1.2171716701167619,3768860674.0
50,1.313991477275176,0.9485686441468035,1.1145424311363386,-0.14291028383653256,-2.5052733015293707,-0.49205774930393886,0.36237826821755,3.4079928366086856,1.6297960813467876,3.378884431099747,3768972838.0
51,-3.0683850697666886,3.846082152937646,-0.9474989806736113,-2.8662249011755243,-4.311899785322649,-4.323266649983808,0.0,1.1145424311363386,4.985619698629126,-2.7493307374330036,3769072510.0
52,-2.7564381341013937,2.7056094559062176,2.5774074521475767,3.4811346886237162,2.4399294016892568,2.0916430384566223,4.093975212794282,-0.9708672305385813,3.2881170397532804,-9.022129142634157,
53,0.21936687660883972,6.096406119228243,1.0976043462404521,2.7056094559062176,3.4811346886237162,1.684200047718406,3.624036947195771,0.10826465499345718,-10.391389279569143,2.5774074521475767,
54,1.7198055134818784,-0.7020202598829774,1.0976043462404521,1.8022976021059836,-2.288664476316732,1.684200047718406,-4.866452096483574,-2.7564381341013937,0.8227353163501323,-0.6496967534972719,
55,-2.288664476316732,2.0916430384566223,3.0038638675781,1.7198055134818784,2.7056094559062176,3.095437346475043,0.21936687660883972,1.8269156963874984,-0.5850466492348748,-2.5460767309330854,3770628434.0
56,-2.929086151832961,-4.991755874175037,3.0038638675781,1.0976043462404521,-0.5850466492348748,2.7056094559062176,3.095437346475043,0.3630265897392661,0.21936687660883972,1.8097353087723063,3770751583.0
57,-0.8397933144623191,6.096406119228243,0.5401303192388534,-1.234727264074275,-2.929086151832961,-1.478354724656721,0.8402539540423934,-2.7823389207496767,3.4811346886237162,1.8097353087723063,3770826200.0
58,-0.8304650319283587,2.34119018579764,-0.8397933144623191,0.3630265897392661,2.4399294016892568,0.21936687660883972,-2.5460767309330854,-3.8423114167896606,-2.929086151832961,1.8022976021059836,3770890637.0
59,0.0,2.34119018579764,4.3420053450497855,0.3630265897392661,2.4399294016892568,-2.7823389207496767,6.096406119228243,1.684200047718406,-0.4571424408475901,-2.929086151832961,3771606255.0
60,0.44092991373123874,-0.260753857201982,1.2503915794263585,0.8065107892190866,-4.8586493713559,-0.6113211488762144,2.48363032866354,-0.5797280433327396,-2.4996859221516803,3.4343313423455784,3771700231.0
61,-8.8049608040098,6.85255087939456,1.5808710322324484,-1.0041910165276848,1.694732137808859,6.243821039213626,3.4343313423455784,0.44092991373123874,0.6792935578522848,2.199590813168753,3771806416.0
62,-0.6494521088158277,-0.9708672305385813,0.8065107892190866,1.7915824242092993,0.3850925953367797,1.5808710322324484,-4.8586493713559,0.44092991373123874,-2.4996859221516803,-1.9282742201056253,3771946947.0
63,5.091720975428058,1.4681335426283002,-2.910392307397224,-0.6978237375530196,-4.988485065567721,-0.7204736381875319,6.663027310857847,3.4382783743133576,-1.9078259682311514,4.302968356314005,3772078989.0
64,4.240874506769976,1.961895343310774,1.3108436461720145,0.9248781399538551,-0.8632782140982078,2.0402094005836977,-1.8712056878793135,-3.5932064104313066e-05,-2.2446349177848024,-2.383962361999996,3772237673.0
65,2.6619041643263355,-2.383962361999996,2.0447830678859984,1.327395212999643,0.5963871539651271,-0.8418470470830263,-0.16050086454708265,1.3108436461720145,-10.963709566502892,-2.252608600433472,3772339381.0
66,1.961895343310774,3.022844203950187,1.6142424531796111,1.327395212999643,3.8310322307142726,6.278501165102831,1.559503373653068,-0.9318036882322501,1.6166742668451684,-3.5932064104313066e-05,3772435351.0
67,-10.846298655114749,2.0447830678859984,0.9248781399538551,1.559503373653068,1.8677002856177538,-4.572207568728966,-0.8418470470830263,1.6142424531796111,-0.9318036882322501,-2.383962361999996,3773436674.0
68,-3.396308630052807,-7.202392312536645,-2.2919227783536904,-3.5932064104313066e-05,-2.383962361999996,3.022844203950187,-0.8418470470830263,1.325396418527854,1.6142424531796111,6.811048445005579,3773545008.0
69,2.0402094005836977,0.6604443297141652,2.0447830678859984,0.7937085448931427,1.3108436461720145,2.3606980807890223,-0.12160702667280249,-1.4049834168872408,1.6166742668451684,-3.5932064104313066e-05,3773664713.0
70,1.961895343310774,-0.07554461933803858,-2.2446349177848024,-2.2919227783536904,-4.8641897078682605,-8.7431654563465,-4.31001319080902,2.4867038342123435,1.3108436461720145,-2.44151764964391,3773771562.0
71,3.022844203950187,-3.5932064104313066e-05,-2.416783929643679,0.7937085448931427,-10.846298655114749,-1.4049834168872408,1.6166742668451684,0.40758127613062495,-0.07554461933803858,-0.8418470470830263,3773950827.0
72,-2.383962361999996,2.0447830678859984,0.5963871539651271,-2.416783929643679,-1.7201572039291038,1.961895343310774,3.5489791083268756,1.3108436461720145,-4.31001319080902,-2.423082321481458,3774083100.0
73,-10.846298655114749,1.3108436461720145,-0.8418470470830263,-2.416783929643679,-2.252608600433472,-2.2446349177848024,-0.12160702667280249,-2.44151764964391,-2.383962361999996,-0.3058702071337187,3774178327.0
74,-0.3058702071337187,1.3108436461720145,-2.2919227783536904,-2.383962361999996,4.645837472815055,-5.473741837056091,-3.5932064104313066e-05,-1.4049834168872408,2.6619041643263355,1.6142424531796111,3775730294.0
75,-2.383962361999996,2.6619041643263355,2.0447830678859984,1.3108436461720145,1.559503373653068,2.3833820843369775,3.366777339672929,-4.31001319080902,-0.12160702667280249,0.5963871539651271,3775825168.0
76,-7.982489154194163,4.645837472815055,2.0447830678859984,-2.383962361999996,1.3108436461720145,6.278501165102831,2.6619041643263355,0.40758127613062495,3.022844203950187,-3.5932064104313066e-05,3775933971.0
77,6.476298825870397,-4.31001319080902,-0.8418470470830263,2.6619041643263355,3.5489791083268756,6.278501165102831,-2.2919227783536904,2.0447830678859984,-2.252608600433472,-2.383962361999996,3777222389.0
78,0.5963871539651271,1.327395212999643,-0.12160702667280249,-3.396308630052807,2.3833820843369775,-2.3347479702135447,0.9248781399538551,3.5489791083268756,1.3108436461720145,-2.383962361999996,3778236706.0
79,2.0447830678859984,-2.383962361999996,0.5963871539651271,0.40758127613062495,2.3833820843369775,1.559503373653068,3.5489791083268756,-3.5932064104313066e-05,1.6166742668451684,-2.2446349177848024,3778241468.0
80,-2.3347479702135447,2.0402094005836977,-1.6347028318852816,6.476298825870397,2.6619041643263355,1.6166742668451684,3.5489791083268756,-3.5932064104313066e-05,2.3606980807890223,-0.9318036882322501,3778249892.0
81,-1.6347028318852816,0.8564190394307998,-0.8418470470830263,2.0402094005836977,1.3108436461720145,-0.07554461933803858,4.645837472815055,2.0447830678859984,6.2271379691001485,8.363995851680299,3778302593.0
82,-3.3106728022156715,1.325396418527854,1.3108436461720145,-0.07554461933803858,-3.5932064104313066e-05,-2.3347479702135447,2.4867038342123435,-0.12160702667280249,-4.31001319080902,0.5963871539651271,3778307502.0
83,2.0447830678859984,-2.2919227783536904,-0.8151932881417263,-4.31001319080902,4.642135943235107,-6.368949060710143,-10.846298655114749,0.9248781399538551,-0.3058702071337187,-1.4049834168872408,3778317263.0
84,1.961895343310774,-2.383962361999996,-2.2446349177848024,1.559503373653068,2.6619041643263355,2.2230928136386643,-0.8418470470830263,0.0,2.0056447453124124,0.7937085448931427,3778370478.0
85,3.8310322307142726,-2.406196142204895,1.2216986129137413,2.3970507722281242,-0.22487625051343219,-1.7444235964400203,-1.1321105663225304,1.8229526550431272,1.1337028927961352,-2.929467033543686,3778379300.0
86,1.8229526550431272,-1.2803710048388668,-2.929467033543686,2.3970507722281242,-6.083726969613592,-1.7444235964400203,2.0656629112582676,1.2216986129137413,-4.2789106667933705,0.8366536561921074,3778426484.0
87,2.1431967191216494,-2.406196142204895,3.31158474513057,-1.8920572335644423,-1.7444235964400203,-3.677119712890267,1.9433216921933176,1.9078066848751898,-4.4770282893990325,-8.242648241783122,3778429888.0
88,4.491128977837991,1.8229526550431272,7.313252328892844,3.31158474513057,1.9433216921933176,3.2890842157398774,-6.083726969613592,-0.16052195848851766,5.921941676397218,1.517283339196445,3778454768.0
89,4.109120910890556,-4.2789106667933705,-1.2149122762002782,-2.929467033543686,-1.7444235964400203,3.2890842157398774,1.8251057700476125,1.517283339196445,1.8229526550431272,-1.760816658887227,3778477843.0
90,2.5647333028102306,2.1431967191216494,-1.7444235964400203,-5.10235698019633,0.040891008287298025,-1.760816658887227,1.3744710380676886,-3.677119712890267,4.491128977837991,-2.775933193965579,3778509007.0
91,-1.760816658887227,0.28752830789503814,1.2216986129137413,-1.7444235964400203,-4.4770282893990325,3.2890842157398774,-0.22487625051343219,1.8229526550431272,-4.2789106667933705,1.3744710380676886,3778568236.0
92,2.0656629112582676,-1.7444235964400203,1.517283339196445,-3.8276743003542992,-1.760816658887227,2.6567177558187294,-13.90414489024813,-0.22487625051343219,3.8310322307142726,1.8251057700476125,3778570125.0
93,-4.4770282893990325,1.8251057700476125,2.6567177558187294,1.2216986129137413,-1.760816658887227,-0.038385923172299274,-0.12238117468316385,1.9078066848751898,1.0717724932615869,-1.8046082910002714,3778600176.0
94,3.2890842157398774,-6.083726969613592,-0.8247558398538833,1.2216986129137413,0.0,1.1337028927961352,-1.2149122762002782,-2.775933193965579,1.8229526550431272,1.9433216921933176,3778616962.0
95,-1.7444235964400203,-1.3770249110054842,1.2216986129137413,3.31158474513057,-4.2789106667933705,-3.677119712890267,1.9433216921933176,-2.8106765451628326,4.491128977837991,1.517283339196445,3778648375.0
96,-1.760816658887227,-1.7444235964400203,4.491128977837991,1.8229526550431272,-1.1321105663225304,-0.16052195848851766,-0.22487625051343219,2.6567177558187294,6.811048445005579,-1.8046082910002714,3778675303.0
97,-6.1052838642690315,2.3970507722281242,0.040891008287298025,1.8229526550431272,-2.8106765451628326,-2.946377282026394,3.8310322307142726,1.517283339196445,2.1431967191216494,-0.22487625051343219,3778701169.0
98,3.8310322307142726,0.0,1.517283339196445,-4.2789106667933705,2.0656629112582676,-0.22487625051343219,1.3744710380676886,0.040891008287298025,-1.7444235964400203,2.7582254200349383,3778740149.0
99,1.2216986129137413,3.2890842157398774,-11.448642080164054,-0.16052195848851766,0.48787909612085273,1.0717724932615869,3.8310322307142726,0.0,2.6567177558187294,2.1684852511264805,3779891824.0
100,3.8310322307142726,1.8251057700476125,6.2271379691001485,-0.16052195848851766,1.8229526550431272,-1.7444235964400203,0.28752830789503814,-0.22487625051343219,2.0056447453124124,3.31158474513057,3779897880.0
101,-0.12238117468316385,-2.8106765451628326,-4.2789106667933705,1.3744710380676886,-4.4770282893990325,1.9433216921933176,-2.775933193965579,0.0,0.0,1.517283339196445,3779956843.0
102,-2.406196142204895,1.9078066848751898,2.6567177558187294,3.31158474513057,-4.2789106667933705,-1.760816658887227,1.8251057700476125,0.48787909612085273,-4.4770282893990325,-3.3179953382942218,3779957371.0
103,1.3744710380676886,-0.6079274322076295,-1.7444235964400203,-0.8247558398538833,0.040891008287298025,4.109120910890556,-2.929467033543686,-1.2149122762002782,-3.677119712890267,3.2890842157398774,3779971785.0
104,1.9433216921933176,2.264585275655739,1.8229526550431272,1.0717724932615869,-1.760816658887227,-0.038385923172299274,2.3970507722281242,-1.2149122762002782,-6.1052838642690315,-2.929467033543686,3779986175.0
105,3.2890842157398774,-2.406196142204895,0.040891008287298025,1.9078066848751898,-1.760816658887227,2.1431967191216494,1.517283339196445,-1.8920572335644423,-6.083726969613592,-0.12238117468316385,3780059114.0
106,-5.10235698019633,1.1337028927961352,1.2216986129137413,5.921941676397218,2.1684852511264805,0.040891008287298025,-1.8920572335644423,1.9433216921933176,1.8251057700476125,1.517283339196445,3780075814.0
107,1.9433216921933176,-4.2789106667933705,0.040891008287298025,5.921941676397218,2.264585275655739,1.8229526550431272,1.3744710380676886,0.28752830789503814,2.0173882881239,-2.775933193965579,3780128734.0
108,-4.4770282893990325,2.5647333028102306,2.3970507722281242,-1.2803710048388668,2.1684852511264805,1.6513874631436312,-1.760816658887227,1.3744710380676886,-5.929382340319316,-2.775933193965579,3780130077.0
109,1.8260538178725354,-0.2484554511293567,-1.2479517791861192,2.316332220479869,2.3944504016684434,0.6624719648873189,1.3203976315082362,-3.1752532561782902,5.376009110393748,-1.8527308567521608,3780137912.0
110,3.0051939704090875,1.550026370762317,-1.5143148621183282,5.518504453330248,-0.5748711069187042,4.255986694727254,1.625566342592164,-0.32566291873298636,4.769280029109501,4.166516319312936,3780150423.0
111,2.9148677719228395,4.166516319312936,0.8175825844253785,-0.4043145861121427,2.3944504016684434,1.4190260322918236,-0.14704135373200736,-3.1752532561782902,5.518504453330248,-1.8527308567521608,3780173955.0
112,-0.4043145861121427,-3.9775843772852535,1.3203976315082362,3.2501717920314355,-10.749212956994667,2.316332220479869,-1.2479517791861192,1.8260538178725354,0.8175825844253785,0.0,3780239446.0
113,4.769280029109501,1.550026370762317,2.3944504016684434,2.9148677719228395,-0.5748711069187042,-0.2484554511293567,0.08267385804877919,1.4931216698488343,-0.4043145861121427,2.983080058988463,3780256955.0
114,-1.8527308567521608,-3.80449744820522,-0.4043145861121427,2.5606165704888486,3.9592333992744013,4.166516319312936,0.8175825844253785,-1.2479517791861192,7.392236986161671,-0.5748711069187042,3780274749.0
115,1.550026370762317,-0.4043145861121427,-0.14704135373200736,-1.9620055908707632,1.2318322055408972,-3.9775843772852535,-0.32566291873298636,7.850020474347694,-3.80449744820522,-1.481951131721417,3780275838.0
116,-1.481951131721417,-0.11466201465017854,-1.8527308567521608,2.316332220479869,1.2318322055408972,-2.9766748865358643,-3.1752532561782902,5.518504453330248,1.9078066848751898,0.6624719648873189,3780311009.0
117,1.8260538178725354,1.625566342592164,-4.556960102156131,-1.2479517791861192,-1.8527308567521608,1.0324709131813197,-4.657999061780673,1.550026370762317,2.983080058988463,-3.889212959558223,3780334499.0
118,1.3203976315082362,-4.657999061780673,1.4931216698488343,1.4205678069609422,-0.32566291873298636,-3.799102638728516,-0.14704135373200736,-0.11466201465017854,1.2318322055408972,-1.8527308567521608,3780347464.0
119,-3.9775843772852535,2.9148677719228395,-0.14704135373200736,4.769280029109501,0.08267385804877919,0.23259694952693558,2.5606165704888486,-3.80449744820522,1.9078066848751898,1.2318322055408972,3780349967.0
120,1.550026370762317,-4.872818436429531,1.4931216698488343,2.0068747676117744,1.2318322055408972,-3.9775843772852535,-1.806240429716494,5.518504453330248,2.9148677719228395,-0.32566291873298636,3780464763.0
121,3.2501717920314355,0.8031039320031002,-1.2479517791861192,-1.8527308567521608,-3.889212959558223,1.4205678069609422,1.3203976315082362,1.4931216698488343,-5.895744006150945,2.983080058988463,3780551983.0
122,-0.2484554511293567,-0.5748711069187042,0.8031039320031002,-3.80449744820522,1.3203976315082362,1.550026370762317,-1.5143148621183282,-0.6784156241256448,2.9148677719228395,2.5606165704888486,3780675922.0
123,-1.8527308567521608,-0.4043145861121427,-3.889212959558223,-3.80449744820522,1.2318322055408972,-2.9766748865358643,0.08267385804877919,1.4931216698488343,0.0,-0.32566291873298636,3781237780.0
124,-0.2484554511293567,2.0068747676117744,5.518504453330248,-3.80449744820522,2.3944504016684434,-0.9271815607488637,-1.2479517791861192,-3.3278217111376724,0.6624719648873189,-1.8527308567521608,3781288924.0
125,1.550026370762317,-3.889212959558223,-3.80449744820522,-4.872818436429531,-1.806240429716494,-1.8527308567521608,-0.11466201465017854,-2.26274125320712,2.5606165704888486,-0.23415127777483571,3781335278.0
126,-1.8527308567521608,-3.80449744820522,0.0,-3.0122197439163236,2.983080058988463,-0.2484554511293567,-0.11466201465017854,1.625566342592164,0.8175825844253785,-0.32566291873298636,
127,-0.4043145861121427,1.9078066848751898,0.8175825844253785,4.166516319312936,-3.80449744820522,0.6624719648873189,-0.23415127777483571,1.4931216698488343,-3.9775843772852535,-0.32566291873298636,3781481911.0
128,1.2318322055408972,1.3203976315082362,-3.80449744820522,-1.8527308567521608,2.5606165704888486,2.9148677719228395,-0.2484554511293567,-7.514749080288345,-0.23415127777483571,-0.49411733310289624,3781482163.0
129,3.2501717920314355,1.7382093255060647,2.3944504016684434,-1.2479517791861192,-3.1752532561782902,-4.872818436429531,-0.14704135373200736,-0.49411733310289624,-3.80449744820522,3.064030548719946,3781488024.0
130,-3.799102638728516,-1.2479517791861192,-0.14704135373200736,1.4190260322918236,1.4205678069609422,-2.1173471552060854,7.392236986161671,2.3944504016684434,-3.80449744820522,2.983080058988463,3781491949.0
131,3.2501717920314355,-0.32566291873298636,-0.5748711069187042,0.08267385804877919,-7.9346161350548,-1.8527308567521608,-1.2479517791861192,1.625566342592164,2.5606165704888486,1.2318322055408972,3781496374.0
132,-0.2484554511293567,-3.0122197439163236,1.4931216698488343,0.6624719648873189,-4.49759582693796,-0.4921760887501776,3.2501717920314355,-0.32566291873298636,0.0,2.5606165704888486,3781532208.0
133,-0.14704135373200736,0.6484701491704932,1.4205678069609422,1.8260538178725354,-4.49759582693796,0.0,-1.8527308567521608,3.0051939704090875,4.769280029109501,-3.80449744820522,3781534918.0
134,-0.32566291873298636,3.2501717920314355,-0.9271815607488637,2.9148677719228395,2.3944504016684434,1.4931216698488343,4.769280029109501,-0.5748711069187042,-1.2479517791861192,0.0,3781539822.0
135,-5.780520312770766,2.741306953903542,3.0051939704090875,0.08267385804877919,1.625566342592164,1.550026370762317,-0.11466201465017854,-7.514749080288345,2.5606165704888486,-0.32566291873298636,3781541662.0
136,1.3203976315082362,-5.780520312770766,1.4931216698488343,-1.2479517791861192,-3.1752532561782902,-2.036544365648131,1.8260538178725354,1.550026370762317,-3.80449744820522,-8.47595246685266,3781569096.0
137,5.518504453330248,-0.2484554511293567,-0.32566291873298636,2.3944504016684434,-3.80449744820522,1.3203976315082362,2.5606165704888486,-0.11466201465017854,4.166516319312936,3.9592333992744013,3781615535.0
138,-1.8527308567521608,-3.80449744820522,-0.32566291873298636,-0.23415127777483571,0.08267385804877919,-3.799102638728516,0.8175825844253785,3.2501717920314355,-1.9620055908707632,-5.895744006150945,3781619865.0
139,-5.780520312770766,-3.799102638728516,0.8175825844253785,-1.2479517791861192,-0.32566291873298636,4.166516319312936,-0.11466201465017854,1.625566342592164,-0.5186479985373122,-1.806240429716494,
140,-1.9620055908707632,-4.657999061780673,4.769280029109501,-0.14704135373200736,1.3203976315082362,-0.6784156241256448,-3.889212959558223,-1.2479517791861192,2.5606165704888486,1.4205678069609422,3781668655.0
141,-3.799102638728516,-0.32566291873298636,2.9148677719228395,0.23259694952693558,-0.49411733310289624,-0.9271815607488637,-0.2484554511293567,-1.2479517791861192,2.3944504016684434,-3.1752532561782902,3781669004.0
142,-3.0122197439163236,1.4205678069609422,0.8175825844253785,2.9148677719228395,-4.49759582693796,5.518504453330248,-1.2479517791861192,2.5606165704888486,-10.749212956994667,-0.2484554511293567,3781686906.0
143,-1.0364747960365046,3.631110135440974,2.0777895729617777,-3.080413053073065,-1.8361234928199295,0.09592408421775805,2.732021919531858,3.2215198158640206,5.50761362738533,-0.07338282615742944,3781706342.0
144,-4.745778671194152,0.7859396386903007,2.5856604246889856,-0.1738451673155086,3.631110135440974,0.09592408421775805,1.6817012640000129,-0.3440932671551283,2.732021919531858,4.137628845400167,3781736064.0
145,4.01071431809621,-4.380832969265392,1.2174306718715673,-0.1738451673155086,0.04171691801109878,-0.07338282615742944,-3.2273718654431494,-0.49134012466557825,5.50761362738533,-4.799094181248473,3781768615.0
146,-3.080413053073065,2.525981034168807,3.631110135440974,2.0777895729617777,0.04171691801109878,-3.8289407186486386,-4.745778671194152,-0.6611507164408311,-1.0364747960365046,0.7859396386903007,3781777845.0
147,-1.0364747960365046,1.9803705406012715,-2.001170076295233,0.9795522671299098,-3.8289407186486386,-0.3918036421160529,2.5856604246889856,0.36098846015764263,-4.745778671194152,-1.3411098903743939,3781817196.0
148,-0.6611507164408311,2.732021919531858,-4.380832969265392,-4.745778671194152,2.5856604246889856,1.8693426183275594,-2.3656209502012113,-0.1738451673155086,1.6817012640000129,-2.001170076295233,3781853775.0
149,3.631110135440974,6.329342430607345,-0.3440932671551283,-0.49134012466557825,0.04171691801109878,-3.9194576523760407,-2.001170076295233,-4.745778671194152,0.36098846015764263,6.9075217562008,3781854643.0
150,1.0324709131813197,2.0777895729617777,3.631110135440974,-1.0364747960365046,-2.5683556011281916,5.50761362738533,-0.3440932671551283,1.9803705406012715,-4.811016885688557,-1.8361234928199295,3781860981.0
151,-0.4061687002333965,-2.001170076295233,1.5646711431372742,-4.745778671194152,-1.3411098903743939,-0.22448998932349865,-1.0364747960365046,3.2215198158640206,-0.3918036421160529,-3.8289407186486386,3781916923.0
152,0.36098846015764263,-4.745778671194152,-0.22448998932349865,-1.2865467332118499,-4.380832969265392,-0.1738451673155086,6.9075217562008,3.631110135440974,-1.0364747960365046,3.6601211241957547,3781917114.0
153,-0.22448998932349865,-0.3440932671551283,-4.745778671194152,-0.1738451673155086,-0.4061687002333965,-1.3411098903743939,-3.080413053073065,2.732021919531858,0.09592408421775805,1.9405695273955694,3781943140.0
154,8.363995851680299,2.759497381523863,1.832533271796709,-0.22448998932349865,2.732021919531858,1.8247122954329236,0.09592408421775805,-0.49134012466557825,1.3950063986337613,-3.080413053073065,3781970869.0
155,-0.3918036421160529,8.363995851680299,-4.811016885688557,1.6817012640000129,-0.49134012466557825,-3.2273718654431494,5.50761362738533,0.7859396386903007,2.5856604246889856,-1.2224796035013634,3781998272.0
156,8.363995851680299,0.15925075364692806,-1.3411098903743939,-0.49134012466557825,1.5646711431372742,-3.9194576523760407,-4.745778671194152,0.7859396386903007,7.509175380254543,1.62640907768453,3782033688.0
157,6.329342430607345,1.832533271796709,-1.3411098903743939,0.04171691801109878,-0.49134012466557825,-0.22448998932349865,1.0324709131813197,0.7859396386903007,-1.0364747960365046,1.9405695273955694,3782034378.0
158,3.631110135440974,0.9795522671299098,-0.4061687002333965,1.9405695273955694,-1.0364747960365046,-3.080413053073065,1.832533271796709,-4.745778671194152,-3.9194576523760407,0.7859396386903007,3782111910.0
159,-0.22448998932349865,0.09592408421775805,-4.799094181248473,0.7917571903640787,5.50761362738533,-4.563010177827637,2.732021919531858,0.7859396386903007,-0.07338282615742944,-1.0364747960365046,3782956510.0
160,2.172189442290866,3.6601211241957547,1.5646711431372742,-4.745778671194152,-1.3411098903743939,-1.0364747960365046,1.832533271796709,-4.799094181248473,0.36098846015764263,3.631110135440974,3783001838.0
161,-0.22448998932349865,5.50761362738533,2.0777895729617777,-1.0364747960365046,-4.745778671194152,0.0,2.759497381523863,3.631110135440974,-4.380832969265392,2.732021919531858,3783045532.0
162,-3.8289407186486386,-2.001170076295233,2.0777895729617777,1.8247122954329236,-0.22448998932349865,0.09592408421775805,-5.153434692739045,3.631110135440974,-0.5186479985373122,-1.0364747960365046,
163,5.50761362738533,0.15925075364692806,-0.3440932671551283,-1.3411098903743939,2.5856604246889856,3.631110135440974,-1.0364747960365046,-2.036544365648131,1.2174306718715673,-0.3918036421160529,3783078056.0
164,-0.1738451673155086,2.0777895729617777,-4.745778671194152,-0.22448998932349865,-1.0364747960365046,1.5646711431372742,15.125344590080129,-0.4061687002333965,0.09592408421775805,3.631110135440974,3783080529.0
165,5.50761362738533,-4.745778671194152,-1.3411098903743939,1.9405695273955694,1.5646711431372742,-0.22448998932349865,1.0324709131813197,2.0777895729617777,-2.5329472209957067,-1.0364747960365046,3783083001.0
166,1.6817012640000129,1.2032651423821406,0.0,0.0,-4.041300642447322,2.732021919531858,0.7917571903640787,-0.22448998932349865,-1.8361234928199295,-1.0364747960365046,3783084376.0
167,-3.8289407186486386,1.9405695273955694,1.5646711431372742,-4.745778671194152,1.9803705406012715,-0.6611507164408311,5.50761362738533,-4.380832969265392,-1.0364747960365046,2.5856604246889856,
168,-0.22448998932349865,0.15925075364692806,-1.3772025528549714,1.5646711431372742,-3.080413053073065,2.759497381523863,7.738790222777982,-1.3411098903743939,0.0,0.7859396386903007,3783124580.0
169,3.631110135440974,0.9795522671299098,-0.1738451673155086,-1.2224796035013634,-2.5683556011281916,2.172189442290866,3.6601211241957547,-0.49134012466557825,0.15925075364692806,1.6817012640000129,3783126198.0
170,-2.5683556011281916,-0.49134012466557825,1.8247122954329236,-2.3656209502012113,1.9803705406012715,-0.07338282615742944,0.0,-4.745778671194152,-1.2865467332118499,2.0777895729617777,3783126806.0
171,-1.6137709347102194,-1.6015151880838963,3.3854421696130994,3.0247000122202405,1.102716351673183,4.951146409754825,2.401009238715895,1.769200960945954,-0.5117286062661749,-0.8659776969956318,3783127740.0
172,-2.6254663618813217,-1.2222373424072774,-0.4799395181450526,-4.002404430759381,-7.1622381430025746,0.5185374848073626,4.438982136875921,2.5051954119198285,-0.9307410782973073,1.769200960945954,
173,1.0324709131813197,1.1784753643672312,0.03794931287179421,-4.002404430759381,-4.5238327297755605,0.10277031971070955,-0.5117286062661749,-5.356558794437322,0.7662566224876158,0.5185374848073626,3783188809.0
174,1.1784753643672312,-3.765001560886036,4.951146409754825,-4.002404430759381,-1.6015151880838963,0.9357007003521238,0.10277031971070955,1.2201522996725072,-0.31360072300405784,0.03794931287179421,3783203719.0
175,-0.8659776969956318,1.1784753643672312,2.1417703947377653,2.172189442290866,0.10277031971070955,-3.0595142641790063,-4.002404430759381,-5.389505888120715,1.832533271796709,-3.261969639614762,
176,-1.7588328871849084,0.10277031971070955,0.7662566224876158,-0.31360072300405784,0.03794931287179421,-0.8659776969956318,1.769200960945954,1.2201522996725072,-4.002404430759381,4.951146409754825,3783274152.0
177,-5.053075848322124,0.9357007003521238,-3.261969639614762,3.064030548719946,1.102716351673183,2.401009238715895,0.10277031971070955,-3.0595142641790063,-0.5117286062661749,0.03794931287179421,
178,-5.389505888120715,-1.9057279330680665,-3.765001560886036,2.7746753751166944,0.10277031971070955,2.401009238715895,0.5185374848073626,-4.002404430759381,-1.6015151880838963,-3.261969639614762,3783292575.0
179,-4.616373384121656,2.401009238715895,3.064030548719946,-0.5117286062661749,1.832533271796709,-0.8659776969956318,2.5051954119198285,-7.277962871481067,0.03794931287179421,2.5373293334265257,3783306560.0
180,1.6834429062550982,-0.4799395181450526,0.0,2.7746753751166944,0.10277031971070955,2.401009238715895,1.62640907768453,0.08409935253431913,0.03794931287179421,-1.6137709347102194,3783372403.0
181,3.476322048254,3.092670799011707,1.433338948520126,-1.5551091945988245,2.172189442290866,-0.2558724679845374,2.446335833089596,0.32370773460834024,2.8330367483108874,4.237879669668019,3783375043.0
182,8.525090477498308,-0.644757805311995,1.433338948520126,2.428475090487767,-2.6254663618813217,-3.721810852018159,1.92971365441206,1.347196454886611,0.22083597505065525,-9.175698854427619,
183,-0.2558724679845374,0.9180401410793263,1.433338948520126,2.428475090487767,-2.6254663618813217,-2.033615193563204,0.22083597505065525,-0.6256131048303176,4.778146084363829,2.6711725077243234,3783445648.0
184,-2.3243404091055058,2.446335833089596,6.9075217562008,2.1417703947377653,4.237879669668019,-7.252293589156953,-1.5551091945988245,1.7351471713578315,0.5305328928291034,-5.391518034307337,3783447329.0
185,2.428475090487767,1.433338948520126,-0.7123080339833684,-0.2653310033559412,0.7662566224876158,0.22083597505065525,0.0,-1.9478171204018393,-1.070673469568785,3.476322048254,3783447476.0
186,2.428475090487767,1.433338948520126,2.446335833089596,-2.6254663618813217,0.7662566224876158,2.8330367483108874,3.092670799011707,2.2349970656280247,-9.175698854427619,-0.644757805311995,3783480887.0
187,-1.7918009880181458,0.0661418626269635,-2.7542994992816463,-1.1546342610732334,-0.5186479985373122,1.8011637327802477,1.6254451135781482,1.2254757353453298,-0.783225178985558,1.061003223817369,3783517334.0
188,-0.1409320297879851,0.0661418626269635,3.6016758567460347,-2.8204637940278845,0.563430587061039,1.5321250827816772,-2.4580346530112522,0.1814587713223968,1.7178748914040405,-3.5191989180199106,3783519246.0
189,-1.653043050587317,0.3408694130857048,1.0341557856544892,4.553349943515368,1.8682042682180278,1.640688001853325,-0.18609890731180917,0.6060903803928117,-0.7275792209988968,-8.2367640132644,3783544088.0
190,-1.653043050587317,1.0837832211802925,0.18058525409587223,-3.402123462763882,9.22220943165665,2.507222891473239,-0.11988913039573265,1.0341557856544892,1.986615625732171,0.0,3783551872.0
191,1.1903018698663703,3.4574641303677254,-1.653043050587317,0.3408694130857048,2.657992333550987,0.0,2.525981034168807,2.4881559547686143,2.1978340482344194,2.507222891473239,3783629450.0
192,-0.8018030739478591,0.3408694130857048,3.4574641303677254,-2.7853342027856747,-1.653043050587317,-5.451250325312798,2.1978340482344194,1.9944698414945625,4.553349943515368,1.0341557856544892,3783632893.0
193,-3.154908265010891,-5.307011065630662,4.553349943515368,0.3408694130857048,-0.828474554537784,-2.594728312217656,1.0837832211802925,-1.653043050587317,3.4574641303677254,-0.8018030739478591,3784841338.0
194,2.684144355123863,3.4574641303677254,1.1903018698663703,2.507222891473239,-1.7447425121877904,0.0,1.640688001853325,4.553349943515368,2.1978340482344194,2.657992333550987,3784842431.0
195,2.657992333550987,2.590908454338101,-3.957867988359767,-2.7853342027856747,-0.828474554537784,2.1978340482344194,0.18058525409587223,4.553349943515368,5.49173619112202,-3.0917092666392936,3784894222.0
196,-0.11988913039573265,1.0837832211802925,4.553349943515368,4.3272633762339465,-0.8018030739478591,2.590908454338101,-0.16647141036235716,0.18058525409587223,1.0777412810301068,3.4574641303677254,3784907866.0
197,-0.16647141036235716,2.590908454338101,-4.297224473971222,4.513396706603724,-1.0161843763803837,0.6060903803928117,-2.7853342027856747,0.18058525409587223,2.525981034168807,-3.0917092666392936,
198,2.625198778763087,-2.7853342027856747,-5.810345812591333,-0.16647141036235716,-0.828474554537784,0.5854087638543302,1.8682042682180278,-4.297224473971222,-0.8018030739478591,-0.11988913039573265,3784945327.0
199,-5.307011065630662,0.3408694130857048,-0.828474554537784,-3.148847924406279,-0.16647141036235716,0.18058525409587223,4.3272633762339465,1.4621194475526975,2.525981034168807,2.1978340482344194,3784967649.0
200,1.640688001853325,0.3408694130857048,-1.8986177258885462,6.710937817273238,2.657992333550987,-1.4568769106444517,2.1978340482344194,-4.297224473971222,-0.16647141036235716,1.4621194475526975,3785089541.0
201,6.710937817273238,1.640688001853325,-3.957867988359767,1.0777412810301068,-0.828474554537784,0.18058525409587223,-7.71646063174488,-1.653043050587317,2.525981034168807,-3.0917092666392936,3785291298.0
202,0.0,2.525981034168807,2.657992333550987,5.376009110393748,-0.828474554537784,2.1978340482344194,9.22220943165665,4.553349943515368,5.49173619112202,1.0341557856544892,3785462740.0
203,-0.828474554537784,1.8682042682180278,-0.16647141036235716,-2.586249525409558,-3.0917092666392936,3.4574641303677254,1.1903018698663703,2.7757528272838092,2.1978340482344194,-1.653043050587317,3785554522.0
204,-3.0917092666392936,-0.8018030739478591,-0.828474554537784,7.72048241803499,4.553349943515368,4.513396706603724,2.590908454338101,-1.653043050587317,2.525981034168807,-0.6015500467681896,
205,-2.594728312217656,0.20680225562502544,-4.297224473971222,2.507222891473239,0.18058525409587223,3.4574641303677254,0.3408694130857048,1.0341557856544892,-0.11988913039573265,-0.16647141036235716,
206,2.1978340482344194,2.590908454338101,4.553349943515368,2.525981034168807,-0.828474554537784,2.684144355123863,0.3408694130857048,0.6060903803928117,-2.721713657274812,-0.16647141036235716,
207,2.1978340482344194,2.657992333550987,0.6060903803928117,1.8682042682180278,1.640688001853325,1.9944698414945625,-1.4568769106444517,-1.653043050587317,-0.7275792209988968,4.3272633762339465,3786958899.0
208,1.9944698414945625,2.507222891473239,-0.18609890731180917,-0.7275792209988968,0.0,-1.7096215639246972,2.7757528272838092,-0.828474554537784,-3.5809661544994924,2.1638613419137402,3787058134.0
209,1.640688001853325,2.507222891473239,3.696765560830819,-1.4568769106444517,-5.307011065630662,-1.653043050587317,-2.586249525409558,0.18058525409587223,1.8682042682180278,3.4574641303677254,
210,1.640688001853325,0.6366479885571484,-5.307011065630662,2.590908454338101,-4.297224473971222,2.1638613419137402,2.507222891473239,-2.7853342027856747,-1.7447425121877904,0.18058525409587223,
211,0.0,1.4621194475526975,2.1638613419137402,2.507222891473239,8.363995851680299,-8.2367640132644,0.18058525409587223,-0.16647141036235716,-0.828474554537784,2.657992333550987,
212,2.636575806195232,-7.431938768092842,3.4512096303070363,3.1706761293805528,2.3989159994169693,-2.5871364527812704,1.0016870440820216,0.11110753308978588,5.477488092247521,1.886932766590921,3787689572.0
213,7.858298102929791,2.5107642145830424,5.477488092247521,-4.108873295060382,3.4512096303070363,-3.3070223824313687,-7.558493600599584,-0.6452787341864585,1.9055257319703982,-0.6727214425960691,3787793545.0
214,3.575855392018008,1.9055257319703982,-4.0082420732434665,3.4395617424094294,-4.108873295060382,0.7592241742067127,-6.107799481843538,2.244610009876179,-1.931206259899441,-0.20454871175901326,3788207664.0
215,-2.5871364527812704,-0.6727214425960691,5.477488092247521,0.3168232241744653,1.4910253757451644,1.1221100720652806,0.05641777036442941,-0.6452787341864585,12.46488050366841,1.601227316902115,3788263049.0
216,-2.792298745723214,-4.108873295060382,0.06051510465603806,-7.131889231647577,7.091601636298342,3.4512096303070363,0.0,2.244610009876179,0.2872460555293484,-0.20454871175901326,3791318860.0
217,-0.20454871175901326,3.629064116078516,1.1221100720652806,0.10090462259097313,0.11110753308978588,2.9847023789981275,2.244610009876179,7.091601636298342,0.06051510465603806,1.5902390651730978,3791384064.0
218,3.575855392018008,3.4395617424094294,1.9055257319703982,-0.6727214425960691,1.7218055261790097,-1.931206259899441,2.244610009876179,-6.107799481843538,-0.8248568344133413,-4.108873295060382,3791515445.0
219,2.3989159994169693,1.4910253757451644,-4.108873295060382,2.244610009876179,0.06051510465603806,1.886932766590921,0.7592241742067127,0.3168232241744653,0.2872460555293484,0.11110753308978588,3791572947.0
220,-4.108873295060382,-3.554767855173866,1.886932766590921,1.5902390651730978,3.4512096303070363,0.7592241742067127,-4.0082420732434665,-0.6727214425960691,-3.3070223824313687,3.1706761293805528,3792116483.0
221,1.1221100720652806,0.3168232241744653,-3.7039516374098786,5.477488092247521,-4.108873295060382,1.5902390651730978,0.11110753308978588,3.1135837505295028,1.9055257319703982,1.601227316902115,3792117569.0
222,7.858298102929791,-4.0082420732434665,3.891607605271595,-0.7845118512551549,0.11110753308978588,0.05641777036442941,2.244610009876179,-0.20454871175901326,1.9055257319703982,-0.6727214425960691,3792177620.0
223,-4.108873295060382,2.244610009876179,1.601227316902115,0.10090462259097313,-1.931206259899441,0.06051510465603806,-3.7039516374098786,-0.6727214425960691,1.1221100720652806,1.4910253757451644,3792178308.0
224,3.649405032827554,1.9055257319703982,1.601227316902115,0.11110753308978588,-4.31362313198109,1.2147726769903364,0.05641777036442941,0.3168232241744653,0.7592241742067127,5.778361244890358,3792261655.0
225,0.11110753308978588,2.244610009876179,-4.0082420732434665,-4.108873295060382,0.2872460555293484,2.9847023789981275,-2.792298745723214,2.3989159994169693,-0.2670340562755844,0.06051510465603806,3792346089.0
226,1.2147726769903364,2.5107642145830424,2.244610009876179,-4.108873295060382,7.738790222777982,-4.163195700637711,0.3168232241744653,0.11110753308978588,1.9055257319703982,-0.6727214425960691,3792351765.0
227,5.036066716119313,-1.3017998463947558,1.1221100720652806,3.9855560804313828,-4.108873295060382,1.0016870440820216,2.244610009876179,3.1706761293805528,-3.3070223824313687,0.11110753308978588,3792361808.0
228,1.2147726769903364,-7.853402531232909,3.891607605271595,2.772945691270182,0.11110753308978588,0.05641777036442941,-0.6727214425960691,-4.163195700637711,1.9055257319703982,-4.108873295060382,3792408186.0
229,3.1135837505295028,2.244610009876179,-2.6458005780561873,1.4910253757451644,0.06051510465603806,2.9847023789981275,0.7592241742067127,-0.6727214425960691,-0.6452787341864585,0.10090462259097313,3792442906.0
230,-2.792298745723214,1.9055257319703982,1.0016870440820216,-0.6727214425960691,-1.931206259899441,0.06051510465603806,-3.0608546231265654,1.1221100720652806,2.772945691270182,0.11110753308978588,3792466130.0
231,-0.8248568344133413,2.5107642145830424,3.4512096303070363,-0.7845118512551549,2.3989159994169693,0.11110753308978588,2.061625171667244,-4.108873295060382,-4.0082420732434665,3.649405032827554,3792544900.0
232,-2.5871364527812704,-1.3017998463947558,-0.6452787341864585,1.601227316902115,5.477488092247521,0.10090462259097313,-2.7382596942629247,0.06051510465603806,-4.108873295060382,7.738790222777982,3792551699.0
233,-0.7845118512551549,1.1221100720652806,7.091601636298342,-1.3017998463947558,1.2147726769903364,-4.108873295060382,-1.931206259899441,-2.792298745723214,5.778361244890358,1.886932766590921,3792643522.0
234,-0.8248568344133413,2.9847023789981275,-0.6727214425960691,9.101786247812981,0.11110753308978588,0.06051510465603806,3.629064116078516,0.7592241742067127,3.1135837505295028,3.1706761293805528,3792653077.0
235,-0.07624608946296736,-3.3070223824313687,-0.20454871175901326,0.11110753308978588,8.650070364965456,0.2872460555293484,2.5107642145830424,-4.006696429588364,3.1706761293805528,2.244610009876179,3792722654.0
236,-7.131889231647577,1.601227316902115,2.244610009876179,7.091601636298342,-0.2670340562755844,5.717892582508061,3.649405032827554,-0.6727214425960691,-3.554767855173866,2.9847023789981275,
237,-0.2670340562755844,-3.3070223824313687,-4.108873295060382,7.091601636298342,8.650070364965456,-5.726571837084666,3.629064116078516,3.4512096303070363,-0.6727214425960691,2.244610009876179,3792813426.0
238,5.477488092247521,-1.7033159114511778,3.4512096303070363,-0.6727214425960691,0.10090462259097313,-5.425649304014963,2.244610009876179,-4.108873295060382,-1.931206259899441,-3.7039516374098786,
239,-6.024462605536855,3.1598245955527227,0.17660722708262394,0.0,-3.3209969233618306,0.13608006048096005,2.304341283048916,2.8809517230679194,3.5769266778247593,-4.485317119584017,3792899771.0
240,-1.1711764705361647,3.1598245955527227,0.17660722708262394,2.8809517230679194,-3.3209969233618306,-1.5630837830103808,0.13608006048096005,0.5024165480709109,3.0720690504663493,1.2431736160700428,3792952841.0
241,4.047194480837866,-1.1711764705361647,1.7264315199334428,2.4050714349905236,-3.2553028389479475,-5.557050530355254,3.5769266778247593,-3.3209969233618306,-2.4366212220541366,-0.7693597880092016,3793016477.0
242,-1.6131982996266492,3.0720690504663493,2.4137042115209253,-1.5630837830103808,2.304341283048916,-1.1711764705361647,3.301631073879342,0.4481084289042282,-0.6638772029176484,0.0,3793030149.0
243,-0.018438008408869833,-2.4366212220541366,-0.6638772029176484,-6.491762527160561,2.9583542585215827,1.2431736160700428,3.0720690504663493,-2.99825771784288,2.4050714349905236,2.8809517230679194,3793135633.0
244,-1.1711764705361647,-3.2553028389479475,3.5769266778247593,0.45545019257136093,0.13608006048096005,-6.993304183985234,3.6883771189963532,1.7264315199334428,-6.024462605536855,-0.6638772029176484,
245,-0.6638772029176484,1.7264315199334428,-6.993304183985234,3.301631073879342,3.5249519636088333,-4.327855465336299,0.5024165480709109,3.0720690504663493,0.17660722708262394,2.4137042115209253,
246,-4.23229021197015,1.7264315199334428,3.5769266778247593,-0.6638772029176484,-1.6131982996266492,2.9583542585215827,1.9139395025337878,-3.2553028389479475,-3.3209969233618306,8.899246745957228,
247,-3.2238930018194893,2.9583542585215827,-2.86762514792542,-0.6638772029176484,-0.018438008408869833,3.0720690504663493,1.2045252824490662,3.301631073879342,0.13608006048096005,4.047194480837866,3793708269.0
248,2.9583542585215827,1.890232035185005,-3.117313975728251,-0.5209450845795982,0.13608006048096005,-0.7693597880092016,3.1598245955527227,1.9139395025337878,-0.6638772029176484,-4.200326086013108,3793710236.0
249,-1.1711764705361647,3.301631073879342,-5.807263935314044,1.597657899074684,-0.6638772029176484,3.327813857606626,0.04420756088673974,3.5249519636088333,-3.3209969233618306,1.7264315199334428,3793772223.0
250,0.17660722708262394,3.5769266778247593,1.3068639923551146,-3.3209969233618306,2.9583542585215827,8.899246745957228,-1.1711764705361647,-0.5209450845795982,2.8809517230679194,-3.151432727676978,3793787438.0
251,5.186910926927345,-1.4716628144649417,-5.807263935314044,8.899246745957228,-3.3209969233618306,-3.2238930018194893,0.04420756088673974,0.17660722708262394,-1.2204443667068556,1.7264315199334428,3793832743.0
252,3.0720690504663493,2.9583542585215827,1.8392802586427224,2.8809517230679194,-0.018438008408869833,-1.4716628144649417,-1.0660970571164343,0.5024165480709109,-6.024462605536855,1.3147345588830661,3793855547.0
253,3.301631073879342,3.5769266778247593,-6.024462605536855,7.7090205915396774,0.45545019257136093,2.8809517230679194,0.0,-3.3209969233618306,2.814988698317032,1.5509464752989262,3793894671.0
254,2.8809517230679194,-4.485317119584017,0.5024165480709109,2.4137042115209253,-3.3209969233618306,0.13608006048096005,-2.4366212220541366,5.821053945558312,-0.6638772029176484,9.832753268270158,3793936123.0
255,3.301631073879342,1.2045252824490662,-1.1711764705361647,-3.3209969233618306,1.597657899074684,2.070174895127987,1.3068639923551146,-0.7167157308000933,2.4137042115209253,1.5509464752989262,3793981078.0
256,14.272852764478523,1.3068639923551146,-0.6638772029176484,-1.7761224453369282,8.899246745957228,0.13608006048096005,-7.04590625475085,-4.37990606577261,4.047194480837866,0.04420756088673974,3793982981.0
257,1.3068639923551146,2.304341283048916,-0.018438008408869833,0.4481084289042282,0.17660722708262394,0.04420756088673974,-1.6131982996266492,1.2045252824490662,5.109394226287976,-1.2204443667068556,3794026128.0
258,-3.2238930018194893,-4.485317119584017,-1.2204443667068556,3.301631073879342,-1.4716628144649417,-3.2553028389479475,0.45545019257136093,5.109394226287976,-3.3209969233618306,0.04420756088673974,3794035781.0
259,-4.485317119584017,-1.4716628144649417,2.8359463779040475,2.304341283048916,1.7264315199334428,7.7090205915396774,1.3068639923551146,3.1598245955527227,-2.047549246467827,-0.5209450845795982,3794039372.0
260,-1.4716628144649417,0.04420756088673974,-4.200326086013108,3.301631073879342,-1.2204443667068556,0.4481084289042282,1.2045252824490662,-1.1711764705361647,-3.3209969233618306,1.8392802586427224,3794054355.0
261,8.899246745957228,-0.7167157308000933,-1.0660970571164343,1.7264315199334428,-1.6131982996266492,2.9583542585215827,-4.200326086013108,3.327813857606626,-1.5630837830103808,-3.3209969233618306,3794109188.0
262,3.301631073879342,-7.63856435275633,-1.1711764705361647,-3.3209969233618306,3.5249519636088333,1.2045252824490662,-4.485317119584017,-1.6131982996266492,2.8809517230679194,-1.2204443667068556,3794114018.0
263,-3.2238930018194893,3.0720690504663493,0.13608006048096005,-0.018438008408869833,1.3068639923551146,3.301631073879342,3.1598245955527227,-1.1711764705361647,-1.2204443667068556,-1.6131982996266492,3794123687.0
264,2.8809517230679194,2.4836373980965023,0.0,-2.86762514792542,-0.6638772029176484,-1.861271058493392,0.4481084289042282,8.88892739613631,0.04420756088673974,-6.024462605536855,3794190380.0
265,1.9139395025337878,2.8809517230679194,8.899246745957228,-1.8160100121044906,-2.4366212220541366,-4.23229021197015,0.5024165480709109,-0.7167157308000933,-1.4716628144649417,0.0,3794215242.0
266,0.16666034308637004,1.7264315199334428,-0.7167157308000933,2.8359463779040475,0.13608006048096005,-1.8160100121044906,14.272852764478523,8.899246745957228,2.8809517230679194,0.17660722708262394,3794293773.0
267,0.9153160664392479,0.5024165480709109,-0.6638772029176484,-0.3550175248093345,1.8392802586427224,0.13608006048096005,-1.6131982996266492,3.0720690504663493,3.301631073879342,-0.7693597880092016,3794315872.0
268,-3.117313975728251,8.899246745957228,-0.7167157308000933,0.13608006048096005,0.04420756088673974,0.9153160664392479,-0.3550175248093345,-0.7693597880092016,-1.2204443667068556,1.3068639923551146,3794396846.0
269,-0.1266547556939587,3.0433274188183193,4.5876305600013,2.8443502023866913,-0.3101885174478228,-3.614527594350654,2.4688086825718796,-0.9028833203362167,4.393824076703299,0.7619589519280248,3794444729.0
270,-3.9395935311460675,-0.45309161837027634,-3.6627328455138985,3.032451636423491,0.12175360413975451,-0.47178848772980686,4.272887858921272,-0.3101885174478228,-2.4107990034210647,0.7705255348628943,3794534855.0
271,0.7619589519280248,3.928936211660215,-0.47178848772980686,4.393824076703299,3.032451636423491,-0.1266547556939587,-2.741161895749788,-0.9028833203362167,-2.4107990034210647,-0.3101885174478228,3794537388.0
272,-7.820507774176743,-0.3101885174478228,2.812808895806342,-3.5463799148275186,-1.3950696960238256,-0.9028833203362167,3.032451636423491,0.12175360413975451,0.0,0.36073771109645086,3794599724.0
273,-0.9028833203362167,3.032451636423491,-1.3950696960238256,-3.5463799148275186,-2.4107990034210647,1.2781312216707241,-0.45309161837027634,2.823807415144901,-1.3036660381421454,-1.2155514543032278,3794611755.0
274,3.7355728376808783,-3.4776719218573793,0.12175360413975451,0.8471760645748402,-3.5463799148275186,-0.06097396752989802,3.032451636423491,2.812808895806342,4.272887858921272,3.928936211660215,3794669782.0
275,3.0433274188183193,0.06933817143290248,0.7619589519280248,-0.47178848772980686,3.032451636423491,-3.614527594350654,-3.5463799148275186,-1.3036660381421454,-6.0624564935463985,-0.3101885174478228,3794676404.0
276,1.9480097452031093,4.272887858921272,0.7619589519280248,-0.45309161837027634,-7.820507774176743,6.5433980602566635,-0.47178848772980686,-3.0126140032365294,-8.05984405939087,0.8471760645748402,
277,0.22438054390332174,4.272887858921272,3.928936211660215,-3.4776719218573793,1.9480097452031093,2.823807415144901,-3.5463799148275186,-1.2155514543032278,-0.3101885174478228,-6.0624564935463985,3794721842.0
278,0.7619589519280248,-0.45309161837027634,-6.0624564935463985,1.9480097452031093,3.7297685361988404,-1.730229866852266,-0.7700286129919414,-2.4021215575618013,-0.47178848772980686,-3.6627328455138985,3794749157.0
279,-3.614527594350654,-3.5463799148275186,3.402323032119997,-1.3950696960238256,-0.47178848772980686,-1.2758051331202505,-1.2155514543032278,0.27844891176473047,1.2781312216707241,2.823807415144901,3794752195.0
280,-2.865384873491397,4.393824076703299,3.032451636423491,1.2781312216707241,-0.1266547556939587,-0.3101885174478228,0.7619589519280248,3.0433274188183193,3.402323032119997,-1.2758051331202505,3794784138.0
281,-4.081346451439434,-0.3101885174478228,2.823807415144901,-0.47178848772980686,-3.5463799148275186,0.06933817143290248,-0.1266547556939587,-3.4776719218573793,3.928936211660215,1.2781312216707241,
282,-0.47178848772980686,1.9480097452031093,0.7705255348628943,-2.4107990034210647,4.272887858921272,-6.0624564935463985,2.823807415144901,0.12175360413975451,-3.5463799148275186,-3.4776719218573793,3794807532.0
283,6.5433980602566635,2.2449934161774565,1.9480097452031093,3.928936211660215,-3.4776719218573793,-3.9395935311460675,3.402323032119997,3.032451636423491,-1.3036660381421454,0.6229914385364567,3794813617.0
284,-2.233505469799784,0.2878923489594424,-1.2758051331202505,4.5876305600013,-2.4021215575618013,3.032451636423491,-5.8511636175152555,-2.8645155054310987,-3.5463799148275186,9.871718494291875,
285,0.27844891176473047,3.928936211660215,-2.90159286526439,-0.1266547556939587,-0.47178848772980686,-3.618883987943411,6.5433980602566635,-3.5463799148275186,3.402323032119997,-1.3036660381421454,3794871734.0
286,-3.9395935311460675,2.5850327574513368,0.27844891176473047,0.36073771109645086,-2.865384873491397,0.0,3.402323032119997,4.272887858921272,3.0433274188183193,-4.7032432398383115,3794887472.0
287,0.06933817143290248,6.5433980602566635,0.6229914385364567,0.36073771109645086,0.12175360413975451,1.5524233088339587,-1.3036660381421454,1.0007509277018198,-0.45309161837027634,-0.47178848772980686,3794924119.0
288,3.3589678290897322,-4.081346451439434,-0.9028833203362167,4.393824076703299,2.4688086825718796,1.7425704938123623,0.6586532856006642,1.5524233088339587,-1.730229866852266,3.032451636423491,3794949692.0
289,-0.3101885174478228,-0.9028833203362167,0.27844891176473047,2.5850327574513368,-0.45309161837027634,-3.618883987943411,6.5433980602566635,-1.2758051331202505,-1.3036660381421454,-7.431938768092842,3794969688.0
290,3.7297685361988404,6.5433980602566635,-0.1266547556939587,-1.3036660381421454,-7.431938768092842,-0.3101885174478228,-0.9028833203362167,0.6586532856006642,1.5524233088339587,-1.2758051331202505,
291,-0.47178848772980686,3.032451636423491,-3.5463799148275186,1.9480097452031093,0.6229914385364567,3.7355728376808783,-1.6383824690102338,-4.7032432398383115,-0.45309161837027634,-0.3101885174478228,
292,0.27844891176473047,3.0433274188183193,0.06933817143290248,0.12175360413975451,-3.5463799148275186,0.0,-0.47178848772980686,2.2449934161774565,4.5876305600013,-0.3101885174478228,3795267796.0
293,2.823807415144901,-1.6383824690102338,-0.47178848772980686,2.2449934161774565,-1.3036660381421454,1.9480097452031093,-3.614527594350654,-0.45309161837027634,0.2878923489594424,2.4688086825718796,3795274204.0
294,-3.9395935311460675,3.032451636423491,0.6229914385364567,-3.5463799148275186,0.06933817143290248,-1.2758051331202505,1.9480097452031093,-3.614527594350654,3.0433274188183193,-0.3101885174478228,3795337808.0
295,1.9480097452031093,-1.6383824690102338,-1.2758051331202505,0.22438054390332174,-2.4107990034210647,-0.2600786771648802,2.8443502023866913,-0.47178848772980686,0.7619589519280248,0.6586532856006642,3795343638.0
296,4.5876305600013,-2.90159286526439,-1.2758051331202505,-0.47178848772980686,-0.3101885174478228,0.7619589519280248,-2.233505469799784,-0.45309161837027634,0.2878923489594424,7.2931325401297835,3795402681.0
297,1.261814413176123,-0.3101885174478228,-0.9028833203362167,-0.45309161837027634,1.0007509277018198,4.5876305600013,3.032451636423491,2.2449934161774565,3.0433274188183193,0.6586532856006642,3795410349.0
298,1.6597803941273483,3.1847975619737134,3.9547765477655883,9.84307436366621,1.674028766024548,-0.4518725353460831,3.2377616287164925,-3.933042220442243,-6.3325532448204225,-0.8260938716620354,3795450326.0
299,1.6281873884214932,-3.1258783651890667,-0.4518725353460831,2.098717255114379,0.9092664211602102,2.0607640791848527,-0.8725786850066146,3.2845288396737513,-1.7272427769418321,0.25649582882279315,3795477852.0
300,-0.8471405858660871,-0.8725786850066146,2.7208971006917007,0.9092664211602102,-0.8260938716620354,0.6213405655565003,0.25649582882279315,-4.5349926657320925,-1.7272427769418321,3.2845288396737513,3795519841.0
301,1.8634648658648911,0.25649582882279315,1.5424570746231063,3.1847975619737134,4.474327233061777,-2.9008456481577833,-3.2875627310702513,0.6504219260779267,-0.4518725353460831,1.103738980415824,3795559077.0
302,3.2845288396737513,-3.329199803562071,1.6597803941273483,3.1847975619737134,2.0607640791848527,-0.4518725353460831,-0.8260938716620354,3.915823992788799,-2.2681278706470915,2.682974695377311,
303,-3.2875627310702513,1.103738980415824,0.6504219260779267,-0.007576486251667368,0.9910011786473453,3.2845288396737513,3.9547765477655883,-2.9008456481577833,-0.4518725353460831,-0.8725786850066146,3795652426.0
304,3.1948468276203474,-0.8232658422497708,0.6213405655565003,2.8360256058515336,1.8634648658648911,-0.4518725353460831,0.6493349452764478,0.0,3.2845288396737513,2.682974695377311,
305,-0.8260938716620354,-2.9008456481577833,-0.4518725353460831,-3.2875627310702513,-8.47595246685266,3.837459611346795,1.6597803941273483,4.474327233061777,3.1847975619737134,-2.2681278706470915,3795730639.0
306,3.9547765477655883,3.2377616287164925,-0.8232658422497708,-3.2875627310702513,-1.3687037699259939,2.135950270138624,6.349070351767264,-0.4518725353460831,7.428766268560964,0.6213405655565003,3795753791.0
307,3.2377616287164925,-0.8232658422497708,-4.449147233771815,3.837459611346795,-3.2875627310702513,3.915823992788799,0.9910011786473453,-0.06097396752989802,0.6562702636976605,2.170869529807969,
308,3.2377616287164925,-0.06097396752989802,-4.449147233771815,3.915823992788799,-3.2875627310702513,-5.407556257906711,0.9910011786473453,-0.8232658422497708,0.6562702636976605,2.170869529807969,3795857405.0
309,3.915823992788799,1.103738980415824,-2.2681278706470915,0.6213405655565003,-3.2875627310702513,-3.4895718835001808,3.2377616287164925,-0.8232658422497708,-1.7854880205900063,2.170869529807969,3796013772.0
310,3.2845288396737513,3.1847975619737134,3.1948468276203474,2.812808895806342,-0.4518725353460831,-0.8232658422497708,2.170869529807969,-4.449147233771815,2.098717255114379,-3.2875627310702513,3796128008.0
311,3.1847975619737134,2.682974695377311,2.5786357385683965,-0.8725786850066146,1.6281873884214932,-1.3950696960238256,7.428766268560964,0.3597530140082754,-0.31125922899243724,1.5424570746231063,3796268587.0
312,-0.4518725353460831,3.1847975619737134,1.6597803941273483,0.9092664211602102,-2.1659245295907916,1.103738980415824,-3.2875627310702513,3.1948468276203474,-0.007576486251667368,-2.99772747087626,
313,2.7208971006917007,-0.007576486251667368,-0.06097396752989802,2.170869529807969,-1.3950696960238256,-0.31125922899243724,2.812808895806342,-0.8232658422497708,-2.2681278706470915,2.098717255114379,3796315981.0
314,2.812808895806342,-3.1258783651890667,-6.3325532448204225,3.1847975619737134,-0.8471405858660871,-0.4518725353460831,0.0,4.290923835008002,-2.2681278706470915,-3.4895718835001808,3796359654.0
315,3.1400565262358477,1.8568886160200102,-0.7347782521327548,2.4727498998507094,-1.263192053547791,4.541743383660578,-1.2243926709528252,2.971411672991536,-0.23243448103106004,1.1250767125710608,
316,2.4727498998507094,-1.2243926709528252,3.2628321437130214,2.2628600188243433,-0.0019138294674955344,-1.062705765827329,0.8902841307408639,4.210659605096282,-1.263192053547791,2.382467644501103,3796392358.0
317,4.541743383660578,1.8568886160200102,-0.7347782521327548,0.590965344400207,0.9405641333041387,4.4507608962102925,0.15741276954052016,-2.817665315184936,-1.2243926709528252,-6.2087860424712655,3796409885.0
318,0.8944599273827027,2.971411672991536,3.2628321437130214,3.4549949428565454,-0.7347782521327548,2.4727498998507094,-2.817665315184936,4.4507608962102925,3.8872701085808825,-1.2243926709528252,3796451752.0
319,-0.7347782521327548,4.541743383660578,3.1400565262358477,0.9938638592293971,-5.538160803684269,-3.530490113041569,1.1250767125710608,2.9216874388382443,1.8568886160200102,2.4727498998507094,3796521781.0
320,0.4468485912780664,0.4883995096205537,1.8800248014292054,7.271054024471679,-1.4577415849092565,-0.7575772142490156,2.8644425423821236,4.4507608962102925,1.3521342186454837,3.1686775209854003,3796529751.0
321,4.819957917212689,2.8644425423821236,-0.2744167508896793,1.98478009467333,1.9804445147751977,-0.24828870426949434,-1.0750783323204867,-0.9493819421518379,-2.0070806523657883,4.441493615498461,3796582875.0
322,-6.156752172826953,2.3698342144516134,4.638774587825991,-0.9235682200381828,2.145891562025252,-0.2508648122226361,1.8157438823975696,2.743094567344601,-3.544227247213612,-1.6387851785152798,3796588899.0
323,-6.156752172826953,1.8157438823975696,1.937232173571613,-3.544227247213612,-1.6387851785152798,2.3020755395418164,-0.212021156098412,0.3422029935878387,-3.2021922162132124,-1.0366403558062407,3796626813.0
324,2.3261989113445884,-0.5680489451186921,-0.2112166986343011,-2.9451251577765407,2.8715684122665106,2.630563304724849,-2.302256457251272,6.510134435584388,2.2152904286065316,4.529608564232997,3796675902.0
325,-0.5680489451186921,3.0829466769387692,2.3020755395418164,-1.3506599565291515,-2.7211834802338317,-5.764765098927546,0.3422029935878387,2.1157955560004456,2.630563304724849,0.5724954965717025,3796719492.0
326,2.3020755395418164,-3.3800767504717433,2.3261989113445884,1.6522865976498897,4.52635335139393,-0.209537779229966,-2.8923318454166673,-2.0646873729055777,2.093875039467574,-0.2112166986343011,3796720311.0
327,-0.2928394308051446,6.510134435584388,0.8039229342772369,3.8615094452419947,-1.0979416300344944,-0.2112166986343011,1.3113174491359132,2.3698342144516134,-0.209537779229966,2.093875039467574,3796748710.0
328,-2.0646873729055777,2.8715684122665106,1.3113174491359132,2.3020755395418164,2.630563304724849,-0.2928394308051446,1.3643437351233414,0.5988860631204618,-2.7211834802338317,-3.3800767504717433,3797009380.0
329,-0.2928394308051446,-3.3800767504717433,-5.764765098927546,3.0829466769387692,0.5724954965717025,0.2734413556084843,-1.5997715174788611,2.630563304724849,-0.5680489451186921,1.3113174491359132,3797112718.0
330,-1.9815050123908111,0.2734413556084843,-1.2345970988200021,-1.5997715174788611,-0.5680489451186921,-0.2928394308051446,-2.881674054349767,4.628230930599102,-1.3506599565291515,1.3643437351233414,3797178901.0
331,-1.2345970988200021,-2.175922098583018,-5.50443640750314,-1.3506599565291515,-5.764765098927546,-2.9451251577765407,2.3261989113445884,0.5724954965717025,2.3020755395418164,-2.8941073486438675,3797198581.0
332,-2.778348398256914,-6.307563540453019,-0.2112166986343011,-3.3800767504717433,2.1990088749607266,-0.9235682200381828,0.0,-0.209537779229966,3.8465818242245753,-1.0979416300344944,3797253665.0
333,-3.8130258075821977,0.5724954965717025,2.1990088749607266,-3.3800767504717433,-2.0646873729055777,-0.5680489451186921,-2.5929997764856845,2.630563304724849,-3.9076358971245027,2.3261989113445884,3797292047.0
334,-0.2928394308051446,2.3698342144516134,-2.9451251577765407,0.8039229342772369,2.630563304724849,-2.5929997764856845,5.8129953386076485,0.5988860631204618,-2.0646873729055777,-1.0979416300344944,3797438076.0
335,2.3020755395418164,0.5724954965717025,2.2628600188243433,2.3261989113445884,-3.3800767504717433,-0.5680489451186921,-0.209537779229966,-2.175922098583018,-1.5997715174788611,-4.151840966859131,3797464295.0
336,-2.9451251577765407,-0.2928394308051446,-1.2345970988200021,-3.3800767504717433,-1.3506599565291515,1.6522865976498897,-1.0979416300344944,2.630563304724849,-0.5680489451186921,1.3113174491359132,3797612930.0
337,0.36331953972544634,3.0829466769387692,-4.411061757971864,-2.8923318454166673,-2.9451251577765407,0.5988860631204618,-0.5680489451186921,-2.7211834802338317,2.2152904286065316,-7.281621301564897,3797616005.0
338,0.1006971132231694,4.921616798270646,4.521192576666176,-1.207262407099466,1.5131862491016421,0.4667334562000308,-1.039409858846205,-3.0190481698532077,-5.880743253278964,-1.4068973426437126,3797626663.0
339,0.7755437036839146,2.868786030526243,1.6749668260571067,2.8693295171210242,-4.459720396926113,-1.4068973426437126,-1.4852559124711184,1.9773043397276635,-3.0202036345828622,-3.8139709752573516,3797779580.0
340,4.693552193827715,-1.4068973426437126,2.652106177146023,2.868786030526243,4.281243729215018,2.695054326605226,5.327852682065101,-4.0790961872474885,4.521192576666176,3.3906590685272437,3797921919.0
341,-1.039409858846205,1.6828727047594618,-5.031341753474869,5.804031957331213,2.3121905990495666,-0.08984278102659328,0.42274601394046546,0.0,-2.3867562808907796,-1.4068973426437126,3798116566.0
342,-1.4852559124711184,-3.838453896956937,4.281243729215018,-3.8139709752573516,2.868786030526243,-5.538160803684269,4.521192576666176,2.5105654914378466,-3.086831735408344,-0.751878507589687,3798233744.0
343,4.521192576666176,-1.9765567199409013,-6.820788091204762,1.5131862491016421,7.873392648109266,-0.08984278102659328,0.24704480374895177,2.652106177146023,2.695054326605226,-7.5227217673582265,3798272648.0
344,-0.08984278102659328,0.13267765537270385,-9.325220836509631,1.7125161104599902,0.1006971132231694,2.5105654914378466,4.921616798270646,-3.8139709752573516,-1.207262407099466,-3.126197301206062,3798324393.0
345,4.521192576666176,3.6673265873650456,5.804031957331213,-3.8139709752573516,2.3121905990495666,2.2892912532092087,2.5105654914378466,1.5131862491016421,-0.08984278102659328,0.1006971132231694,3798410405.0
346,-0.751878507589687,4.921616798270646,-3.126197301206062,0.6777794051560417,1.6749668260571067,0.1006971132231694,0.3610755832023384,-3.8139709752573516,2.3121905990495666,2.5105654914378466,3798414115.0
347,-3.126197301206062,0.1006971132231694,0.42274601394046546,-0.5383859169791813,4.921616798270646,3.3906590685272437,2.5105654914378466,-1.4852559124711184,1.9773043397276635,2.868786030526243,3798492582.0
348,3.3906590685272437,2.868786030526243,4.921616798270646,1.9137751923390236,2.2892912532092087,-0.08984278102659328,-0.751878507589687,0.38313254175010164,4.521192576666176,1.138492431552296,
349,-1.4852559124711184,4.521192576666176,1.6828727047594618,1.9773043397276635,0.13267765537270385,-4.0790961872474885,0.0,6.170212443958519,5.804031957331213,2.5105654914378466,3798566623.0
350,0.06307436799932266,2.695054326605226,0.42274601394046546,-0.5383859169791813,5.327852682065101,-3.8139709752573516,-4.198929665471013,-4.248910478982631,4.281243729215018,-2.3867562808907796,
351,0.7755437036839146,4.921616798270646,-0.08984278102659328,0.38313254175010164,3.4277266683501764,3.8395939721701824,-1.9765567199409013,1.6749668260571067,-3.8139709752573516,3.4849825361769846,3798948689.0
352,-0.08984278102659328,0.1006971132231694,2.2892912532092087,3.3906590685272437,3.1918602649103263,-4.0790961872474885,2.3121905990495666,-0.4996998655619455,2.868786030526243,-1.4852559124711184,3799027889.0
353,-2.3867562808907796,-1.207262407099466,0.13267765537270385,0.1006971132231694,2.8693295171210242,-0.5383859169791813,0.06307436799932266,-1.4068973426437126,3.3906590685272437,2.5105654914378466,3799270780.0
354,-1.039409858846205,-1.207262407099466,0.13267765537270385,0.1006971132231694,-1.4852559124711184,-0.5383859169791813,3.4277266683501764,-1.4068973426437126,-0.751878507589687,2.5105654914378466,3799388962.0
355,2.652106177146023,2.695054326605226,-4.0790961872474885,0.4175468919330966,2.3121905990495666,5.804031957331213,0.38313254175010164,1.7125161104599902,0.0,0.06307436799932266,3799488387.0
356,5.804031957331213,1.6828727047594618,1.7125161104599902,-3.8139709752573516,-3.0202036345828622,2.652106177146023,0.06307436799932266,0.42274601394046546,-6.820788091204762,-4.459720396926113,3799488753.0
357,4.439031195273971,0.8198117411276652,-2.0121374452720833,0.5391604623102564,2.811190946415088,4.5173482723159175,2.140179870771841,-0.08563795411562174,-3.2524679604393394,-3.146269938268498,3799585019.0
358,0.4958638410694214,4.5173482723159175,0.5391604623102564,-7.765230265313979,2.7798558370550857,2.3047504557161447,2.5777636145935268,3.0388961178629597,-0.07346195461399721,-0.6225692066779996,3799714212.0
359,0.004887613770967765,2.0204353487268127,-5.053679613474939,5.783704229321657,-1.2808971182340838,0.6863115657738523,-0.6225692066779996,4.178541149831137,0.983116924121794,-0.32451073061721697,3799869808.0
360,-3.146269938268498,1.4538550960657963,-0.6225692066779996,-2.0686037758008524,-1.7961546782924926,-0.07346195461399721,2.140179870771841,1.6571977950918022,-2.884286666038169,0.6863115657738523,3799989013.0
361,3.117951653340274,-0.7700286129919414,2.5777636145935268,-2.884286666038169,1.6571977950918022,4.5173482723159175,0.6863115657738523,-4.1398747249161545,0.5315885746199307,4.178541149831137,3800120344.0
362,-1.7961546782924926,2.5617209039743085,2.5777636145935268,-1.2808971182340838,0.6663715976172362,3.1762908505977046,-0.07346195461399721,0.14672017387044048,3.3198745051055476,-4.1398747249161545,3800126677.0
363,-5.053679613474939,-1.2808971182340838,-2.4853642393573305,4.311947908549683,2.0602466062837492,0.06217492510580481,10.419202840654732,-0.7700286129919414,4.346435724450924,0.5315885746199307,3800204587.0
364,0.0,-4.1398747249161545,2.5777636145935268,-1.7961546782924926,1.6571977950918022,-5.053679613474939,0.6663715976172362,-0.9073572593555534,-1.489919834886289,0.0,3800204811.0
365,1.6571977950918022,-4.1398747249161545,-4.615660548019405,2.5777636145935268,2.811190946415088,-0.6225692066779996,1.4538550960657963,-3.146269938268498,3.117951653340274,1.74846543339046,3800280235.0
366,0.06217492510580481,-4.306892091406912,-2.040139993394575,-0.6225692066779996,2.0602466062837492,0.6863115657738523,5.334313512969318,2.5777636145935268,3.3198745051055476,0.5391604623102564,3803104015.0
367,5.5320248124624145,0.0,-4.1398747249161545,2.140179870771841,0.5391604623102564,-0.07346195461399721,-2.884286666038169,2.0602466062837492,-2.884362183464291,-1.2808971182340838,3803222530.0
368,3.117951653340274,4.5173482723159175,-4.3887946896467955,2.5777636145935268,-0.6225692066779996,1.2155370938210126,-2.0121374452720833,0.0,4.439031195273971,-0.25282131300022065,3803393565.0
369,1.74846543339046,0.06217492510580481,0.8198117411276652,5.783704229321657,0.6863115657738523,-4.3887946896467955,-0.07346195461399721,2.5777636145935268,1.6571977950918022,-4.1398747249161545,3803473688.0
370,4.178541149831137,4.439031195273971,-0.07346195461399721,0.5315885746199307,2.0602466062837492,2.5617209039743085,0.4958638410694214,0.5869227476624922,-0.9073572593555534,1.6571977950918022,
371,0.20245049290814818,0.6863115657738523,3.643709875145272,1.3074992681154387,10.419202840654732,0.5869227476624922,0.4958638410694214,0.936958070850639,5.334313512969318,-0.1743607608918201,3805108868.0
372,-3.2524679604393394,4.346435724450924,2.140179870771841,-1.7961546782924926,2.7798558370550857,0.06217492510580481,0.0,1.6571977950918022,-0.07346195461399721,1.4538550960657963,3805168942.0
373,3.117951653340274,-2.4853642393573305,-4.306892091406912,-2.884286666038169,1.4538550960657963,0.6663715976172362,-3.146269938268498,0.6863115657738523,1.2155370938210126,-0.6225692066779996,3805169331.0
374,-1.7961546782924926,-2.4853642393573305,2.7798558370550857,-5.053679613474939,2.140179870771841,3.117951653340274,-3.014230639549855,-6.051877199078225,1.3074992681154387,-0.6225692066779996,3805223928.0
375,4.178541149831137,0.0,1.2679021056487638,0.6863115657738523,-0.07346195461399721,5.334313512969318,-4.615660548019405,0.06217492510580481,0.14475926964306848,0.8198117411276652,3805240127.0
376,-0.07346195461399721,0.5315885746199307,0.06217492510580481,-2.884286666038169,2.5777636145935268,3.0388961178629597,-1.489919834886289,-4.1398747249161545,0.6863115657738523,1.3074992681154387,3805293296.0
377,3.3324907797827716,3.7810176603537955,0.5503175034666303,-1.5264672747901697,-1.960004293630481,0.855717639849226,2.4583323983750063,1.235905279080171,1.0531463866891058,4.5703550123578305,
378,-1.5264672747901697,-0.4929939276320016,-6.509417416365669,2.6183828766193504,-2.0306096346557165,0.5503175034666303,3.8466725068963163,-4.240669913626424,-3.0967843823219217,2.9172408676809862,3805358214.0
379,1.1856740530347571,-6.509417416365669,4.5703550123578305,-4.240669913626424,0.3130989772407746,3.3002820590771003,2.0161525313339705,-2.1393076259101047,3.0109829381556867,-1.9547971615913564,3805388478.0
380,1.0531463866891058,0.5503175034666303,2.21376807451214,-2.1393076259101047,-1.2895293793747584,2.4083622658838975,0.6769579968156892,-0.4929939276320016,3.9801970858487743,-1.6397327458370168,3805446809.0
381,-1.2895293793747584,-2.1393076259101047,2.6183828766193504,3.008628216939102,1.0531463866891058,-4.240669913626424,0.5503175034666303,-0.30422892129215223,0.8387756270446632,-1.9547971615913564,3805456168.0
382,-0.30422892129215223,1.7513742983160778,2.4083622658838975,-2.26324313199879,-0.4929939276320016,0.0,3.008628216939102,0.0,2.21376807451214,0.0796869145180641,3805522795.0
383,0.0,-1.2895293793747584,3.3002820590771003,-2.1393076259101047,3.008628216939102,-0.4929939276320016,-0.30422892129215223,-0.2514861145231517,3.763615530613326,2.9172408676809862,3805545412.0
384,0.0,1.235905279080171,2.209741792119205,-1.2895293793747584,-0.9072057912115777,1.1856740530347571,4.5703550123578305,1.0531463866891058,0.5245040102123807,-0.2514861145231517,3805613071.0
385,3.3002820590771003,3.7810176603537955,-1.7847722969913224,-0.2514861145231517,-2.0306096346557165,3.763615530613326,-1.2895293793747584,-3.256692010753455,2.21376807451214,-0.30422892129215223,3805633343.0
386,-0.30422892129215223,-2.659134539483314,-3.579750805567093,-0.4929939276320016,2.737435959256487,2.4583323983750063,2.6183828766193504,5.001691119610379,-1.5264672747901697,2.21376807451214,3806744443.0
387,3.3002820590771003,-6.509417416365669,2.934209059913822,7.316191423136801,2.9172408676809862,-4.841448040692471,-0.4929939276320016,-1.2895293793747584,3.9801970858487743,2.737435959256487,3806747614.0
388,0.3130989772407746,-1.5264672747901697,3.9801970858487743,2.6183828766193504,-3.0181681609503648,-1.9547971615913564,3.7810176603537955,0.5245040102123807,-0.4929939276320016,-0.30422892129215223,
389,0.6769579968156892,-1.7847722969913224,-0.7313455264647208,-0.4929939276320016,3.008628216939102,6.21234780513916,4.5703550123578305,-4.061674750638807,2.6183828766193504,1.0057230915247886,3806807674.0
390,0.0,0.855717639849226,1.235905279080171,0.39357765096511105,2.0161525313339705,5.001691119610379,-4.356550315965442,0.6769579968156892,-0.30422892129215223,3.9801970858487743,3806873564.0
391,0.5245040102123807,0.0,1.1856740530347571,2.737435959256487,-0.30422892129215223,-5.301998503226983,-1.2895293793747584,-1.9547971615913564,-3.0181681609503648,1.235905279080171,3806880107.0
392,1.0057230915247886,2.478484390974779,-0.30422892129215223,0.10286961422025687,-2.26324313199879,3.9801970858487743,-1.2895293793747584,1.0531463866891058,7.316191423136801,2.0161525313339705,3806929208.0
393,-0.30422892129215223,1.1856740530347571,-4.356550315965442,-5.301998503226983,1.0057230915247886,-1.2895293793747584,-8.847129362578922,2.4083622658838975,0.39357765096511105,4.401809314671557,3806938549.0
394,0.3130989772407746,4.5703550123578305,3.9801970858487743,-0.4929939276320016,-4.841448040692471,2.4583323983750063,2.6183828766193504,-1.5264672747901697,0.33633324921716384,2.0161525313339705,3806993715.0
395,4.401809314671557,0.0,0.6769579968156892,-4.240669913626424,1.235905279080171,-1.2895293793747584,0.5503175034666303,4.5703550123578305,3.7810176603537955,3.3324907797827716,
396,3.0109829381556867,4.5703550123578305,-9.087831020363117,2.6183828766193504,-0.4929939276320016,-1.9547971615913564,3.763615530613326,-1.5264672747901697,-3.0181681609503648,2.0161525313339705,3807067611.0
397,3.3002820590771003,3.3324907797827716,-4.356550315965442,-5.301998503226983,1.1856740530347571,0.39357765096511105,3.9801970858487743,-1.2895293793747584,-3.0181681609503648,-1.7847722969913224,3807110470.0
398,3.3002820590771003,-1.9547971615913564,3.3324907797827716,-2.1393076259101047,2.478484390974779,-1.5264672747901697,3.7810176603537955,-1.2895293793747584,-5.301998503226983,1.1856740530347571,3807137726.0
399,1.0786037137251288,2.9132910329009105,0.9061465525022699,-1.7366385169807927,-5.868879467542022,3.354496413443566,3.7578290156213336,3.5051519614709514,3.714397020550127,1.617236634949989,3807181073.0
400,3.354496413443566,-0.29147861575023015,-3.5886285202511807,7.710734569155656,1.3148945332548458,0.0,3.7104347113895155,-2.162937572830225,-5.678524751918585,1.617236634949989,3807257804.0
401,-4.170427623656757,-0.29147861575023015,1.0373726951410684,1.0786037137251288,-4.184572930207217,-0.960895891166284,-1.4925382591182166,2.880691487344784,-3.7300116396383585,1.181941285590023,3807259050.0
402,-1.4081625565599623,5.591839634030623,2.2782729127582284,1.0786037137251288,-0.2424450699975963,1.3148945332548458,1.0373726951410684,0.22407042620281034,-3.7300116396383585,-4.2150476018065595,3807302582.0
403,0.0,3.5051519614709514,2.880691487344784,-4.184572930207217,0.23390157579048934,5.591839634030623,0.9061465525022699,-2.9662219176835043,-0.04973385941232538,-0.2424450699975963,3807406439.0
404,-1.4925382591182166,3.5051519614709514,0.9061465525022699,-1.7366385169807927,-7.527879211594964,0.15272974586485968,0.22407042620281034,-0.2424450699975963,-3.3778226912670584,0.6219260179971796,3807556991.0
405,2.2782729127582284,-0.2424450699975963,3.7104347113895155,4.221919188201703,0.22407042620281034,-1.4925382591182166,-7.271759676578508,1.8882906254066465,0.0,-2.162937572830225,3807697230.0
406,1.0373726951410684,5.270909743979881,5.085819307605258,-0.29147861575023015,1.0786037137251288,5.2792252449044,0.8257820635002833,1.181941285590023,-1.7366385169807927,0.15272974586485968,3807806892.0
407,0.8257820635002833,2.084006140999785,0.004372109724786829,-2.162937572830225,1.8882906254066465,0.0,-1.7366385169807927,-2.1978392767036015,1.0373726951410684,2.2782729127582284,3807886122.0
408,0.8257820635002833,0.0,0.004372109724786829,-2.162937572830225,2.4001564458207416,0.0,-0.2424450699975963,3.4014837979808266,-1.5122117776997255,-2.03230085573577,3808518879.0
409,-0.9753923292326212,-4.58886740715492,-0.11233389254957876,5.302801856711271,-0.21980270646100145,3.835303654208702,0.6949629463915209,1.4148499482313042,3.714397020550127,0.9259818724602782,
410,-3.725339065443774,-1.8248905583414754,0.8865907469468363,1.3547892512410045,3.742171691777757,2.8098056075062647,1.1768191296342976,4.957227563329402,0.6225804002749115,4.024142306643394,3808586208.0
411,3.742171691777757,4.024142306643394,0.8887206572618417,-4.00445344905831,5.07062770918766,-1.4565570457620762,1.177531948439913,0.8865907469468363,-0.21980270646100145,-5.624820392323141,3808588717.0
412,1.4148499482313042,5.07062770918766,-3.9192232070343933,0.0921135817115138,0.00827267370022329,-1.4565570457620762,3.835303654208702,0.044501484121057144,-3.6871307847329597,-5.624820392323141,3808649092.0
413,5.302801856711271,8.041440093084178,-1.2972494065513953,-0.21980270646100145,-3.336723830453852,2.229582017369132,0.8887206572618417,2.8098056075062647,5.141168401007926,0.8865907469468363,3808671269.0
414,-2.0534528992461434,-0.21980270646100145,-3.725339065443774,4.024142306643394,5.302801856711271,2.229582017369132,0.8887206572618417,2.8098056075062647,3.2539312802094527,0.8865907469468363,3808730315.0
415,3.2539312802094527,2.189688354058495,5.302801856711271,-0.9753923292326212,3.714397020550127,-3.5444559758951732,0.8887206572618417,0.5461201476745436,2.3254399375798642,2.229582017369132,3808749687.0
416,-5.868879467542022,0.009109352613605858,0.5461201476745436,1.1768191296342976,2.131837676731607,0.15377111395136167,-0.21980270646100145,-7.435898985098188,3.835303654208702,-1.8248905583414754,3808804800.0
417,0.8865907469468363,0.0,0.15377111395136167,2.3254399375798642,4.024142306643394,0.009109352613605858,-2.0534528992461434,-3.9192232070343933,2.8098056075062647,-1.8248905583414754,
418,0.008521652444986125,0.8290756499162072,2.840976963090095,2.1870498958774904,-1.6047814956180382,-2.16382852431616,3.088235559143252,5.628476440322651,-3.6961526064779586,3.2272528444675292,3808894481.0
419,3.088235559143252,-4.242679141491526,-4.078600488373374,2.840976963090095,-0.47915321247499837,-0.5293845329870565,0.0,1.4859905053784608,1.1186597769886741,-1.7533984903084252,3808944568.0
420,-1.7533984903084252,2.837870398949062,0.8290756499162072,4.053963709299959,0.9334572143639501,3.086198605317967,1.0609978054593645,-0.1443014548490691,1.8545387670423905,0.023938145660253457,3808965597.0
421,-1.7533984903084252,2.1870498958774904,0.8290756499162072,0.6072781858756682,1.4859905053784608,3.086198605317967,3.088235559143252,0.023938145660253457,-3.6961526064779586,4.6138473521339805,3809038898.0
422,3.471439464265869,-2.341669270466926,4.746871469252331,-1.7533984903084252,2.1870498958774904,-3.6961526064779586,1.0609978054593645,-0.5293845329870565,-0.1443014548490691,-0.21274751692446808,3809062947.0
423,2.1870498958774904,4.3560111684028024,2.840976963090095,-1.7533984903084252,1.0609978054593645,0.8290756499162072,3.9615830751301724,1.481826146598521,2.3156432191057235,1.4859905053784608,3809120660.0
424,-0.47915321247499837,-3.6961526064779586,2.840976963090095,3.2272528444675292,-8.351935120104317,3.086198605317967,3.9615830751301724,0.023938145660253457,-0.1995040837726973,4.6138473521339805,3809140344.0
425,2.837870398949062,4.3560111684028024,1.670261630145552,-1.7533984903084252,2.3156432191057235,3.4936580263323735,6.455867292929417,3.0704942266436936,3.471439464265869,2.1870498958774904,3809275744.0
426,2.0291161423388657,0.7837202183593394,2.111654775143326,2.7629806335609555,-0.3497352275701256,4.40553883577681,2.380318973717143,1.5245930935771204,1.820950990453315,-2.4216839149328524,3809364271.0
427,2.0291161423388657,4.765631687304814,3.0792634268818255,-3.8353691876463905,1.617236634949989,-1.5484002242962327,2.380318973717143,-2.2026772672350434,1.820950990453315,-0.3497352275701256,3809600554.0
428,4.765631687304814,-1.171104768670725,0.0,-4.881512042867941,2.111654775143326,2.981209206015886,1.820950990453315,4.7844069815609425,-1.5484002242962327,2.9780860616160916,3809702325.0
429,4.765631687304814,3.9184644849348564,1.820950990453315,5.140579413339541,-2.2026772672350434,0.6012294567600323,2.981209206015886,-0.04829463251108652,-3.8353691876463905,-2.4216839149328524,3810441732.0
430,-0.04829463251108652,2.981209206015886,1.4801181452350305,4.765631687304814,1.2476286684285192,1.1468310910513164,-0.3234020850880879,-2.2026772672350434,-4.379147447831983,-0.11677635471740092,3810442630.0
431,6.102716143919027,1.820950990453315,2.981209206015886,4.765631687304814,1.1468310910513164,-0.04829463251108652,-4.379147447831983,-3.3850212630306706,-3.8353691876463905,2.4196147859340282,3810503944.0
432,0.6251981308935528,-2.7983213505705007,2.981209206015886,-3.2674674000862334,-3.8353691876463905,3.8659613569025875,3.9184644849348564,-2.701716992841934,3.7006922801726008,-0.3497352275701256,3810509929.0
433,2.8597852486090245,-4.060202320081308,2.981209206015886,-4.379147447831983,-0.3497352275701256,-1.5484002242962327,0.5386620046284862,0.9145739352680027,-3.2674674000862334,-3.8353691876463905,3810591728.0
434,-0.04829463251108652,-4.379147447831983,-2.701716992841934,-0.3497352275701256,-3.2674674000862334,-2.4216839149328524,0.6251981308935528,2.111654775143326,-2.7983213505705007,-3.8353691876463905,
435,-3.8586908658709898,-0.11677635471740092,-2.701716992841934,2.981209206015886,2.9780860616160916,0.25775429983044157,3.9184644849348564,2.111654775143326,-4.379147447831983,-0.3234020850880879,3810667407.0
436,3.53214942203876,0.8366251647248547,4.418850272700804,-1.4364287034701804,4.348790608975355,2.391393222675622,0.67341542421219,-1.7869926291268774,-2.732762201680129,-3.5832580736525887,3810690114.0
437,2.391393222675622,-0.5088435439170038,2.4123054027939776,-0.27230647259677765,-3.5832580736525887,-1.5594755712460844,-1.7869926291268774,-1.4364287034701804,2.7384200369723146,4.001862762675423,3810797045.0
438,2.7440003891290274,3.2868540179277574,-1.4364287034701804,-3.5832580736525887,4.348790608975355,1.3417081958538584,3.53214942203876,0.8366251647248547,2.646659417196058,-1.0310950533979453,3810816945.0
439,1.9395624901482271,2.073418591557078,-0.27230647259677765,0.5702647370455094,3.2868540179277574,1.14646859906866,4.418850272700804,-2.4882981685117467,2.4123054027939776,2.7384200369723146,3810913865.0
440,-0.4754286180289841,2.6055811649405274,-9.034818863065006,0.67341542421219,0.8366251647248547,-1.4364287034701804,3.0291991114590626,1.1583831772327269,-0.5088435439170038,-3.5832580736525887,3810920238.0
441,6.069713528012263,-1.7869926291268774,1.9395624901482271,4.143369086060492,6.813488822768057,0.0,4.418850272700804,5.723420925646005,-3.021844242483846,2.577057019129399,3811019779.0
442,-8.968513790256951,-4.365792817819009,2.4123054027939776,1.9395624901482271,-1.7869926291268774,-1.5594755712460844,3.0291991114590626,-1.4364287034701804,-3.5832580736525887,4.348790608975355,3811024255.0
443,5.328946481910002,2.7384200369723146,4.348790608975355,-3.5569908027492474,2.577057019129399,0.8366251647248547,0.0,-0.27230647259677765,1.5061816663305094,1.9395624901482271,3811096708.0
444,-3.729590149277181,1.9395624901482271,0.8366251647248547,-3.0868102681535765,-1.5928827464591948,4.001862762675423,2.646659417196058,-0.27230647259677765,-0.6398148156295552,-0.4754286180289841,3811138840.0
445,1.3352463444171552,0.5397177945537041,2.4123054027939776,1.9395624901482271,0.8366251647248547,3.53214942203876,-3.729590149277181,5.723420925646005,1.1583831772327269,6.813488822768057,3811141827.0
446,0.0,-4.365792817819009,-3.5569908027492474,-1.4364287034701804,0.8366251647248547,6.069713528012263,-1.7869926291268774,1.9395624901482271,2.7384200369723146,4.001862762675423,3811234964.0
447,1.1583831772327269,-0.4754286180289841,-3.508254519487122,3.53214942203876,3.0291991114590626,4.470440931198302,2.391393222675622,-0.7464798751883976,0.67341542421219,0.8679095355468485,3811269198.0
448,-4.80814645183334,3.2868540179277574,2.391393222675622,-3.5832580736525887,4.348790608975355,-8.968513790256951,-4.365792817819009,0.67341542421219,-1.4364287034701804,2.577057019129399,3811272637.0
449,-3.5832580736525887,1.3417081958538584,0.0,0.67341542421219,-0.7464798751883976,-3.021844242483846,4.4022769072723404,3.53214942203876,-0.8372874462116283,-1.7869926291268774,3811395746.0
450,4.418850272700804,0.011321654392648739,4.348790608975355,0.67341542421219,-1.5928827464591948,1.9395624901482271,-0.27230647259677765,1.0006159237317584,-9.567036875435058,3.2868540179277574,3811447459.0
