,radiant_1_2,radiant_1_3,radiant_1_4,radiant_1_5,radiant_2_3,radiant_2_4,radiant_2_5,radiant_3_4,radiant_3_5,radiant_4_5,dire_1_2,dire_1_3,dire_1_4,dire_1_5,dire_2_3,dire_2_4,dire_2_5,dire_3_4,dire_3_5,dire_4_5,match_id
0,0.0,0.0,13.09124671622552,4.724246659163569,0.0,13.361658573074198,11.31104705368559,0.0,1.462673188916817,-5.0884619845678305,0.0,0.0,0.0,0.0,0.0,-9.234903509416915,0.5319889217173873,0.0,0.0,-16.198885960457122,3927969458
1,0.6487591327321084,3.2751435663949153,0.0,6.791940094319963,0.0,0.0,-16.980610524495965,0.0,-0.3189805985075435,0.0,-6.465656358667568,4.8743652832237325,5.6077000812343805,-22.932264998904607,0.0,0.0,0.0,0.0,0.0,0.0,3927969700
2,0.0,0.0,0.0,0.0,0.0,0.0,0.0,0.0,0.0,0.0,0.0,0.0,0.0,0.0,0.0,0.0,-5.063072500303599,0.0,0.0,4.6593348056498645,3927970381
3,0.0,15.988564420749277,15.195948128024698,0.0,0.0,0.0,0.0,0.0,0.0,11.853250126782719,0.0,0.0,0.0,2.527168626828942,0.0,0.0,0.0,0.0,0.0,10.295012896545316,3927970658
4,0.0,0.0,11.996247296212733,15.581008317473096,0.0,0.5319889217173873,-2.535837869490442,0.0,0.0,10.518591508504215,0.0,0.0,0.0,0.0,-4.968672070567002,-4.1923937291388995,0.0,1.4613926932428885,0.0,0.0,3928022579
5,0.0,0.0,1.0410806907619532,-4.968672070567002,0.0,0.0,0.0,0.0,0.0,4.192517764521907,0.0,0.0,-8.387610489971197,4.810960444215963,0.0,-7.954472611172441,-12.199074853155638,0.0,0.0,-0.46830925578302035,3928032584
6,5.319528555708457,0.6816397647282201,-1.6636372692954826,-2.5398547039806894,0.0,-10.121559087358895,0.0,-6.0844014642941735,0.0,0.0,0.0,0.0,10.476816261300662,0.0,-0.4804920868625537,14.387400014037958,6.020633079642234,6.165993421637022,0.0,8.049702542670266,3928033510
7,0.0,0.0,9.254816697940914,8.56925629544141,0.0,0.0,0.0,-0.3703261642868412,0.0,14.711485807094167,7.615221838769844,0.0,0.0,0.0,0.0,0.0,6.312783743557219,0.0,0.0,0.0,3928034802
8,0.0,0.0,15.581008317473096,8.829399150554401,0.0,0.0,0.0,0.0,0.0,0.0,0.0,0.0,0.0,0.0,0.0,21.965733279235806,18.155285820956355,0.0,0.0,0.0,3928080962
9,5.319528555708457,0.0,6.333239043964525,-1.054442679203672,0.0,18.010291618811998,-4.949218769343784,0.0,0.0,-1.5651684618649526,0.0,0.0,0.0,0.0,-4.1923937291388995,0.0,1.0410806907619532,0.0,19.67052847323806,0.0,3928102591
10,3.933748984962521,13.09124671622552,5.906688977572999,0.0,0.0,0.0,0.0,5.360943204595245,15.195948128024698,8.56925629544141,0.0,0.0,0.0,0.0,0.0,0.0,0.0,0.0,0.0,0.0,3928136472
11,-3.7121915398866476,-5.978858853898244,0.0,0.0,11.241303281079862,0.0,0.0,-5.7708971704886896,0.0,0.0,0.0,0.0,0.0,0.0,0.0,0.0,0.0,0.0,0.0,0.0,3928234992
12,0.0,0.0,0.0,0.0,0.0,0.0,0.0,0.0,0.0,0.0,0.0,0.0,0.0,0.0,13.338324810602755,-12.199074853155638,5.906688977572999,-0.8983809802693056,2.527168626828942,8.315795122009728,3928278244
13,0.0,6.266617651187328,0.0,-1.336207246361899,0.0,0.0,0.0,0.0,14.711485807094167,0.0,4.287137361334993,-4.7815225189690285,0.0,0.0,-8.823972144936215,0.0,10.234902999607773,0.0,0.0,0.0,3928337789
14,0.0,0.0,0.0,0.0,0.0,-4.245966685613969,0.0,-2.2259488762741624,0.0,0.0,17.423600946622905,0.0,0.0,0.0,0.0,19.67052847323806,0.0,0.0,0.0,0.0,3928389527
15,0.0,0.0,0.0,0.0,0.0,-16.198885960457122,0.0,0.0,0.0,10.518591508504215,-1.054442679203672,12.395494837725426,0.6816397647282201,0.0,0.9309383395874921,-0.8660211623524274,0.0,1.4613926932428885,0.0,0.0,3928462587
16,0.0,0.0,0.0,0.0,0.0,0.0,0.0,0.0,0.0,0.0,0.0,0.0,0.0,0.0,12.537417897816304,0.0,0.0,0.0,0.0,0.0,3928509645
17,-1.054442679203672,0.0,-12.257193500444542,6.333239043964525,0.0,-16.980610524495965,-1.5651684618649526,0.0,0.0,7.683008956495435,5.8197256556990995,0.0,0.0,-5.978858853898244,0.0,0.0,0.0,0.0,0.0,0.0,3928620364
18,0.0,0.0,0.0,0.0,0.0,0.0,0.0,0.0,4.040985078169781,1.31783905617511,0.0,-14.074382337166664,-16.980610524495965,0.0,0.0,0.0,0.0,0.0,0.0,0.0,3928688563
19,0.0,0.0,0.0,8.816027372798834,0.0,0.0,0.0,0.0,0.0,0.0,0.0,0.0,10.701652288816048,0.0,0.0,21.965733279235806,0.0,5.6077000812343805,0.0,0.0,3928801490
20,0.0,0.0,0.0,0.0,5.6077000812343805,0.0,0.0,-6.465656358667568,3.640580417425369,12.481077598104347,0.0,0.0,0.0,0.0,0.0,0.0,0.0,0.0,0.0,9.673171070365964,3928837410
21,0.0,0.0,-12.199074853155638,0.0,0.0,0.0,0.0,0.0,0.0,0.0,0.0,-2.2259488762741624,10.701652288816048,0.0,6.791940094319963,-0.8660211623524274,-1.5651684618649526,15.438234166382513,0.5319889217173873,12.46455619370414,3928936023
22,0.6816397647282201,0.0,0.0,6.7679231604570536,0.0,0.0,3.640580417425369,0.0,0.0,0.0,0.0,0.0,0.0,0.0,0.0,0.0,0.0,0.0,0.0,-4.245966685613969,3929018213
23,0.0,0.0,0.0,0.0,4.065262067739407,0.0,0.0,0.0,14.515527874255842,0.0,0.0,0.0,0.0,0.0,0.0,0.0,0.0,0.0,0.0,0.0,3930016447
24,0.0,0.0,0.0,0.0,0.0,0.0,0.0,-8.815115834795623,5.752697041874837,9.72847736514167,-12.512388546984086,0.0,0.0,7.423589370213076,0.0,12.315185730141888,-3.945291582613334,0.0,0.0,12.610107843384995,3930017604
25,8.021542648566777,10.118469669334063,-4.12713438367559,1.896798822105727,0.0,1.6721175833090587,0.0,8.398800651209395,0.0,0.0,12.783956269840148,0.0,0.0,0.0,6.996890147583199,0.0,17.988000094810893,9.606214755053912,0.0,0.0,3930018175
26,0.0,0.0,14.74217233378618,0.0,0.0,0.0,0.0,0.0,0.0,21.898198268401774,0.0,-8.523679093193788,0.0,0.0,0.0,0.0,0.0,-3.6819553914750767,0.0,0.0,3930055489
27,0.0,0.0,0.0,0.0,0.0,0.0,0.0,0.0,0.0,0.0,7.97203530266618,10.118469669334063,0.0,0.0,-0.6573605251497716,0.0,0.0,0.0,0.0,0.0,3930082757
28,0.0,11.228786169006163,1.5935024167123808,-5.573990069345659,0.0,0.0,0.0,0.0,-2.0659908078693316,10.095751549232695,0.0,0.0,-0.7147349313425713,0.0,0.0,0.0,0.0,-1.0062280052272135,0.0,0.0,3930084254
29,0.0,0.0,0.0,0.0,0.0,6.996890147583199,0.0,-3.784211241685669,0.0,12.783956269840148,0.0,-9.00769411286438,0.0,16.751190445325022,0.0,0.0,-8.05405511285635,-4.903088652838292,-0.5587183529474556,0.0,3930123077
30,1.290530358779863,0.0,0.0,-4.236850605147064,6.57375444213823,5.313346532074916,1.417525086502323,16.876508476720172,0.0,9.72847736514167,0.0,0.0,0.0,0.0,0.0,0.0,0.0,-0.9116826624097448,0.0,0.0,3930125995
31,0.0,0.0,0.0,0.0,0.0,0.0,0.0,0.0,0.0,0.0,0.0,10.118469669334063,0.0,1.896798822105727,0.0,0.0,0.0,0.0,0.0,0.0,3930149324
32,-1.0844323410475245,0.0,11.04714898353573,2.5437925991349544,0.0,7.758927154615007,5.313346532074916,0.0,0.0,0.0,0.0,1.5935024167123808,0.0,0.0,0.0,0.0,0.0,0.0,0.0,0.0,3930153082
33,0.0,5.6531904692295925,-4.877376961097245,0.0,0.0,0.0,0.0,1.2344703155340633,5.492940871271474,12.559523628798695,0.0,0.0,0.0,0.0,0.0,0.0,0.0,0.0,0.0,0.0,3930216789
34,0.0,16.631413475549046,0.0,0.0,0.0,0.0,0.0,0.0,0.0,0.0,0.0,0.0,0.0,0.0,0.0,4.109502865209157,0.0,0.0,0.0,0.0,3930266193
35,0.0,0.0,-0.7290066681758707,0.0,0.0,0.0,0.0,4.718634822727106,0.0,12.559523628798695,0.0,0.0,0.0,0.0,0.0,3.977571322501266,0.0,0.0,0.0,-2.6282797986739252,3930343388
36,-11.148474698646158,0.0,0.0,0.0,12.322425795792538,12.300953809638099,0.0,0.0,0.0,0.0,0.0,0.0,0.0,0.0,0.0,0.0,0.0,0.0,0.0,0.0,3930369369
37,0.0,0.0,0.0,0.0,0.0,0.0,0.0,0.0,0.0,0.0,0.0,0.0,12.610107843384995,0.0,8.398800651209395,10.118469669334063,0.0,-4.12713438367559,0.0,1.896798822105727,3930496811
38,0.0,0.0,0.0,0.0,0.0,0.0,4.441895071327217,-10.25138415042548,-19.00668132687892,1.7469907880418125,0.3361253131968801,-2.6566832710866786,0.0,0.0,6.458074403000005,0.18143013782279147,0.0,1.7099912543528362,0.0,26.033318859559248,3930501529
39,0.0,0.0,0.0,-2.447073067677791,0.0,0.0,0.0,-2.1616237661181237,-3.414059385281073,8.404842685932852,-3.837235795460348,-8.815115834795623,12.559523628798695,0.0,0.0,-0.5587183529474556,0.0,7.708821171093882,0.0,0.0,3930614997
40,0.0,0.0,0.0,0.0,3.1857310099346092,0.0,0.0,0.0,-15.282455783686022,0.0,0.0,17.639496046647146,3.304451284600606,0.0,0.0,0.0,0.0,-4.2372970954138784,0.0,0.0,3930642875
41,0.0,11.228786169006163,-5.058891621438352,12.559523628798695,0.0,0.0,-4.903088652838292,0.0,-13.637397063637264,0.0,0.0,6.458074403000005,0.0,6.996890147583199,0.0,0.0,0.0,0.0,0.0,0.0,3930746428
42,0.0,0.0,0.0,0.0,0.0,0.0,0.0,0.0,0.0,0.0,0.0,0.0,0.0,0.0,0.0,0.0,0.0,0.0,4.2848717044539635,0.0,3930752760
43,5.399983525437262,0.0,0.0,0.0,0.0,4.109502865209157,0.0,0.0,0.0,0.0,6.57375444213823,-3.2253533753915025,-1.4590835243189266,0.3941480283962884,0.0,0.0,-8.4229225274119,0.0,0.0,0.0,3930871882
44,0.0,0.0,0.0,0.0,0.0,0.0,0.0,0.0,0.0,5.752697041874837,0.0,0.0,0.0,0.0,-3.945291582613334,0.0,1.3982708911113058,0.0,12.559523628798695,0.0,3930896312
45,-9.00769411286438,-4.877376961097245,0.0,0.0,0.0,0.0,21.898198268401774,0.0,12.693362593905862,0.0,-11.522642088819454,0.0,6.678753231493077,7.97203530266618,0.0,-14.673234704238206,6.8304191127302545,11.484100722850835,0.0,-1.0844323410475245,3930995463
46,0.0,0.0,-16.23022073566268,1.6515635778637525,0.0,0.0,0.0,-8.996058731057461,0.0,1.712909972016577,6.27344898353269,0.0,4.77044196504247,7.8888985220712335,0.0,15.92370614374652,1.2344703155340633,0.0,0.0,6.750317390895515,3931151617
47,0.0,0.0,0.0,-5.567356329983966,0.0,-6.020299609741313,-0.6678921559488197,0.0,0.0,-0.1806440219904779,0.0,0.0,0.0,0.0,0.0,0.0,0.0,0.0,0.0,0.0,3932111656
48,0.0,0.0,-9.111437360238138,0.0,0.0,6.463794379533929,4.354039546159874,0.0,0.0,-6.020299609741313,0.0,19.307172734246624,8.930398224862595,0.0,0.0,5.517439025310695,0.0,5.428056018571529,0.0,0.0,3932161077
49,0.0,0.0,0.0,0.0,0.0,0.0,0.0,0.0,10.03602607629174,0.0,0.0,0.0,0.0,0.0,0.0,20.851692168377188,-14.629935984572356,0.0,-6.808936213415856,0.0,3932214146
50,0.0,0.0,-0.21848978778473707,0.0,0.0,0.0,0.0,0.0,0.0,0.0,1.7143122386160081,14.198107823383102,0.9427230207104943,0.0,4.257039325127893,10.735019201431848,0.0,12.630413765375012,13.378167697499592,-9.92954421121621,3932294528
51,0.0,0.0,0.0,0.0,4.257039325127893,13.764218642382689,0.0,5.667801952905247,0.0,0.0,0.0,0.0,0.0,0.0,0.0,0.0,21.628299698870237,0.0,0.0,0.0,3932378219
52,0.0,4.512417694498961,14.657570913354444,-0.6678921559488197,0.0,0.0,-7.172319785902941,15.102800626932481,4.610829476463677,4.116596334985439,0.0,0.0,0.0,-10.566410430614042,-4.517791971676803,0.0,1.2147970261339602,0.0,1.8788338157652216,0.0,3932468492
53,0.0,0.0,0.0,0.0,19.189541790873662,0.0,3.4004831146830914,0.0,13.103124014238384,0.0,0.0,0.0,0.0,0.0,0.0,0.0,0.0,6.564696213890272,0.0,0.0,3932554750
54,-12.657290966237419,0.0,0.0,-6.890693994733695,0.0,0.0,0.0,0.0,7.803468442408996,0.0,0.0,0.0,0.0,0.0,0.0,0.0,0.0,5.992400437598639,0.0,0.0,3932641464
55,-14.02874954656731,0.0,0.0,0.0,0.0,-9.111437360238138,-16.561385218787425,0.0,0.0,0.0,-8.004292816608242,6.032247491810011,0.0,-2.1641587960539055,0.0,-1.2874896316455884,0.0,1.2292458344630222,-2.7991269177895615,0.0,3932802156
56,-5.651820806579174,0.0,-3.578738851154196,0.0,3.4004831146830914,0.0,0.0,-7.2744274329187535,0.0,0.0,0.0,1.8788338157652216,0.0,0.0,0.0,0.0,0.0,0.0,0.0,0.0,3932948526
57,10.302601404269039,0.0,1.2584752151267036,0.0,0.0,0.0,10.4866635733019,0.0,0.0,15.863605702133718,19.074734969420028,19.082126019504454,8.246059066129252,9.44900365757141,0.0,0.0,9.214593095126322,3.616456866218745,6.944171434009494,0.4782040566662149,3933892648
58,-11.320025899417148,0.0,4.707464782682659,0.6435326973288631,0.0,13.80823345586614,-0.04447243481887689,10.236781902143683,-1.0618004583633842,-3.3583768000068313,9.20779651310038,11.383091147637705,7.3692976569106525,0.0,-0.2410256528293015,-0.814693910089981,0.0,-2.7337218544838398,0.0,0.0,3933935682
59,8.992669020490048,-0.2512410344713634,0.0,3.187041687587559,0.48352226834157896,0.0,1.3800286148272147,0.0,4.707464782682659,0.0,8.842527250040666,0.0,11.013026388823317,6.944171434009494,0.0,-11.448437024935185,-0.37277133292516745,0.0,9.151208464918122,8.138691822474728,3933995420
60,0.0,0.0,0.0,0.0,0.0,1.5659523289818154,0.0,0.0,0.0,-0.814693910089981,0.0,14.503458861389653,0.0,0.0,0.0,0.0,0.0,9.715108536243939,0.0,0.0,3934056852
61,8.992669020490048,13.908653095642535,0.0,9.920472488968016,3.616456866218745,0.0,0.0,0.0,0.0,0.0,0.0,0.0,-9.294032315307435,0.0,0.0,0.0,0.0,-0.37277133292516745,0.0,0.0,3934135077
62,0.6925309119708746,14.65082411645882,4.896382229707681,8.915015218503193,13.622995729254628,9.44900365757141,20.649513154747034,0.6430384792710722,11.914323535263804,9.151208464918122,0.0,0.0,-0.2105489199599752,0.0,0.0,0.0,0.0,9.715108536243939,12.680095581562492,1.6013338108131134,3934197014
63,0.0,0.0,0.0,0.0,0.0,0.0,0.0,1.4486385606476189,0.0,-3.6108273873896923,-4.576011141835959,-6.4456094249859355,4.707464782682659,-4.647351700233294,-4.099178722579633,-9.19481338730031,0.0,-2.923378477081297,0.0,0.0,3934299285
64,0.0,0.0,0.0,0.0,7.3692976569106525,0.0,-7.025924861126774,0.0,-4.9008662728397345,9.151208464918122,-11.320025899417148,0.0,0.0,-0.17322829292501774,0.0,0.0,0.0,0.0,21.879975747288366,0.0,3934416979
65,0.0,0.0,0.0,0.0,0.0,0.0,0.0,0.0,-1.712207928272955,0.0,-4.576011141835959,8.297720384562696,4.707464782682659,0.6435326973288631,1.0745725925053087,-9.19481338730031,-15.387627922645118,8.047629516959107,-0.37277133292516745,-3.3583768000068313,3934531879
66,14.968262259746638,2.103399751784779,0.0,8.297720384562696,0.0,0.0,-2.9767036277378853,0.0,0.0,0.0,0.0,0.0,0.0,0.0,-3.5921028094897673,1.159912194166509,0.0,0.5696205075678581,7.3692976569106525,0.0,3934691232
67,-16.682497555538845,-7.738319375586506,13.908653095642535,0.0,-17.70387984615256,0.0,0.0,-1.8159535749342923,0.0,14.503458861389653,0.0,0.0,0.0,0.0,0.0,3.487477335223067,0.0,0.0,0.0,0.0,3934811274
68,0.0,0.0,2.5831016927841475,0.6156274084944632,0.0,0.0,0.0,0.0,-10.744587830674519,0.0,0.0,-5.465722661018553,1.6598636441684782,0.0,0.0,15.397383640594597,0.0,3.080525949012372,0.0,0.0,3935657118
69,13.585189356683776,5.344670365375794,0.0,2.8810928447301243,13.052156316301353,0.0,7.9746707058437885,0.0,0.0,0.0,4.1225017051693005,5.719762741676326,2.1580289757050632,0.8768276451921762,-1.6145701738596032,10.634597787967254,0.6156274084944632,19.356520423595118,-1.298367259830165,0.0,3935718039
70,-1.8967379737363466,0.0,0.0,0.0,0.0,0.0,-9.38045085764256,0.0,0.0,0.0,6.249754290608545,0.0,0.0,0.0,-0.05781514334616276,2.090119132244693,0.0,0.0,0.0,0.0,3935790916
71,0.0,0.0,4.6719382915676455,1.7313391862990846,0.0,0.0,0.0,-4.499789936761456,3.9257331548684147,5.719762741676326,-17.043080770093752,7.498080444864954,0.0,0.24382574989575956,-9.593511551708133,0.0,0.0,0.0,-8.11683963838781,0.0,3935855156
72,0.0,0.0,9.109497759242274,10.353472533522487,0.0,-0.4335494845764782,13.839127747902078,0.0,0.0,0.0,0.0,0.0,11.07653598948628,3.018069078569172,16.27003044814605,11.096744917631634,0.0,7.364493434041358,0.0,17.248025036312328,3935917464
73,0.0,0.0,0.0,0.0,0.0,0.0,0.0,11.337373762000077,17.96718099832847,0.0,-0.9635207246048267,0.0,0.0,0.0,0.0,1.7313391862990846,0.0,0.0,0.0,0.0,3936038407
74,0.0,0.0,17.96718099832847,0.0,0.0,0.0,-9.999033611537032,15.86421842009318,2.436314936648932,-1.0578351358460907,0.0,3.9798187860903824,10.608271675314422,12.724342480411227,0.0,0.0,0.0,-3.149929924305,0.0,1.6598636441684782,3936208040
75,0.0,0.0,0.0,-5.557352056195297,0.0,0.0,0.0,0.0,0.0,-2.3069211913333114,-4.499789936761456,11.398769386393614,0.0,6.613615760074222,12.656083795338823,-7.444138559269724,0.0,4.348742784878567,10.353472533522487,0.0,3936321758
76,0.0,-1.298367259830165,9.392056031756812,-6.260489500925588,0.0,0.0,0.0,0.0,-0.9286826146824977,13.379757316688705,-16.73094953459927,-0.1429254738826036,0.0,12.047896084296095,-1.2266471374104284,-16.014013342426768,15.397383640594597,0.0,0.0,0.0,3936473615
77,0.0,0.0,0.0,0.0,-1.56147144074078,0.0,0.48135620757223485,0.0,-0.9286826146824977,0.0,0.0,-8.462729341434347,17.248025036312328,2.511477123517548,0.0,0.0,0.0,10.392479772516385,0.0,6.097142701471807,3936679099
78,0.0,0.0,0.0,0.0,0.0,0.0,0.0,12.840364713113473,0.0,2.1771028670729122,0.0,0.0,0.0,0.0,0.0,0.0,0.0,0.0,0.0,0.0,3937435514
79,0.0,0.0,0.0,0.0,0.0,0.0,0.0,0.0,0.0,0.0,2.2527662022882837,0.0,3.093555941776861,0.0,0.0,-0.9008024481838195,0.0,0.0,0.0,6.236935431875998,3937484599
80,-0.15731362685662625,0.0,-2.64615199728963,-3.314520885135221,0.0,-12.50915364453092,-2.8664958759179546,0.0,0.0,0.0,10.715890051580335,4.496643092382203,19.30234362670716,0.0,0.0,0.0,0.0,0.0,0.0,0.0,3937537639
81,-1.1343412553897838,0.0,0.0,0.0,0.0,-12.50915364453092,4.188616809280508,-2.3337267299084283,-13.870151590535619,6.113957337045305,0.0,0.0,0.0,0.0,0.0,0.0,0.0,0.0,0.0,0.0,3937609487
82,0.0,0.0,0.0,0.0,-7.7202476600987815,0.0,0.0,4.57646795901484,0.56462471477215,1.1885504592686582,0.0,0.0,0.0,0.0,0.0,0.0,0.0,18.251187467374262,10.725156663554962,2.3183269535365056,3937695236
83,-1.9200933988639155,5.548007298628242,-1.027385271698982,-5.83983046448198,0.0,0.1422743705954024,0.0,10.715890051580335,0.0,3.7604171188919606,0.0,0.0,0.0,0.0,0.0,0.0,16.20847033775334,0.0,0.0,0.0,3937770762
84,0.0,0.0,0.0,0.0,0.0,0.0,0.0,0.0,0.2546431403610925,0.0,0.0,0.0,8.347562512082495,0.0,0.0,0.0,0.0,20.94035727820738,0.0,0.0,3937843537
85,0.0,2.2527662022882837,1.0779011183115397,12.370896065916327,0.0,0.0,0.0,8.877938859265182,0.0,0.0,0.0,0.0,0.0,13.303164930252105,13.361644286282173,0.0,0.0,0.0,20.126076229354858,0.0,3937936341
86,15.797834539609058,13.606629313412595,0.0,4.107674886406668,-6.854336909657851,0.0,-13.906118513466376,1.2577328059740545,-0.1637876708812666,3.0649647397216793,-2.422717192415714,0.0,0.0,0.0,0.0,0.0,8.12052485278648,0.0,0.0,0.0,3941137339
87,0.0,0.0,0.0,0.0,0.2566643452338414,8.478991074060037,0.0,0.0,0.0,0.0,0.0,0.0,2.9890814304505744,0.0,0.0,0.0,0.0,0.0,-16.343556382043545,8.034357059008512,3941208711
88,0.0,0.0,0.0,0.0,11.488001284395802,0.0,0.0,0.0,0.0,0.0,0.0,0.0,0.0,0.0,14.923352817237415,0.0,21.698325584488554,9.39266113737046,19.733051634818953,0.0,3941338408
89,0.0,0.0,0.0,0.0,0.0,0.0,0.0,0.0,0.0,0.0,0.0,0.0,0.0,0.0,0.0,0.0,0.0,0.0,0.0,0.0,3941422211
90,0.0,0.0,0.0,0.0,0.0,0.0,0.0,0.0,0.0,0.0,0.0,0.0,0.0,0.0,0.0,0.0,0.0,0.0,-1.6805582618977941,0.0,3941608894
91,0.0,0.0,0.0,0.0,0.0,0.0,0.0,0.0,0.0,0.0,0.0,0.0,1.3085687719617372,0.0,0.0,0.0,0.0,-0.36092530369316184,0.0,0.0,3941740660
92,-12.352452384479369,-14.323284980970875,4.383496301734036,0.0,7.466796166613128,0.0,0.0,-4.257695979711085,0.0,8.691750378922158,0.0,0.0,4.387823676761801,0.0,0.0,13.94547145063337,0.0,0.0,0.0,0.0,3941931884
93,0.0,2.4408448735946506,0.0,0.0,0.0,0.0,0.0,0.0,0.0,0.0,0.0,0.0,0.0,0.0,0.0,0.0,0.0,0.0,0.0,0.0,3942119450
94,0.0,0.0,0.0,0.0,0.0,7.942540755732593,2.585229952080473,0.0,0.0,0.0,0.0,0.0,0.0,0.0,0.0,0.0,0.0,0.0,0.0,0.0,3942260942
95,6.676510756345202,-6.608094864597377,7.460009291722372,-14.210623899796865,0.0,20.103000977369483,-6.263075358292479,1.3007927150287013,0.0,7.397336142645761,0.0,0.0,0.0,0.0,0.0,0.09073641119074541,0.0,0.0,-8.70941206827837,0.0,3943204781
96,0.0,0.0,0.0,0.0,0.0,-17.59970147268125,-15.268571352357291,15.061363792337996,13.500033114760162,0.0,0.0,-7.8809424154962,-6.6675553306622035,0.0,0.0,7.756308939278548,0.0,6.254015792281416,8.049382642099012,4.380420909426104,3943262880
97,0.0,0.0,0.0,0.0,0.0,0.0,0.0,0.0,-8.70941206827837,0.0,0.0,0.0,0.0,0.0,0.0,0.0,0.0,0.0,0.0,0.0,3943365614
98,0.0,0.0,4.761322912968511,5.155520891290707,0.0,0.0,0.0,0.0,0.0,3.7486288285133385,0.0,0.0,6.903945133936756,0.0,0.0,0.0,0.0,0.0,0.0,18.232760318589257,3943547236
99,0.0,0.0,0.0,0.0,0.0,8.763575759207141,0.0,0.0,0.0,0.5552669255591747,-2.739637163447502,0.0,4.761322912968511,0.0,0.0,-7.3438023119672895,0.0,14.251758945192496,0.0,0.0,3943673479
100,-10.248237980843282,0.0,0.0,-3.5019597650532304,0.0,0.0,0.0,0.0,0.0,0.0,-2.0611475271008786,0.0,0.0,0.0,0.0,0.0,0.0,0.0,0.0,0.0,3943790375
101,0.0,-2.4969464535594645,0.0,0.0,-0.16280904978089433,0.0,0.0,3.6125104594178223,0.0,0.0,0.0,0.0,0.0,0.0,0.0,0.0,0.0,0.0,0.0,0.0,3943893584
102,-2.0611475271008786,0.0,0.0,0.0,6.555578106646454,10.63311513927087,0.0,0.0,0.0,18.232760318589257,4.22775967646885,0.0,-5.64831019371871,0.0,0.0,0.0,0.0,0.0,8.049382642099012,0.0,3943981461
103,-2.084044405277007,5.823322731140312,0.0,0.16613232661986232,-6.3535777573833485,0.0,-3.049168265021693,4.845395075725989,-3.7073081597346875,0.0,-1.2750665138228996,11.511377479206242,0.0,7.838153236583561,0.0,0.0,0.0,-0.8536996953956293,0.0,0.0,3960583608
104,-10.725116150945949,0.0,0.0,0.0,0.0,-18.089385081710017,-0.549883953094342,0.0,0.0,0.0,5.1268980810935,0.0,4.845395075725989,0.0,12.193093441260963,4.652399704947527,0.0,-1.6640956763593338,0.0,0.0,3960600123
105,-6.3535777573833485,-4.514612300086843,0.0,5.319079586329361,0.20252820181955766,-0.16794313554776716,6.793358774090977,-4.644917170399858,7.12996322538459,12.542855080574661,7.585729597944444,3.7656804563029675,-14.326458209170848,0.0,2.228742840213604,-0.732389721708012,0.0,21.349590305948745,0.0,0.0,3960615221
106,-6.250455941547135,0.0,0.0,-3.9833151510343052,0.0,0.0,0.0,0.0,0.0,0.0,0.0,0.0,0.0,-5.419517310340769,0.0,0.0,0.0,0.0,0.0,0.0,3960680068
107,0.0,0.0,0.0,0.0,8.827746065826268,-0.8536996953956293,5.309562774490902,0.0,0.939518752560906,12.174236548465247,0.0,11.96853410264448,10.032782025493036,0.0,2.228742840213604,0.0,0.0,9.840414394834374,0.0,0.0,3960760412
108,0.0,12.710010307379319,0.0,7.006343475395674,0.0,0.0,0.0,0.0,-6.029505548562196,-21.7063205440378,9.995294331573687,0.0,0.0,0.0,0.0,0.0,0.0,0.0,0.0,0.0,3960868114
109,0.0,0.0,0.0,0.0,0.0,0.0,0.0,0.0,0.0,0.0,23.25610203166401,0.0,14.264573450260485,0.0,0.0,0.0,0.0,0.0,0.0,0.0,3960936028
110,7.12996322538459,0.0,5.329472926884607,0.0,0.0,0.0,0.0,-1.6640956763593338,0.0,0.0,0.0,0.0,0.0,0.0,-0.9600620793793982,0.0,0.0,0.0,0.0,0.0,3960963962
111,0.0,0.0,-1.6939725208969072,0.0,0.0,19.24367227843259,0.0,0.0,0.0,0.0,0.0,-6.798666690069877,10.561053908030761,0.0,0.0,0.0,0.0,8.759184790883674,0.0,0.0,3960988841
112,0.0,0.0,16.575400664077996,0.0,0.0,-8.205760230412356,0.0,-2.461261857950269,0.0,0.0,6.793358774090977,5.319079586329361,-1.8050738784989473,12.587213445239074,-6.3535777573833485,0.0,9.69393968721619,0.0,0.0,0.0,3961000985
113,0.0,0.0,0.0,0.0,0.0,0.0,0.0,0.0,0.0,0.0,4.321845695905522,1.7598397445129292,1.0240479225556536,-6.911251434979712,4.745038960495353,9.70731251349464,12.783491083545279,7.12996322538459,6.651767456890977,5.569431786748292,3961040985
114,0.0,0.0,0.0,0.0,-2.8024728419848044,9.107850193953203,0.0,-0.22604846769904488,0.0,0.0,0.0,0.0,0.0,0.0,0.0,0.0,0.0,-3.7073081597346875,0.0,0.0,3961061756
115,-5.624485427124455,0.0,11.676187727625209,5.309562774490902,0.0,0.0,0.0,0.0,-8.596793096193228,0.0,0.0,0.0,0.0,0.0,-10.955971288909629,0.0,-6.910139638505683,-9.79474465795298,2.3268856564916307,0.0,3961102532
116,6.833694755276698,-3.235026580250948,0.0,0.0,0.0,0.0,0.0,0.0,0.0,0.0,0.0,0.0,0.0,0.0,0.0,0.0,0.0,0.0,0.0,0.0,3961142758
117,0.0,0.0,5.031878101478502,0.2949068336492453,0.0,0.0,0.0,0.0,1.5865472091371922,-7.249587667531396,0.0,0.0,0.0,14.164323413067404,0.0,0.0,0.0,0.0,0.0,0.0,3961146514
118,0.0,0.0,5.309562774490902,5.031878101478502,8.883674648164128,-15.66369279214426,6.756778091071345,7.594764347487058,12.710010307379319,2.5312710847790854,0.0,0.0,0.0,0.0,0.0,2.7397132546060976,0.0,0.0,-12.091578042377865,9.70731251349464,3961217248
119,0.0,8.883674648164128,0.0,0.0,0.0,9.924729035098883,0.0,3.9164728514981477,0.0,-7.883565658710978,0.0,0.0,0.0,0.0,3.652923394560682,0.0,0.0,4.409252222541611,15.71680864862707,0.0,3961219376
120,0.0,0.0,0.0,0.0,0.0,0.0,0.0,0.0,0.0,0.0,7.371081584692968,-0.41340260523225075,6.793358774090977,0.0,0.0,0.0,0.0,-1.0171485016007686,0.0,0.0,3961259644
121,11.566334905402504,0.0,13.13281279937708,23.25610203166401,0.0,-2.6136101822178857,6.756778091071345,0.0,0.0,16.20352659695904,0.0,0.0,0.0,4.996490497466431,0.0,0.0,0.0,-8.596793096193228,-7.249587667531396,0.0,3961276206
122,0.0,0.0,0.0,0.0,9.107850193953203,0.0,0.0,0.0,0.0,0.0,11.355497081575054,4.928156826493684,12.714399914603574,0.0,16.575400664077996,-1.6939725208969072,0.0,7.12996322538459,0.0,0.0,3961291740
123,0.0,0.0,5.319079586329361,4.845395075725989,0.0,0.0,0.0,5.329472926884607,-1.6640956763593338,0.0,0.0,0.0,0.0,0.0,0.0,0.0,0.0,9.107850193953203,-15.85775706670239,0.0,3961373359
124,2.3268856564916307,-6.910139638505683,-6.798666690069877,15.571973033650101,-10.955971288909629,0.0,4.996490497466431,0.0,0.0,0.0,-2.765730222395749,-2.5251195279729206,0.0,0.0,0.684473992492357,0.0,0.0,0.39122002501066216,0.0,0.0,3961425002
125,0.0,0.0,0.0,0.0,0.0,0.0,0.0,14.389333591697957,0.0,-3.1008429510069933,0.0,0.0,0.0,0.0,1.5361027508459406,4.135271688728566,0.0,-2.084044405277007,0.0,0.0,3961454929
126,10.918713940860025,0.0,0.0,0.0,0.0,0.0,0.0,0.0,7.2644924806081255,0.0,0.0,9.107850193953203,0.0,0.0,8.476581233846721,0.0,0.0,0.5434382559920913,15.571973033650101,-8.236584005625094,3961505531
127,11.676187727625209,0.0,-1.6640956763593338,0.0,2.5312710847790854,0.0,-5.624485427124455,-2.664744988920287,0.0,0.0,3.652923394560682,0.0,0.0,0.0,0.0,0.0,16.66717217211733,0.0,-22.527644629808997,0.0,3961553272
128,0.0,0.0,-3.222846034780706,9.843357708542568,0.0,0.0,0.0,0.0,0.0,-1.3262344181461936,0.0,0.0,0.0,0.0,0.0,0.0,0.0,0.0,17.575236916567885,0.0,3961646185
129,0.0,0.0,0.0,0.0,0.0,0.0,0.0,0.0,0.0,0.0,-5.1068669630253165,8.92711344014372,0.0,0.0,25.006308007491352,0.0,0.0,0.0,0.0,0.0,3961665955
130,0.0,0.0,0.0,0.0,4.845395075725989,0.0,17.640226263817087,0.0,0.5716532298713339,0.0,4.678414310384441,-9.847756050918175,0.0,0.0,0.0,3.8105480394024607,10.032782025493036,0.0,0.0,0.0,3962007207
131,0.0,0.0,6.995148394202564,8.762942596594579,0.0,0.0,0.8316546159814027,0.0,0.0,10.420105919180822,11.39844489675847,11.287762310565903,1.8935325623334425,3.1223859523587265,7.213471340891045,2.9292170560747786,-2.124351355762216,0.0,-4.916304088681976,1.0721006045871038,3962092993
132,0.0,9.12593963071961,0.0,0.0,0.0,0.0,0.0,0.0,8.750498545910892,0.0,0.0,0.0,0.0,0.0,0.0,0.0,1.0721006045871038,0.0,0.0,0.0,3962137083
133,-19.350294759817594,0.0,6.407804074778647,0.0,0.0,-13.45480464001917,0.0,-14.1707273646172,0.0,0.0,0.0,0.0,0.0,0.0,0.0,4.461509597611143,0.0,-5.153592045490584,0.0,0.0,3962632022
134,0.0,7.6500945418930595,0.0,0.0,0.0,0.0,0.0,0.0,11.189027744522797,0.0,0.0,6.407804074778647,0.0,12.542855080574661,0.0,0.0,0.0,0.0,-1.6705153761121423,0.0,3962701540
135,0.0,1.8130325904189855,0.0,8.332975990360838,0.0,0.0,0.0,0.0,3.2746668778628645,0.0,0.0,0.0,0.0,0.0,26.07543910773379,17.042637950791672,7.804778519971563,4.637646800220103,10.773000405914985,9.827775753531453,3962815128
136,0.0,0.0,0.0,0.0,0.0,0.0,0.0,6.570399833446719,-0.732389721708012,-0.19398950841003754,-2.696250424939354,-2.403153755594466,-2.121772907412948,2.982378065041017,0.4785513164461987,6.407804074778647,-6.796793321681291,2.150284528732129,14.163418572120223,4.943362125526572,3962882047
137,16.19024265424416,0.0,0.0,0.0,0.0,0.0,8.332975990360838,0.0,0.0,0.0,0.0,0.0,0.0,0.0,0.0,2.671496910617207,0.0,0.0,0.0,0.0,3962997393
138,0.0,0.0,0.0,0.0,0.0,0.0,0.0,0.0,0.0,0.0,3.1049485679795086,0.0,0.0,2.1596348880489566,0.0,-1.5996593409960045,6.349949571075936,0.0,0.0,0.0,3963082795
139,0.0,3.9214493159499,0.0,0.0,0.0,0.0,0.0,7.838153236583561,0.0,0.0,-2.696250424939354,-2.121772907412948,0.0,-5.386170230133384,6.407804074778647,0.3198456493803903,0.0,11.601935263463941,10.134692996455778,-0.8536996953956293,3963141136
140,-6.719985544913392,0.0,0.0,0.0,-14.1707273646172,2.3719425291192695,4.9709060562605405,0.0,0.0,3.8656741547130684,12.037961846270482,0.0,0.0,-3.7237293059198957,0.0,0.0,0.0,0.0,0.0,0.0,3963175050
141,-2.696250424939354,0.0,-9.943421541319651,-5.386170230133384,0.0,-10.542683721505737,0.0,0.0,0.0,-1.228216209145998,0.0,0.0,15.407819079336699,-10.381866874866875,0.0,0.0,0.0,7.838153236583561,0.0,0.0,3963261456
142,-4.034410407056627,0.0,0.0,9.639534282879964,0.0,-10.542683721505737,4.9709060562605405,0.0,0.0,6.407804074778647,2.1596348880489566,0.0,0.0,0.0,0.0,0.0,0.0,0.0,0.0,0.0,3963365795
143,0.0,0.0,0.0,11.511377479206242,0.0,6.349949571075936,0.0,0.0,0.0,11.601935263463941,0.0,-0.3986792912060261,0.6012886154888781,5.82580978558429,-1.2975283918477187,0.0,0.0,4.637646800220103,4.150732297600129,4.461509597611143,3963510721
144,0.0,0.0,0.0,21.349590305948745,0.0,0.0,0.0,2.9292170560747786,0.0,0.0,3.3032633746873574,6.217224392925369,0.0,17.44686873512523,0.0,0.0,-9.400413501441651,0.0,0.0,0.0,3963622811
145,0.0,0.0,0.0,0.0,0.0,0.0,0.0,0.0,0.0,0.0,0.0,0.0,0.0,0.0,0.0,0.0,11.511377479206242,0.0,0.0,0.0,3963695407
146,0.0,0.0,5.82580978558429,0.0,1.5180055416530964,-2.2926970726684024,0.0,0.0,0.0,0.0,-2.696250424939354,-1.9804563006903295,3.7656804563029675,-0.2654141297978737,-2.065991064977887,9.840414394834374,0.0,1.8541311856868572,8.10545656685893,6.995148394202564,3963748898
147,-0.3638250844249432,-7.270520997407826,0.0,0.0,2.3441964515720053,0.0,0.0,0.0,0.0,0.0,12.020709634864385,0.0,0.0,3.11952478380269,0.0,6.301129199025128,7.8092584794457105,0.0,0.0,-15.94943523017149,3963766315
148,0.0,0.0,0.0,0.0,13.846250797374907,-7.105169154651971,-0.24771734889752461,-7.877171469236337,0.0,0.0,0.0,0.0,0.0,0.0,2.1786796393111865,0.0,0.0,-8.71521696556899,-5.239850239592648,-6.9692420885825355,3963833718
149,0.0,0.0,-1.7960402867480187,9.216479938264952,0.0,0.0,-7.604371684041609,0.0,0.0,-2.697440723124911,0.0,0.0,0.0,0.0,21.37298124805944,0.0,0.0,0.0,0.0,0.0,3963951879
150,-3.7038882330158582,-2.7129122612752297,-2.5998371585828934,0.0,-2.93345594080072,0.0,0.0,0.0,0.0,0.0,0.0,0.0,0.0,0.0,0.0,0.0,0.0,0.0,0.0,0.0,3964015955
151,0.9134789324178004,0.0,4.3192322603792315,0.0,0.0,-9.420060687379197,-7.887386848551831,0.0,0.0,0.0,0.0,-8.066559105144243,0.0,0.0,13.846250797374907,6.58228553326842,0.0,0.0,0.0,0.0,3964347005
152,0.0,0.0,0.0,-11.474236913310149,0.0,0.0,-17.437498382770166,0.0,-18.278190438289556,4.67766710842762,0.0,0.0,0.0,0.0,-0.3638250844249432,0.12276449721275826,5.742222767958771,0.0,13.378378262282848,0.0,3964420417
153,9.863456416003963,8.538770235896772,0.0,0.0,-2.2643861293321867,0.0,0.0,0.0,13.378378262282848,0.0,0.0,0.0,-0.6267414798221926,0.0,0.0,-4.378651736490095,0.0,0.0,0.0,0.0,3964501224
154,4.67766710842762,0.0,0.0,0.9817916869181073,0.0,5.958814081502597,-5.067420158433431,0.0,0.0,3.11952478380269,-9.131858199568692,0.0,0.0,0.0,0.0,-2.567111104551514,0.0,6.948613112604842,0.0,0.0,3964587511
155,6.756584438426996,3.8193106565958517,6.188181496472866,0.0,4.555008738900163,-4.739764662337204,0.0,-10.208571043239433,0.0,0.0,0.0,-8.71521696556899,4.67766710842762,0.0,0.8004153990388907,4.3192322603792315,0.0,4.9275814294812905,0.0,5.304942358041478,3964610577
156,3.1223859523587265,-8.71521696556899,4.67766710842762,0.0,0.0,-12.298179559137687,0.0,4.9275814294812905,0.0,0.0,6.756584438426996,0.0,6.188181496472866,0.8580709061050713,0.0,-4.739764662337204,-1.6494775759320688,0.0,0.0,12.63790471129454,3964678461
157,0.0,8.115489761275432,6.756584438426996,-2.7869031873931647,0.7159751165741307,7.21850886851232,0.0,0.0,7.213471340891045,0.0,9.216479938264952,8.580609020961957,0.0,-5.239850239592648,0.0,0.0,-10.14178779463377,0.0,0.0,0.0,3964779866
158,-2.124351355762216,4.67766710842762,5.823322731140312,0.0,1.7668840057231114,0.16613232661986232,0.0,11.626212801229466,5.3278490946574975,0.8580709061050713,-22.277884786790214,0.0,-7.604371684041609,-10.489107968370853,0.0,0.0,0.0,0.0,0.0,0.0,3964906211
159,5.393554861956294,0.0,-4.55270533602906,0.0,0.0,0.0,0.0,-2.2454770245019535,0.0,0.0,0.0,15.84901569065484,8.823006647833425,0.0,0.0,-11.609416571052183,0.0,9.330568779256172,11.000362754370816,6.909140564880874,3965026783
160,0.0,2.041420821851462,-4.55270533602906,0.0,0.0,0.0,0.0,0.0,2.6941820763493345,0.0,6.951583072092486,0.0,0.0,0.0,0.0,0.0,9.011962078726746,0.0,0.0,0.0,3965138122
161,0.0,8.823006647833425,16.67186934378186,1.9103200547815706,0.0,15.194842154230159,0.0,0.7265513691918188,-0.9550436246609172,3.5079629949632194,0.0,0.0,0.0,0.0,0.0,3.7133817946779457,-1.409129170731744,0.0,0.0,0.8004153990388907,3965322615
162,6.948613112604842,0.0,0.0,0.0,0.0,0.0,1.4730470544630037,0.0,0.0,0.0,0.0,0.0,0.9817916869181073,0.0,0.0,-7.877171469236337,0.0,0.0,0.0,0.0,3965388783
163,0.0,0.0,0.0,0.0,0.0,-2.93345594080072,-6.839499538623774,-18.089385081710017,0.0,0.8316546159814027,-2.124351355762216,-8.066559105144243,0.0,0.5250703784512484,-2.216026981584759,15.089281944617543,4.448759521341558,13.5355509372794,-9.131858199568692,0.0,3965452132
164,5.643653785975995,0.0,0.0,2.399925441371545,0.0,0.0,0.0,0.0,0.0,-0.9159681260027331,0.0,0.0,-2.351665544561619,6.016590392105053,0.0,10.355190722561623,14.31830370911388,0.0,18.841359195121704,-8.061549642647659,3965513793
165,4.962439656269691,0.0,3.684311532283986,0.0,3.369037154685047,-4.956139382234624,0.0,0.0,0.0,0.0,1.0576878956340647,0.0,3.204018212763282,7.267461079022807,0.0,1.5696147292490512,0.0,0.0,0.0,6.698897971703893,3965525689
166,7.935995385680077,-5.869027699208638,10.092314755637867,-2.2137762500937517,1.2142422031663798,0.0,-8.769833955006627,0.0,6.016590392105053,14.016754932650684,8.271617403226776,-1.0252685960132952,-0.739525323423917,-8.731923877401378,0.0,0.0,0.0,0.0,0.0,0.0,3965633377
167,-2.1297371868074877,0.0,8.494213032606053,10.214491055545531,0.0,1.529827806562753,1.2481516909330046,0.0,0.0,10.429582770028984,13.020815781687427,0.0,10.991548597422788,0.8230274625090468,0.0,0.0,0.0,0.0,0.0,0.0,3965640129
168,0.0,0.8230274625090468,0.0,0.0,-3.635596567799924,0.0,0.0,0.0,9.663693488650825,-8.332760775478302,2.4937105887853597,-0.4041042888202398,-8.731923877401378,-12.062542939170884,6.016590392105053,-0.08572196118461288,9.460235405791899,7.923286183036388,-7.063699908972914,7.550940494259541,3965702859
169,0.0,0.0,0.0,0.0,6.016590392105053,0.0,0.0,14.016754932650684,0.0,0.0,0.0,5.960074311191703,-2.997928325120194,0.0,0.0,0.0,0.0,0.8672757696981054,0.0,1.0552955619278457,3965779077
170,0.0,0.0,2.4937105887853597,0.0,0.0,-8.637549386007468,8.814149106022622,0.0,0.0,0.0,-0.8289551568952994,0.0,0.0,7.8092584794457105,0.0,0.0,-8.174181655526672,0.0,0.0,18.841359195121704,3965854761
171,0.0,0.0,0.0,0.0,0.0,0.0,0.0,0.0,0.0,0.0,6.251765312368026,0.0,7.8092584794457105,11.96853410264448,0.0,-8.061549642647659,11.287762310565903,18.841359195121704,0.0,-8.769833955006627,3965884494
172,0.0,0.0,-0.5766741767946115,0.0,0.0,0.0,0.0,0.0,0.0,0.0,19.72957521035674,0.0,8.526109655801532,1.925303480872501,0.0,0.0,0.0,0.0,0.0,7.521243077779861,3965927990
173,0.0,0.0,-5.869027699208638,0.0,0.0,10.092314755637867,0.0,1.4752864076118444,0.0,0.0,0.0,0.0,0.0,0.0,11.96853410264448,8.381943063835081,7.8092584794457105,0.0,-8.769833955006627,0.0,3966020533
174,0.0,13.693628504698657,0.0,9.240618341265932,0.0,0.0,0.0,0.0,-2.3784011099227897,0.0,0.0,0.0,0.0,-7.102594203747626,12.318056472357226,0.0,0.0,0.0,-23.488250840412867,0.0,3966036899
175,9.460235405791899,6.016590392105053,1.2142422031663798,0.0,-7.063699908972914,0.0,0.0,-8.769833955006627,-5.799045378177784,0.0,-1.6150740892477877,0.0,0.0,-7.388969397254752,0.0,0.0,-24.045665256544154,0.0,-4.060755318060944,7.223910320434318,3966077573
176,0.0,11.144888737205799,0.0,2.399925441371545,0.0,0.0,0.0,-1.6115843572872484,10.594073555993795,0.0,0.0,0.0,0.0,0.0,0.0,0.0,0.0,0.0,0.0,0.0,3966088418
177,0.0,0.0,0.0,0.0,0.0,0.0,-4.060755318060944,0.0,0.0,0.0,-5.869027699208638,-3.799241610792814,0.0,0.0,-6.366180724842822,0.0,0.0,0.0,15.28756153194536,0.0,3966150350
178,0.0,0.0,0.0,16.867231067979002,0.0,0.0,7.8092584794457105,0.0,0.0,-0.6919557314786448,0.0,0.0,0.0,0.0,0.0,0.0,0.0,0.0,0.0,0.0,3966161147
179,2.334125085618225,9.663693488650825,0.0,1.925303480872501,0.0,0.0,-8.174181655526672,-8.332760775478302,13.549013919596343,16.867231067979002,0.0,0.0,0.0,0.0,-0.07623493886933422,7.935995385680077,0.0,0.5838920941804339,2.751352622289988,-1.6590427184954588,3966226885
180,0.0,8.381943063835081,0.0,0.0,0.0,0.0,0.0,0.0,0.0,0.0,-6.366180724842822,0.0,-5.869027699208638,0.0,0.0,-3.799241610792814,0.0,0.0,0.0,-3.6935743582698244,3966233770
181,0.0,-0.08572196118461288,0.0,6.016590392105053,0.0,0.0,0.0,0.0,7.923286183036388,0.0,-0.9159681260027331,-3.5172048325263723,0.0,0.0,0.0,0.0,0.0,6.126132306294824,0.0,0.0,3966302839
182,0.0,0.0,12.851363907699373,0.0,0.0,0.0,0.0,0.0,0.0,0.0,0.04440262868364786,-3.799241610792814,-7.1680270249264595,1.2338034136928988,11.144888737205799,0.0,4.3162286778180174,-1.1909690598470755,3.15903213188417,6.698897971703893,3966313873
183,0.0,0.0,0.0,0.0,0.0,0.0,-5.799045378177784,0.0,0.0,0.0,7.223910320434318,0.0,0.0,0.0,0.0,0.0,0.0,0.0,0.0,0.0,3966401120
184,0.0,0.0,0.0,0.0,3.4103949615976332,0.0,0.0,0.0,0.0,0.0,0.0,0.0,0.0,0.0,0.0,0.0,0.0,0.0,17.846586643457854,0.0,3966406239
185,0.0,0.0,0.0,0.0,0.0,0.0,0.0,0.0,0.0,0.0,0.0,12.174236548465247,6.415325630894491,0.0,0.0,0.0,0.0,0.0,0.0,0.0,3966411393
186,16.605343232903582,0.0,-9.289005346100504,0.0,0.0,0.0,0.0,0.0,0.0,0.0,0.0,0.0,0.0,0.0,0.0,0.0,0.0,0.0,0.0,0.0,3966442144
187,0.0,0.0,0.0,0.0,0.0,17.846586643457854,8.381943063835081,0.0,0.0,6.301129199025128,9.108126918366409,0.0,0.0,0.0,0.0,0.0,0.0,0.0,0.0,0.0,3966484283
188,0.0,0.0,0.0,0.0,0.0,0.0,0.0,0.0,0.0,0.0,11.558147346592264,0.0,0.0,0.0,8.39105994547639,0.0,0.0,0.0,3.369037154685047,0.0,3966487370
189,-8.637549386007468,5.284774018480718,-0.8848501380176739,0.0,9.460235405791899,5.054291422560851,-5.869027699208638,0.0,5.228013317445376,-9.088956148879172,0.0,0.0,0.0,0.0,0.0,0.0,0.0,0.0,0.0,0.0,3966510320
190,0.0,6.016590392105053,0.0,0.0,7.521243077779861,0.0,0.0,14.016754932650684,0.0,0.0,0.0,13.073655290999938,0.0,0.0,0.0,0.0,0.0,0.0,0.0,0.0,3966529435
191,0.0,0.0,0.0,0.0,0.0,0.0,0.0,0.0,0.0,0.0,0.0,0.0,0.0,0.0,0.0,3.369037154685047,0.6331799731831879,9.108126918366409,13.108917687239076,0.0,3966570394
192,0.0,1.2338034136928988,12.573221316862313,0.0,0.9584446733308144,0.0,0.0,9.358209550842133,7.8371016178725785,28.694653185746755,0.0,0.0,0.0,0.0,4.0889481768359826,0.0,2.228742840213604,0.0,0.0,0.0,3966581710
193,0.0,0.0,0.0,-10.855771858012455,0.0,0.0,0.0,3.4092327471488044,3.4515090110588886,-0.8748526486979048,0.0,0.0,0.0,0.0,0.0,0.0,0.0,12.851363907699373,0.0,0.0,3966619151
194,0.0,0.0,0.0,0.0,0.0,0.0,0.0,0.0,0.0,0.0,0.0,0.0,0.0,0.0,19.266853875866143,0.0,0.0,7.3674254161638055,3.204018212763282,15.087284233789624,3966626627
195,-5.869027699208638,7.935995385680077,12.564291858940603,0.0,1.2142422031663798,0.0,0.0,0.0,0.0,0.0,13.108917687239076,0.0,-10.725116150945949,0.0,0.0,14.016754932650684,0.0,0.0,0.0,0.0,3966654369
196,0.0,0.0,0.0,0.0,0.0,0.0,0.0,0.0,0.0,0.0,0.0,0.0,3.6583262738033193,9.321552975863803,0.0,0.0,-1.030735270623398,0.0,0.0,0.0,3966744537
197,0.0,0.0,0.0,0.0,0.0,0.0,0.0,0.0,0.0,0.0,0.0,0.0,12.174236548465247,6.415325630894491,0.0,0.0,0.0,0.0,0.0,0.0,3966744778
198,0.0,0.0,0.0,0.0,0.0,0.0,0.0,0.0,0.0,0.0,0.0,0.0,0.0,0.0,0.0,0.0,0.0,0.0,0.0,0.0,3966752666
199,0.0,0.0,0.0,0.0,9.108126918366409,0.0,0.0,0.0,0.0,0.0,0.0,5.014040004680117,0.0,0.0,3.204018212763282,0.0,-4.060755318060944,0.0,0.0,0.0,3966788182
200,0.0,0.0,0.0,0.0,0.0,0.0,0.0,0.0,0.0,0.0,0.0,12.851363907699373,0.0,0.0,0.0,0.0,0.0,0.0,0.0,0.0,3966866578
201,0.0,0.0,0.0,0.0,-8.061549642647659,0.0,0.0,0.0,-0.4041042888202398,0.0,0.0,0.0,0.04440262868364786,0.0,0.0,0.0,0.0,0.0,0.0,-1.6590427184954588,3966884585
202,0.0,0.0,0.0,0.0,11.429318302930131,0.0,0.0,0.0,0.0,0.0,0.0,0.0,4.0889481768359826,0.0,0.0,0.0,0.0,0.0,0.0,0.0,3966957407
203,0.0,0.0,0.0,0.0,0.0,0.0,0.0,0.0,0.0,0.0,0.0,7.223910320434318,-24.045665256544154,0.0,0.0,0.0,0.0,0.0,0.0,0.0,3966977095
204,0.0,3.6583262738033193,0.0,0.0,0.0,-24.045665256544154,0.0,0.0,0.0,0.0,0.0,0.0,0.0,13.837117229527486,0.0,0.0,0.0,0.0,0.0,0.0,3967002678
205,0.0,10.67843475402259,0.0,0.0,4.0889481768359826,0.0,0.0,8.381943063835081,0.0,0.0,0.0,0.0,0.0,0.0,0.0,0.0,0.0,0.0,0.0,0.0,3967062172
206,-1.4841153005687608,0.0,3.6583262738033193,0.0,0.0,0.0,0.0,0.0,0.0,0.0,-4.956139382234624,0.0,0.0,0.0,0.0,0.0,0.0,0.0,0.0,0.0,3967146931
207,0.0,0.0,0.0,0.0,-2.3929492539394634,0.0,0.0,0.0,0.0,0.0,0.0,-9.289005346100504,0.0,0.0,0.0,9.663693488650825,0.0,12.573221316862313,19.266853875866143,0.0,3967207226
208,8.381943063835081,0.0,0.0,-1.2750665138228996,0.0,0.0,0.0,0.0,0.0,0.0,-2.2137762500937517,7.935995385680077,0.0,-5.869027699208638,-8.769833955006627,0.0,6.016590392105053,0.0,1.2142422031663798,0.0,3967214219
209,0.0,0.0,-12.776710444919395,0.0,0.0,0.0,0.0,1.5082269773109742,0.0,-6.302086979078893,0.0,0.0,0.0,0.0,0.0,0.0,0.0,0.0,0.0,0.0,3967271411
210,0.0,15.148481033146993,0.0,0.0,0.0,0.0,0.0,0.0,0.0,0.0,0.0,0.0,0.0,0.0,0.0,0.0,0.0,-5.169527834494909,0.0,0.0,3967285140
211,0.0,0.0,0.0,0.0,0.0,-3.930344522751527,-9.268918536235702,0.0,0.0,12.93921265596497,0.0,0.0,0.0,0.0,0.0,3.2604468051372133,-12.566862423185214,0.0,0.0,-7.302415528528024,3967303905
212,0.6873412254460902,0.0,12.419060238940382,0.0,-17.495413531706347,0.0,5.657845024315194,20.930177771863644,-15.280539285626716,-3.305269252001554,7.4027526239080395,-7.538155656731556,0.0,0.0,0.0,0.0,0.0,7.016871445154376,0.0,0.0,3967311583
213,0.0,0.0,0.0,0.40974087969105166,0.0,0.0,0.0,0.0,0.0,0.0,-4.217744824339967,0.0,0.0,0.0,0.0,9.897104496261367,3.9360976479328307,0.0,0.0,0.0,3967343435
214,0.0,0.0,0.0,0.0,-5.199841513785259,16.547644390017844,0.0,0.0,0.0,-4.650759372476105,0.0,0.0,3.6654648003044357,11.25639868158672,0.0,0.0,0.0,4.448897818520093,0.0,8.169457813012292,3967364495
215,0.0,0.0,0.0,0.0,0.0,0.0,0.0,0.0,0.0,0.0,0.0,0.0,-4.650759372476105,0.0,-14.492774618435416,5.657845024315194,0.0,5.755165475868759,0.0,0.0,3967369181
216,0.0,0.0,0.0,0.0,-17.2276194961312,13.00222343187238,5.551832627221929,-3.6312075186509056,-3.9596567362419677,5.724961411876319,16.44828439160856,0.0,0.0,0.0,0.0,13.040214280645527,0.0,0.0,0.0,0.0,3967391784
217,0.0,0.0,-9.433995209443289,-6.313373716293913,0.0,0.0,-1.0654793397320816,0.571801587098134,-1.387434156950083,1.4551438557264487,-5.175182342828443,0.0,8.251021315184241,-3.305269252001554,3.4521970642327013,8.839615589951975,12.380638082930393,0.0,8.072594350258225,5.755165475868759,3967396766
218,0.0,8.251021315184241,-0.4201898370476998,0.0,0.862752146779712,0.0,0.0,-0.08201693303122706,0.0,0.0,-1.9330422502588493,-16.03348348605967,0.0,0.3729222155752633,0.0,0.0,0.0,0.0,0.0,0.0,3967424462
219,0.0,-17.495413531706347,0.0,-5.93499196036733,0.0,0.0,8.169457813012292,0.0,12.75405819262471,6.1908857828199855,0.0,0.0,0.0,0.0,0.0,0.0,0.0,0.0,7.755165629397277,0.0,3967435213
220,0.0,-1.4634758966823893,1.4078113326118267,0.0,0.0,0.0,5.185322879870078,0.0,0.0,0.0,0.0,0.0,5.032310581897066,0.0,0.0,0.0,0.0,0.0,0.0,0.0,3967446758
221,0.0,0.0,0.0,0.0,-5.5761966400671765,0.0,1.4112214799270095,-16.03348348605967,-1.2436122001219467,0.0,0.0,0.0,0.0,6.326472199778069,0.0,0.0,0.0,0.0,-7.538155656731556,1.7555329568949087,3967478661
222,-2.3959650260722425,-5.584414659455019,0.0,5.724961411876319,1.2997664710631578,0.0,0.0,0.0,-1.387434156950083,0.0,0.0,10.418535793391884,1.4078113326118267,-20.309274811305457,0.0,0.0,0.0,0.0,0.0,0.0,3967480317
223,10.113448028907406,7.844948721260769,15.12665778277086,0.6858665305541233,0.0,5.492038362646656,-17.495413531706347,0.571801587098134,3.570470614077748,6.065616434243643,0.0,0.0,0.0,0.0,0.0,0.0,0.0,0.0,0.0,0.0,3967493885
224,13.850127994254859,0.0,-4.217744824339967,-11.417569688098661,5.185322879870078,0.0,-5.2870905938722155,0.0,10.153969279419812,0.0,0.0,0.0,0.0,0.0,0.0,0.0,0.0,0.0,0.0,0.0,3967501317
225,-5.353263317026082,-7.370735983219559,-5.175182342828443,-5.793586751281874,2.6756461197439285,-7.45267987531349,-5.59591681477061,10.973278143311179,-4.96229236402902,-17.2276194961312,0.0,0.0,0.0,0.0,0.0,0.0,0.0,0.0,0.0,0.0,3967532949
226,-1.0178307758729113,-3.611640366120877,0.0,-2.4995443136032627,0.0,0.0,0.0,0.0,0.0,0.0,0.0,0.0,0.0,0.0,0.0,3.9368260287347496,16.325404926838747,0.0,0.0,9.912450222858102,3967535610
227,20.930177771863644,0.0,0.0,5.551832627221929,0.0,0.0,12.75405819262471,0.0,8.169457813012292,0.0,12.380638082930393,-4.3461367618995554,0.0,5.179037482646458,16.547644390017844,0.0,0.0,0.0,0.0,0.0,3967562562
228,0.0,0.0,6.15099464222925,18.399091127276687,0.0,0.0,0.6213414374639221,5.032310581897066,0.0,-5.169527834494909,0.0,4.6031830692485585,-5.08402024845384,0.0,0.0,0.0,0.0,0.0,0.0,0.0,3967576585
229,0.0,0.0,0.0,0.0,0.0,0.0,0.0,0.0,0.0,0.0,0.0,0.0,0.0,8.277720558404253,0.0,0.0,0.0,0.0,0.0,0.0,3967602199
230,0.0,10.113448028907406,0.0,0.0,0.0,0.0,0.0,0.0,-2.3441667682083644,0.0,7.974265712988051,0.0,22.544861042230874,6.326472199778069,0.0,0.0,16.325404926838747,-5.865179491812513,0.0,10.011492125228724,3967618847
231,0.0,10.153969279419812,0.0,0.0,0.0,0.0,0.0,-5.584414659455019,0.0,0.0,0.0,0.0,0.0,0.0,0.0,0.0,0.0,7.423658731756787,0.0,0.0,3967645548
232,0.0,0.0,-2.028944042378489,0.06407070621198763,0.0,0.0,0.0,0.0,0.0,0.0,0.0,0.0,0.0,0.0,-20.309274811305457,0.0,-5.59591681477061,10.418535793391884,-7.514217231482385,7.133885762234509,3967666409
233,0.0,0.0,0.0,0.0,0.0,0.0,-22.771554146275577,0.0,0.0,0.0,0.0,0.0,0.0,0.0,0.0,0.0,0.0,0.0,0.0,0.0,3967679468
234,0.0,0.0,0.0,0.0,0.0,0.0,0.0,0.0,5.657845024315194,-9.265387258233797,0.0,19.824412022134556,0.0,15.148481033146993,0.0,7.0485386169159066,0.0,0.0,0.0,0.0,3967718821
235,0.0,9.0638956231412,5.179037482646458,0.0,10.355190722561623,-10.50323040622389,0.0,0.0,0.0,0.0,0.0,0.0,-16.03348348605967,0.0,-7.45267987531349,-0.14104183859873934,0.0,-1.2436122001219467,0.0,0.0,3967727113
236,0.0,0.0,0.0,9.268108557656227,0.0,0.0,0.0,0.0,0.0,0.0,0.0,0.0,0.0,0.0,0.0,-0.08201693303122706,0.0,0.0,0.0,0.0,3967792394
237,0.0,-17.495413531706347,0.0,0.0,0.0,0.0,0.0,0.0,3.570470614077748,0.0,7.0485386169159066,10.153969279419812,0.0,0.0,4.822040648258796,0.0,0.0,0.0,0.0,0.0,3967805803
238,0.0,0.0,0.0,0.0,0.0,-1.387434156950083,12.97250982755004,0.0,0.0,5.032310581897066,0.0,0.0,0.0,0.0,0.0,0.0,7.016871445154376,0.0,0.0,0.0,3967809253
239,13.821865980736051,0.0,0.0,14.521370119686184,0.0,0.0,5.185322879870078,0.0,0.0,0.0,-7.348898039190055,0.0,0.0,0.0,-16.03348348605967,0.0,5.599190819589312,0.0,0.0,0.0,3967858418
240,0.0,0.0,0.0,0.0,0.40974087969105166,0.0,0.0,0.0,0.0,0.0,0.0,10.153969279419812,0.0,0.0,0.0,0.0,0.0,0.0,0.0,0.0,3967872144
241,1.4078113326118267,0.0,0.0,0.0,10.418535793391884,0.0,0.0,0.0,10.50857128681181,7.4027526239080395,0.0,0.0,0.0,0.0,0.0,0.0,-22.771554146275577,0.0,0.0,0.0,3967891613
242,0.0,0.0,0.0,0.0,0.0,0.0,0.0,0.0,-10.96245402264738,0.0,0.0,0.0,0.0,0.0,6.934774112184478,0.0,0.0,0.0,19.824412022134556,0.0,3967908532
243,3.0131303141758545,0.0,0.0,10.113448028907406,0.0,10.255293925243326,5.315986281297981,0.0,0.0,0.0,0.0,16.05543426802349,0.0,7.016871445154376,0.0,0.0,0.0,-1.2705363220900503,8.795525343921508,0.0,3967996227
244,0.0,0.0,0.0,0.0,0.0,0.0,0.0,0.0,-5.93499196036733,0.0,0.0,0.0,3.663136994227351,0.0,0.0,0.0,0.0,11.19073234145018,0.0,-3.098182885977982,3968073382
245,0.0,0.0,14.119060320830464,0.0,0.0,0.0,0.0,0.0,19.824412022134556,0.0,0.0,0.0,0.0,0.0,0.0,0.0,0.0,0.0,-5.865179491812513,0.0,3968238268
246,0.0,0.0,0.0,0.0,0.0,0.0,0.0,0.0,0.0,0.0,0.0,10.153969279419812,0.0,0.0,0.0,0.0,0.0,0.0,0.0,0.0,3968327522
247,10.418535793391884,0.0,-11.054265534648065,0.0,9.20260993897515,12.75405819262471,0.0,10.153969279419812,0.0,0.0,0.0,0.0,0.0,0.0,10.113448028907406,0.0,0.0,0.0,0.0,0.0,3968380074
248,0.035657357908629124,0.0,0.0,0.0,0.0,0.0,-7.45267987531349,0.0,1.0142221294635905,-0.08201693303122706,0.0,0.0,0.0,0.0,0.0,-5.199841513785259,0.0,1.4551438557264487,20.873248062762773,2.1786796393111865,3968470278
249,0.0,0.0,0.0,0.0,0.0,0.0,0.0,0.0,0.0,0.0,0.0,0.0,-26.298433508541347,0.0,0.0,0.0,0.0,0.0,0.0,0.0,3968700910
250,1.435033216389702,0.0,-4.217744824339967,-11.417569688098661,0.0,0.0,5.724961411876319,0.0,0.0,0.0,0.0,0.0,0.0,0.0,0.0,0.0,0.0,0.0,0.0,0.0,3968863152
251,0.0,0.0,0.0,0.0,-19.014959256944426,0.0,12.813533404328005,0.0,1.2997664710631578,6.572754678430751,0.0,0.0,0.0,0.0,0.0,0.0,0.0,0.0,0.0,0.0,3969003873
252,0.0,0.0,0.0,0.0,10.006875964176205,3.8980810246532562,-6.236713783129067,2.8343918515227973,-4.825770774671251,0.0,0.0,0.0,0.0,0.0,5.746478536073705,0.34570506457008937,9.033233109698267,11.707248552305847,6.02947526743873,7.1923393748311355,3969180038
253,-5.298526149848447,0.0,0.0,0.0,0.0,0.0,5.865123919519836,0.0,0.0,0.0,0.0,0.0,2.580917805710399,9.12123762542101,0.0,0.0,0.0,0.0,0.0,2.7236669835588856,3969305067
254,0.0,0.0,0.0,1.8465357029776888,0.0,0.0,0.0,0.0,0.0,0.0,4.1414174283783804,-0.24468231382527986,5.378834924426261,0.0,0.0,0.0,0.0,0.0,0.0,0.0,3969357638
255,0.0,-1.5775367316678397,-0.6602796068147618,0.0,1.3337275621299294,9.116298236850708,-4.404054088873514,4.71745540921795,2.324737324173935,4.672049418887819,0.0,0.0,10.122039303287815,5.677626190585646,0.0,7.7123386414554,-4.506301884753938,0.0,0.0,0.0,3969382823
256,0.0,13.152934172348848,-8.800006625769804,-1.41675527131377,0.0,0.0,-8.945635431264211,0.0,-15.01803331988922,-10.326089026618972,-1.686811754075283,0.0,1.1822905893730735,0.0,0.0,0.0,14.551752902137338,0.0,0.0,0.0,3969427809
257,6.954966903187599,0.0,0.0,1.1582870992265186,0.0,5.079569205378387,-6.656993704022419,4.645046702420496,-0.29753725287540855,0.0,10.283220278841894,-11.449322872910253,0.0,-9.383170265906655,18.24573993132242,0.0,7.634723002117351,24.4858082440091,0.0,0.0,3969431394
258,0.0,0.0,0.0,0.0,0.0,0.0,0.0,0.0,0.0,0.0,-3.6039438186106505,-9.856137467291681,0.0,0.2832355877017757,0.0,0.0,0.0,3.132690144210615,-2.897909229577864,20.893249645440086,3969496101
259,0.0,3.666756332793708,0.0,-0.9089154444012673,-1.4400949022082652,-6.440651799520803,7.09702000336899,6.201009622645844,0.0,-3.1911649608086994,0.0,-1.29629184577729,0.0,0.0,0.0,0.0,0.0,0.0,0.0,0.0,3969510492
260,0.0,0.0,7.504437890506352,1.1617317061425374,0.0,0.0,0.0,0.0,0.0,-0.9798334033723535,0.0,0.0,-7.135595909331288,0.0,0.0,0.0,0.0,0.6376355612701813,0.0,0.0,3969556326
261,9.430042600800258,-12.1482867958398,-0.09860322094635718,0.0,0.0,0.0,0.0,0.0,0.0,-10.326089026618972,0.0,0.0,0.0,-9.383170265906655,0.0,1.1822905893730735,-7.310907176050294,0.0,-6.44570983306895,0.0,3969557308
262,0.0,0.0,0.0,0.0,0.0,0.0,0.0,0.0,0.0,0.0,0.0,-0.6044894296120319,0.0,-7.538155656731556,0.0,0.0,0.0,-7.370735983219559,6.02947526743873,0.0,3969599769
263,0.0,0.0,0.0,0.0,0.0,9.954877306905138,0.0,0.0,0.0,0.0,0.7723408455678017,0.0,0.0,0.0,0.0,0.0,0.0,0.0,0.0,0.0,3969605634
264,7.7123386414554,-9.856137467291681,0.0,0.2832355877017757,0.0,10.122039303287815,0.0,3.132690144210615,-2.897909229577864,20.893249645440086,0.0,22.055338456624206,0.0,0.0,0.20512979663965544,0.0,0.0,0.0,14.551752902137338,0.0,3969620539
265,0.0,0.0,0.0,0.0,0.0,0.0,0.0,0.0,-4.96229236402902,0.0,0.0,0.0,0.0,0.0,0.0,-22.67549732569006,-2.897909229577864,0.0,0.0,0.862752146779712,3969654858
266,20.985658606405586,0.0,-1.8469527405468171,-4.404054088873514,0.0,0.0,-11.449322872910253,0.0,0.0,0.0,0.0,0.0,0.0,0.0,0.0,11.681379600550242,0.0,0.0,0.0,0.0,3969656979
267,0.0,-3.1911649608086994,0.2401371446411833,0.0,0.0,0.0,0.0,0.0,0.0,0.0,6.983520557636081,0.0,0.0,0.0,0.0,0.0,0.0,0.0,0.0,0.0,3969720897
268,0.0,0.0,0.932355247718204,0.0,0.0,0.0,0.0,0.0,0.0,0.0,10.519422198508948,3.132690144210615,0.6858665305541233,20.893249645440086,12.990651562243222,4.672049418887819,1.1617317061425374,0.0,-2.897909229577864,0.0,3969775882
269,0.0,0.0,-2.0611571990211255,-7.310907176050294,0.0,0.0,5.926977454119168,0.0,0.0,0.0,0.0,0.0,-0.6602796068147618,0.0,0.0,0.0,0.0,0.0,-12.971985869895338,0.0,3969876442
270,0.0,0.0,0.0,0.0,0.0,0.0,0.0,0.0,0.0,0.0,0.0,3.5077678290843624,9.593526691966792,-1.29629184577729,0.0,0.0,0.0,0.0,0.0,15.12665778277086,3969955414
271,0.0,0.0,0.0,0.0,0.0,0.0,0.0,0.0,0.0,0.0,0.0,0.0,0.0,0.0,7.550940494259541,12.88163389084755,0.0,12.990651562243222,0.0,0.0,3970041014
272,6.618765747377667,9.033233109698267,7.481568061348729,-7.538155656731556,0.0,0.0,0.0,0.0,-0.4201898370476998,0.0,0.0,0.0,0.0,0.0,-2.9834020985247993,0.0,13.4411227525104,0.0,6.4033807140957775,0.0,3970112306
273,0.0,0.0,0.0,10.90427521843243,10.283220278841894,-18.31765867528775,9.648624831393857,0.0,-7.370735983219559,11.40209260283694,0.0,0.0,0.0,0.0,6.8244399411775065,-10.326089026618972,0.0,3.5216793160311712,0.0,0.0,3970279887
274,5.865123919519836,0.0,0.0,-0.24468231382527986,0.0,0.0,23.37014623655348,0.0,16.44828439160856,0.0,0.0,0.0,0.0,0.0,0.0,0.0,0.0,0.0,3.278231227764209,8.170601009489465,3970333065
275,0.0,0.0,0.0,0.0,0.0,0.0,9.954877306905138,0.0,0.0,0.0,0.0,0.0,0.0,0.0,0.0,0.0,0.0,0.0,0.0,0.0,3970420652
276,0.0,9.593526691966792,0.0,0.0,0.0,0.0,0.0,1.8465357029776888,0.932355247718204,-1.8155745464421553,11.635174283332699,0.0,0.0,0.0,15.442111724982588,0.0,0.0,0.0,0.0,0.0,3970454002
277,0.0,-12.1482867958398,0.0,0.0,0.0,0.0,0.0,0.0,-7.204509843035335,-1.41675527131377,0.0,0.0,0.0,0.0,-0.4201898370476998,0.0,0.0,0.0,0.0,0.0,3970514314
278,0.0,6.201009622645844,0.0,0.0,0.0,0.0,0.0,5.677626190585646,-5.866074149442159,13.370640135975963,0.0,0.0,0.0,0.0,0.0,0.0,7.550940494259541,0.0,-15.2277961911338,0.0,3970663686
279,0.0,0.0,0.0,0.0,0.0,0.0,0.0,-7.327857510285374,4.1414174283783804,0.0,0.0,0.0,0.0,0.0,0.0,0.0,0.0,-4.274512224560249,0.0,6.201009622645844,3970792027
280,0.0,-0.6044894296120319,3.5216793160311712,-0.4201898370476998,0.0,0.0,0.0,0.7723408455678017,5.746478536073705,-1.4400949022082652,0.0,0.0,0.0,0.0,0.0,13.370640135975963,0.0,0.0,0.0,0.0,3970990054
281,5.677626190585646,19.302310130549976,0.0,0.0,10.519422198508948,0.0,0.0,7.599123873791691,0.0,0.0,0.0,0.0,0.0,0.0,5.183144990865506,7.09702000336899,-1.513275853365425,0.0,6.288172192136495,-17.14522447367034,3971089692
282,0.0,0.0,0.0,0.0,19.37000387117261,19.845325056426034,0.0,0.0,0.0,0.0,-17.740133396793937,0.0,-5.941394479317762,0.0,0.0,-2.841856884637732,0.0,9.505158947747987,0.0,0.0,3971176821
283,0.0,0.0,0.0,0.0,4.73083973513259,15.323901015007975,-1.0582611930804195,9.831713038957087,2.103689621581552,0.0,0.0,0.0,0.0,0.0,0.0,0.0,0.0,0.0,0.0,0.0,3971263389
284,11.208933246548634,0.0,11.362944294908678,16.72059738684052,-4.450601583325424,5.574855441470349,0.0,9.941306140582013,0.0,0.0,0.0,0.0,0.0,0.0,0.0,0.0,0.0,0.0,11.068577898328225,0.0,3971335899
285,0.0,-4.204863888127693,0.8752997502980991,0.0,0.0,0.0,0.0,0.0,0.0,0.0,0.0,0.0,3.4242146324697127,2.942272762351655,0.0,0.0,0.0,-1.3741450319145616,-3.1466954494279293,2.243082219011276,3971338283
286,7.678875435886113,3.1699800423626465,-17.02953057937305,1.8946696866887436,0.0,19.133643439581668,0.11186190168623181,0.0,12.262589965414765,0.0,0.0,-4.204863888127693,0.0,0.0,0.0,0.0,0.0,0.0,0.0,0.0,3971411606
287,13.250553116256869,0.0,0.0,0.0,13.638758219848528,0.0,0.0,0.0,0.0,0.0,-6.618927578644825,0.0,5.919232467810286,-1.7580987806988517,0.0,0.0,0.11186190168623181,0.0,-3.2890955816819942,0.0,3971470160
288,0.0,0.0,0.0,0.0,-3.6509807063111634,0.0,0.0,0.0,5.5280793492861235,8.848594035165652,0.0,0.0,0.0,7.91707920566471,0.0,0.0,-11.7157929536817,11.208933246548634,0.0,0.0,3971552773
289,0.0,-7.421073888340775,4.901894978232082,0.0,0.0,0.0,0.0,1.8946696866887436,-7.745255355947732,-1.8029544799643715,0.0,0.0,0.0,0.0,2.2438060245330926,0.0,6.470293187586791,0.0,3.5503165015968614,0.0,3971583578
290,0.0,0.0,0.0,0.0,0.0,0.0,0.0,0.0,5.5280793492861235,0.0,0.0,2.0336101616245563,0.0,0.0,0.0,0.0,0.0,0.0,0.0,0.0,3971673262
291,0.0,0.0,0.0,0.0,0.0,0.0,0.0,9.116298236850708,0.0,0.0,0.0,0.0,0.0,0.0,0.0,0.0,0.0,0.0,0.0,0.0,3971717222
292,0.0,0.0,0.0,0.0,0.0,0.0,0.0,-7.308975951576173,-2.3959650260722425,1.5685284745811425,0.0,-13.28233020124199,-2.2443306439965913,11.647240354944604,0.0,0.0,0.0,3.3547742211792326,4.73083973513259,21.055622579521263,3971798245
293,0.0,0.0,0.0,0.0,0.0,0.0,2.942272762351655,0.0,9.116298236850708,0.0,21.772117949300696,-7.421073888340775,-3.2890955816819942,4.182814135221698,2.7236669835588856,0.0,11.362944294908678,0.0,-0.257123574576775,0.0,3971856001
294,0.0,0.0,0.0,0.0,0.0,1.238965728017393,0.0,0.0,0.0,-5.721301465999587,0.0,0.0,0.0,0.0,-8.638941676710436,0.0,0.0,0.0,0.6199968660583278,0.0,3971903975
295,0.0,0.0,0.0,0.0,0.0,0.0,0.0,0.0,0.0,0.0,11.208933246548634,0.0,0.0,2.0336101616245563,0.0,0.0,4.726305793123946,0.0,0.0,0.0,3971976818
296,0.0,0.0,0.0,0.0,0.0,5.944646040113147,0.0,-6.618927578644825,4.701262447470655,6.409046407258681,4.767990155675557,0.0,-5.280950873338074,0.0,0.0,0.0,0.0,0.0,0.0,0.0,3972055233
297,0.0,0.0,0.0,0.0,0.34570506457008937,0.0,0.0,1.190884154861868,0.0,-3.6039438186106505,0.0,-12.000161396019122,0.0,6.599647883891135,0.0,8.072594350258225,3.626937366785145,0.0,6.1908857828199855,-13.38357937733345,3972154535
298,9.650275656170823,8.567065530836373,21.055622579521263,7.790511323467188,0.0,0.0,5.723294678037947,-4.825770774671251,0.0,9.831713038957087,0.0,5.471982640195156,8.072594350258225,3.2360101905746728,6.470293187586791,0.0,0.0,0.0,0.0,0.0,3972375830
299,-2.2443306439965913,0.0,0.41643808911993824,21.055622579521263,0.0,0.0,11.647240354944604,0.0,0.0,0.0,-2.3080495660642004,0.0,-3.8634141024750797,0.0,-1.914253994169258,-4.450601583325424,0.0,0.0,0.0,0.0,3972522707
300,0.0,0.0,0.0,0.0,0.0,0.0,11.701852888946261,-4.4150377584915965,0.0,0.0,0.0,0.0,-15.280539285626716,0.0,0.0,11.362944294908678,0.0,0.0,0.0,0.0,3972633082
301,0.0,0.0,4.182814135221698,10.531950695396741,0.0,-3.2890955816819942,0.0,0.0,0.0,-1.7580987806988517,2.580917805710399,0.0,0.0,0.0,0.0,0.0,0.0,0.0,0.0,0.0,3972835248
302,12.420117546683345,0.0,0.0,3.4465836038470883,0.0,0.0,3.276826023329327,0.0,0.0,0.0,0.0,0.0,0.0,0.0,-7.17277264451959,-2.7424426720988944,0.26012430310170337,1.7262028989570608,-10.620524020271727,-1.092814856173426,3972937677
303,0.0,14.779179536486993,7.448725853592712,0.0,0.0,0.0,0.0,7.158183035483486,0.0,0.0,-18.375358306025827,0.0,-8.152854025782071,-16.517847738519848,3.056034733492515,6.738600288538862,2.516430168272604,0.0,1.7715591475552026,0.0,3973023989
304,6.072660856157039,16.55350842528576,5.090150589086694,5.927808845759106,9.113684803843743,0.0,5.615245952938348,6.527348303994813,-11.265161525921862,3.708140520028651,0.0,0.0,0.0,0.0,0.0,4.689724489618921,0.0,0.0,0.0,0.5916051290549824,3973036021
305,12.420117546683345,0.0,7.0785697304545065,13.444810421161046,0.0,0.0,11.672625005242391,-4.50219219020679,0.0,7.368007123766283,0.0,0.0,0.0,2.516430168272604,0.0,0.0,0.0,0.0,0.0,0.0,3973105146
306,0.0,0.0,0.0,0.0,-11.811597580581818,0.0,0.0,3.636884403891825,-1.016604610671027,-10.996861289210516,4.510732568064577,0.0,12.035421857404117,3.4465836038470883,0.0,2.2732774711074715,-7.519872604933878,0.0,0.0,7.0785697304545065,3973127831
307,7.678875435886113,-11.766808163008735,0.0,0.0,-5.718505563712389,0.0,-5.056393489856852,0.0,-8.219494952873452,0.0,11.672625005242391,0.0,0.5532344475548223,23.58971601157268,3.276826023329327,22.164795084520467,9.113684803843743,2.516430168272604,-16.517847738519848,-18.375358306025827,3973211743
308,13.250553116256869,3.1996032764267905,0.0,13.444810421161046,0.0,0.0,12.262589965414765,0.0,3.26388345687029,0.0,0.0,13.633534361147193,0.0,5.315151105125009,0.0,0.0,0.0,0.0,0.0,0.0,3973246064
309,0.0,6.28829406383114,9.246072306312747,19.845325056426034,0.0,0.0,0.0,3.5005366864420506,18.24573993132242,0.8752997502980991,12.420117546683345,0.0,0.527324350997926,0.0,0.0,0.0,0.0,0.0,0.0,0.0,3979184158
310,0.0,7.158183035483486,0.0,0.0,0.0,12.193093441260963,0.0,0.0,0.0,0.0,0.0,-1.0654793397320816,0.0,0.0,0.0,0.0,0.0,0.0,0.0,0.0,3979298911
311,0.0,-3.00434589658913,0.0,0.0,0.0,0.0,0.0,0.0,0.0,0.0,7.158183035483486,0.0,7.448725853592712,8.087827812116258,0.0,14.779179536486993,6.0217720628418405,0.0,0.0,0.0,3979399789
312,0.0,0.0,0.0,0.0,0.0,0.0,0.0,0.0,0.0,2.6829233598437856,0.0,0.0,1.3315753934437007,0.0,0.0,0.0,0.0,0.0,0.0,0.0,3979544791
313,0.0,0.0,-10.117045295396895,0.0,13.040214280645527,-9.339877697870199,0.0,7.937659511260581,0.0,-15.387149649605282,0.0,0.0,3.8980810246532562,0.0,0.0,0.0,0.0,0.0,-7.9798939239502795,-2.117131691016411,3979547233
314,0.0,0.0,0.0,0.0,0.0,0.0,0.0,0.0,0.0,0.0,0.0,0.0,0.0,-1.69589663159258,0.0,-2.7953484115339426,0.0,0.0,0.0,0.0,3979665820
315,0.0,0.0,0.8341229456136854,-3.340845159099164,0.0,3.7193619867292957,0.0,0.0,0.0,0.0,0.0,2.719744573875687,10.496851467279754,0.0,0.0,0.0,0.0,0.0,0.0,0.0,3979702213
316,0.0,9.104921308572477,-1.322892472987788,8.352845418174777,0.0,0.0,0.0,0.0,0.0,0.0,0.0,0.0,0.0,0.0,0.0,0.0,0.0,0.0,0.0,0.0,3979786666
317,0.0,0.0,0.0,0.0,0.0,0.0,0.0,0.0,0.0,0.0,0.0,0.0,0.0,12.149321691205381,0.0,0.0,0.0,0.0,0.0,-6.092133050959298,3979824996
318,0.0,0.0,0.0,0.0,0.0,12.747685237296647,0.0,0.0,0.0,-6.630356108998956,0.0,16.636372853566375,-12.328600884419041,6.054638197233257,0.0,0.0,0.0,0.0,-1.5914793706129098,-13.868719517015265,3981106180
319,0.0,0.0,-1.092814856173426,-1.016604610671027,0.0,0.0,0.0,0.0,0.0,0.0,-4.50219219020679,0.0,0.0,0.0,0.0,6.3396271714511,-4.607795825171473,0.0,0.0,-6.656993704022419,3981231091
320,0.0,3.96571142872734,4.401690152796494,0.0,0.0,0.0,0.0,12.497213955468835,0.0,0.0,0.0,0.0,0.0,0.0,0.0,0.0,0.0,0.0,0.0,-1.0582611930804195,3981456050
321,-0.7029322792601642,-0.18237734953699147,0.0,0.0,0.0,0.0,0.0,0.0,0.0,0.0,0.0,3.056034733492515,0.0,6.021977940592967,0.0,0.0,0.0,0.0,0.0,10.66348506674418,3981626536
322,-9.49237619088164,5.338903706648935,0.0,5.481534159756338,0.0,0.0,0.0,0.0,0.0,0.0,0.0,0.0,0.0,0.0,-10.943862816027227,0.0,0.0,0.0,0.0,0.0,3981742278
323,0.0,0.0,0.0,0.0,0.0,0.0,-4.94984236058045,0.0,0.0,0.0,0.0,0.0,0.0,0.0,-0.7871947435408637,0.0,0.6696389656247949,-7.966096644945752,0.0,0.0,3981835685
324,0.2456455019157581,-0.5925430485903653,0.0,4.473486421618218,0.0,0.0,-8.717809390275967,0.0,4.363929684231879,0.0,3.6201281425829483,0.0,2.542550975108597,-1.6748989466492643,0.0,3.769738791174042,0.0,0.0,7.004288226335713,14.227295791905158,3981901697
