,dire_score,dire_team_id,match_id,radiant_score,radiant_team_id,radiant_win,start_time,radiant_H1,radiant_H2,radiant_H3,radiant_H4,radiant_H5,dire_H1,dire_H2,dire_H3,dire_H4,dire_H5,radiant_P1,radiant_P2,radiant_P3,radiant_P4,radiant_P5,dire_P1,dire_P2,dire_P3,dire_P4,dire_P5,league_name
0,28,5051649,3849566762,35,3931002,False,1524616403,68.0,11.0,65.0,107.0,12.0,100.0,52.0,55.0,109.0,111.0,86974263.0,126238768.0,86975889.0,236858633.0,87440120.0,112377459.0,115141430.0,110539311.0,101450083.0,145550466.0,CHINA DOTA2 SUPER MAJOR
1,22,350190,3849810027,21,2581813,False,1524636052,51.0,54.0,17.0,87.0,16.0,89.0,49.0,110.0,80.0,102.0,91654584.0,180012313.0,94281932.0,103045129.0,108831569.0,6922000.0,154715080.0,102099826.0,43276219.0,87276347.0,CHINA DOTA2 SUPER MAJOR
2,22,3262512,3849810347,18,2108395,False,1524636179,26.0,100.0,49.0,72.0,29.0,88.0,23.0,68.0,54.0,13.0,184950344.0,155494381.0,164532005.0,132309493.0,187619311.0,169141480.0,181716137.0,111473138.0,250733860.0,104888934.0,CHINA DOTA2 SUPER MAJOR
3,50,2108395,3849869490,36,3262512,False,1524640166,51.0,15.0,30.0,54.0,16.0,3.0,100.0,72.0,19.0,88.0,169141480.0,181716137.0,111473138.0,250733860.0,104888934.0,184950344.0,155494381.0,164532005.0,132309493.0,187619311.0,CHINA DOTA2 SUPER MAJOR
4,25,350190,3849876560,16,2581813,False,1524640433,16.0,20.0,102.0,11.0,87.0,89.0,52.0,27.0,54.0,57.0,91654584.0,180012313.0,108831569.0,94281932.0,103045129.0,6922000.0,154715080.0,102099826.0,43276219.0,87276347.0,CHINA DOTA2 SUPER MAJOR
5,23,2581813,3849975652,37,3659536,True,1524646393,89.0,90.0,57.0,15.0,13.0,86.0,52.0,16.0,1.0,53.0,76600360.0,92253768.0,27178898.0,142139318.0,126417273.0,91654584.0,103045129.0,108831569.0,180012313.0,94281932.0,CHINA DOTA2 SUPER MAJOR
6,38,2108395,3849983470,21,3586078,False,1524646602,65.0,109.0,107.0,119.0,39.0,52.0,89.0,13.0,12.0,16.0,138857296.0,110759067.0,101259972.0,145335241.0,113435203.0,184950344.0,155494381.0,164532005.0,132309493.0,187619311.0,CHINA DOTA2 SUPER MAJOR
7,24,2108395,3850048260,16,3586078,False,1524650278,52.0,57.0,107.0,119.0,11.0,50.0,120.0,49.0,109.0,16.0,138857296.0,110759067.0,101259972.0,145335241.0,113435203.0,184950344.0,155494381.0,164532005.0,132309493.0,187619311.0,CHINA DOTA2 SUPER MAJOR
8,29,2581813,3850062409,9,3659536,False,1524651027,20.0,16.0,80.0,35.0,55.0,89.0,68.0,41.0,76.0,61.0,76600360.0,92253768.0,126417273.0,142139318.0,27178898.0,91654584.0,103045129.0,108831569.0,180012313.0,94281932.0,CHINA DOTA2 SUPER MAJOR
9,22,5228654,3850804674,7,5051649,False,1524682845,7.0,21.0,108.0,114.0,3.0,91.0,72.0,102.0,54.0,87.0,112377459.0,115141430.0,110539311.0,101450083.0,145550466.0,86726887.0,86725175.0,10366616.0,108452107.0,47434686.0,CHINA DOTA2 SUPER MAJOR
10,24,5636662,3850807673,49,3931002,True,1524683039,101.0,76.0,120.0,100.0,109.0,82.0,68.0,45.0,107.0,108.0,86974263.0,126238768.0,113055105.0,236858633.0,87440120.0,110583422.0,126469785.0,122445696.0,140758705.0,95145869.0,CHINA DOTA2 SUPER MAJOR
11,11,5051649,3850856450,30,5228654,True,1524686291,89.0,94.0,108.0,72.0,3.0,51.0,76.0,13.0,43.0,68.0,86726887.0,86725175.0,10366616.0,108452107.0,47434686.0,112377459.0,115141430.0,110539311.0,101450083.0,145550466.0,CHINA DOTA2 SUPER MAJOR
12,58,5026801,3850899797,16,5636662,False,1524689529,92.0,86.0,108.0,8.0,100.0,52.0,65.0,16.0,76.0,83.0,110583422.0,126469785.0,95145869.0,122445696.0,140758705.0,221666230.0,73562326.0,87285329.0,86698277.0,86727555.0,CHINA DOTA2 SUPER MAJOR
13,31,5636662,3850928939,47,5026801,True,1524691931,52.0,14.0,39.0,42.0,38.0,120.0,53.0,25.0,54.0,110.0,221666230.0,73562326.0,87285329.0,86698277.0,86727555.0,110583422.0,126469785.0,122445696.0,95145869.0,140758705.0,CHINA DOTA2 SUPER MAJOR
14,37,5051765,3850968927,47,5051649,True,1524695764,60.0,25.0,65.0,32.0,53.0,109.0,68.0,111.0,19.0,69.0,112377459.0,115141430.0,110539311.0,101450083.0,145550466.0,110583422.0,126469785.0,1296625.0,122445696.0,95145869.0,CHINA DOTA2 SUPER MAJOR
15,50,5051765,3851000926,38,5051649,False,1524699317,52.0,25.0,69.0,103.0,62.0,41.0,64.0,107.0,19.0,47.0,112377459.0,115141430.0,110539311.0,101450083.0,145550466.0,110583422.0,134566957.0,1296625.0,95145869.0,122445696.0,CHINA DOTA2 SUPER MAJOR
16,38,67,3853663055,33,1883502,False,1524852231,26.0,10.0,47.0,54.0,28.0,89.0,38.0,50.0,92.0,109.0,134556694.0,132851371.0,106573901.0,92423451.0,159020918.0,84853828.0,117956848.0,116525052.0,86700461.0,94004717.0,EPICENTER XL
17,28,1883502,3853738369,7,67,False,1524856288,89.0,38.0,52.0,92.0,109.0,86.0,10.0,76.0,102.0,14.0,84853828.0,117956848.0,116525052.0,86700461.0,94004717.0,134556694.0,132851371.0,106573901.0,92423451.0,159020918.0,EPICENTER XL
18,14,67,3853781987,42,1883502,True,1524858869,83.0,44.0,101.0,97.0,91.0,100.0,120.0,92.0,43.0,12.0,134556694.0,132851371.0,106573901.0,92423451.0,159020918.0,84853828.0,117956848.0,116525052.0,86700461.0,94004717.0,EPICENTER XL
19,40,1838315,3854315649,28,1375614,False,1524899468,60.0,119.0,43.0,95.0,13.0,71.0,77.0,52.0,69.0,49.0,139876032.0,82327674.0,149486894.0,117281554.0,87012746.0,87278757.0,97590558.0,89117038.0,86799300.0,116585378.0,EPICENTER XL
20,14,1838315,3854408440,32,1375614,True,1524903956,89.0,25.0,64.0,29.0,15.0,5.0,52.0,99.0,102.0,11.0,139876032.0,149486894.0,82327674.0,87012746.0,117281554.0,87278757.0,89117038.0,97590558.0,86799300.0,116585378.0,EPICENTER XL
21,30,1838315,3854498593,18,1375614,False,1524908164,37.0,76.0,16.0,95.0,96.0,71.0,80.0,52.0,49.0,106.0,82327674.0,149486894.0,139876032.0,117281554.0,87012746.0,87278757.0,97590558.0,89117038.0,86799300.0,116585378.0,EPICENTER XL
22,23,543897,3854613702,23,15,True,1524913393,48.0,52.0,62.0,86.0,29.0,57.0,83.0,72.0,64.0,19.0,125581247.0,106863163.0,94296097.0,101695162.0,94738847.0,84772440.0,100471531.0,89871557.0,91443418.0,113457795.0,EPICENTER XL
23,17,15,3854704857,22,543897,True,1524916938,120.0,16.0,48.0,64.0,49.0,95.0,52.0,79.0,103.0,29.0,84772440.0,100471531.0,89871557.0,91443418.0,113457795.0,125581247.0,106863163.0,94296097.0,101695162.0,94738847.0,EPICENTER XL
24,19,543897,3854810418,26,15,True,1524920704,48.0,47.0,20.0,86.0,38.0,57.0,19.0,109.0,87.0,25.0,125581247.0,106863163.0,94296097.0,101695162.0,94738847.0,84772440.0,100471531.0,89871557.0,91443418.0,113457795.0,EPICENTER XL
25,9,36,3854928326,24,2586976,True,1524924652,53.0,72.0,7.0,60.0,89.0,86.0,48.0,47.0,119.0,51.0,94155156.0,88271237.0,26771994.0,41231571.0,19672354.0,106809101.0,114619230.0,70388657.0,35504297.0,89550641.0,EPICENTER XL
26,27,2586976,3855045406,24,36,False,1524928339,103.0,18.0,15.0,20.0,104.0,30.0,49.0,100.0,55.0,12.0,106809101.0,114619230.0,70388657.0,35504297.0,89550641.0,94155156.0,88271237.0,26771994.0,41231571.0,19672354.0,EPICENTER XL
27,23,5229127,3855126038,9,3,False,1524931204,16.0,39.0,54.0,105.0,37.0,91.0,38.0,46.0,86.0,49.0,84429681.0,12231202.0,172424257.0,50828662.0,103735745.0,93552791.0,130801103.0,250114507.0,91064780.0,89269794.0,EPICENTER XL
28,29,3,3855201180,44,5229127,True,1524934051,52.0,71.0,11.0,51.0,15.0,108.0,13.0,80.0,89.0,86.0,93552791.0,91064780.0,250114507.0,130801103.0,89269794.0,84429681.0,12231202.0,172424257.0,50828662.0,103735745.0,EPICENTER XL
29,33,46,3855211981,41,2163,True,1524934545,64.0,16.0,109.0,60.0,47.0,27.0,38.0,91.0,49.0,48.0,82262664.0,34505203.0,105248644.0,101356886.0,72312627.0,113331514.0,92847434.0,112250781.0,5150808.0,96183976.0,EPICENTER XL
30,30,2163,3855322538,30,46,False,1524938786,30.0,16.0,101.0,49.0,12.0,20.0,38.0,108.0,60.0,54.0,113331514.0,92847434.0,112250781.0,5150808.0,96183976.0,82262664.0,34505203.0,105248644.0,101356886.0,72312627.0,EPICENTER XL
31,23,5229127,3856109320,46,543897,True,1524985698,120.0,16.0,72.0,37.0,47.0,52.0,86.0,9.0,60.0,8.0,84772440.0,100471531.0,89871557.0,91443418.0,113457795.0,93552791.0,91064780.0,250114507.0,130801103.0,89269794.0,EPICENTER XL
32,28,543897,3856210369,30,5229127,True,1524989742,62.0,69.0,25.0,86.0,80.0,96.0,52.0,42.0,85.0,11.0,93552791.0,130801103.0,250114507.0,91064780.0,89269794.0,84772440.0,100471531.0,89871557.0,91443418.0,113457795.0,EPICENTER XL
33,33,543897,3856317902,46,5229127,True,1524993942,71.0,69.0,52.0,68.0,41.0,108.0,60.0,76.0,37.0,49.0,93552791.0,130801103.0,250114507.0,91064780.0,89269794.0,84772440.0,100471531.0,89871557.0,91443418.0,113457795.0,EPICENTER XL
34,30,2586976,3856371600,14,67,False,1524996053,16.0,55.0,66.0,119.0,95.0,30.0,15.0,7.0,52.0,80.0,84853828.0,117956848.0,116525052.0,86700461.0,94004717.0,94155156.0,88271237.0,26771994.0,41231571.0,19672354.0,EPICENTER XL
35,24,15,3856441285,30,2163,True,1524998861,30.0,2.0,93.0,101.0,80.0,114.0,47.0,119.0,60.0,78.0,82262664.0,34505203.0,105248644.0,101356886.0,72312627.0,125581247.0,106863163.0,94296097.0,101695162.0,94738847.0,EPICENTER XL
36,29,67,3856476310,42,2586976,True,1525000036,64.0,72.0,89.0,69.0,10.0,16.0,57.0,53.0,23.0,109.0,94155156.0,88271237.0,26771994.0,41231571.0,19672354.0,84853828.0,117956848.0,116525052.0,86700461.0,94004717.0,EPICENTER XL
37,36,15,3856540185,19,2163,False,1525002560,75.0,97.0,23.0,16.0,93.0,109.0,39.0,66.0,86.0,2.0,82262664.0,34505203.0,105248644.0,101356886.0,72312627.0,125581247.0,106863163.0,94296097.0,101695162.0,94738847.0,EPICENTER XL
38,21,46,3856618664,36,3,True,1525005268,69.0,40.0,48.0,107.0,26.0,86.0,120.0,16.0,47.0,113.0,84429681.0,12231202.0,172424257.0,50828662.0,103735745.0,113331514.0,92847434.0,112250781.0,5150808.0,96183976.0,EPICENTER XL
39,21,15,3856657225,37,2163,True,1525006326,64.0,69.0,10.0,16.0,25.0,109.0,47.0,66.0,51.0,38.0,82262664.0,34505203.0,105248644.0,101356886.0,72312627.0,125581247.0,106863163.0,94296097.0,101695162.0,94738847.0,EPICENTER XL
40,14,46,3856784059,28,3,True,1525010678,92.0,49.0,41.0,60.0,64.0,68.0,69.0,16.0,11.0,12.0,84429681.0,12231202.0,172424257.0,50828662.0,103735745.0,113331514.0,92847434.0,112250781.0,5150808.0,96183976.0,EPICENTER XL
41,23,36,3856785633,5,1838315,False,1525010409,42.0,93.0,105.0,69.0,76.0,91.0,12.0,101.0,3.0,38.0,87278757.0,97590558.0,89117038.0,86799300.0,116585378.0,106809101.0,114619230.0,70388657.0,35504297.0,89550641.0,EPICENTER XL
42,10,36,3856880792,24,1838315,True,1525013527,62.0,81.0,86.0,98.0,106.0,103.0,76.0,49.0,20.0,38.0,87278757.0,97590558.0,89117038.0,86799300.0,116585378.0,106809101.0,114619230.0,70388657.0,35504297.0,89550641.0,EPICENTER XL
43,29,1838315,3856978772,30,36,True,1525016883,69.0,72.0,34.0,3.0,38.0,79.0,7.0,81.0,29.0,25.0,106809101.0,114619230.0,70388657.0,35504297.0,89550641.0,87278757.0,89117038.0,97590558.0,86799300.0,116585378.0,EPICENTER XL
44,18,1375614,3857133774,26,1883502,True,1525022756,64.0,54.0,25.0,55.0,107.0,15.0,49.0,26.0,91.0,29.0,134556694.0,132851371.0,106573901.0,92423451.0,159020918.0,117281554.0,149486894.0,82327674.0,139876032.0,87012746.0,EPICENTER XL
45,41,1375614,3857223519,34,1883502,False,1525026807,87.0,61.0,10.0,57.0,14.0,48.0,15.0,86.0,79.0,89.0,134556694.0,132851371.0,106573901.0,92423451.0,159020918.0,117281554.0,149486894.0,139876032.0,82327674.0,87012746.0,EPICENTER XL
46,36,1883502,3857361495,17,1375614,False,1525033874,28.0,47.0,86.0,109.0,103.0,53.0,10.0,43.0,69.0,16.0,139876032.0,149486894.0,82327674.0,117281554.0,87012746.0,134556694.0,132851371.0,106573901.0,92423451.0,159020918.0,EPICENTER XL
47,40,1838315,3857948369,13,2586976,False,1525071766,30.0,76.0,107.0,49.0,80.0,62.0,98.0,86.0,60.0,72.0,94155156.0,88271237.0,26771994.0,41231571.0,19672354.0,87278757.0,97590558.0,89117038.0,86799300.0,116585378.0,EPICENTER XL
48,25,2586976,3858047503,7,1838315,False,1525076087,71.0,22.0,54.0,55.0,43.0,53.0,38.0,7.0,15.0,92.0,87278757.0,89117038.0,97590558.0,86799300.0,116585378.0,94155156.0,88271237.0,26771994.0,41231571.0,19672354.0,EPICENTER XL
49,20,1375614,3858123895,20,67,True,1525078883,23.0,108.0,52.0,46.0,54.0,88.0,39.0,37.0,95.0,16.0,84853828.0,117956848.0,116525052.0,86700461.0,94004717.0,139876032.0,149486894.0,82327674.0,117281554.0,87012746.0,EPICENTER XL
50,7,1838315,3858133933,28,2586976,True,1525079330,68.0,38.0,100.0,52.0,41.0,16.0,72.0,91.0,13.0,25.0,94155156.0,88271237.0,26771994.0,41231571.0,19672354.0,87278757.0,97590558.0,89117038.0,86799300.0,116585378.0,EPICENTER XL
51,16,67,3858218113,8,1375614,False,1525082761,68.0,49.0,54.0,55.0,107.0,16.0,53.0,52.0,25.0,48.0,82327674.0,149486894.0,117281554.0,87012746.0,139876032.0,84853828.0,117956848.0,116525052.0,86700461.0,94004717.0,EPICENTER XL
52,35,46,3858222095,24,15,True,1525083041,109.0,52.0,20.0,88.0,108.0,87.0,16.0,101.0,10.0,72.0,125581247.0,106863163.0,94296097.0,101695162.0,94738847.0,113331514.0,92847434.0,112250781.0,5150808.0,96183976.0,EPICENTER XL
53,26,543897,3858316713,23,3,False,1525086745,15.0,49.0,12.0,62.0,26.0,29.0,89.0,72.0,20.0,43.0,84429681.0,12231202.0,172424257.0,50828662.0,103735745.0,84772440.0,100471531.0,89871557.0,91443418.0,113457795.0,EPICENTER XL
54,13,15,3858341244,38,46,True,1525087559,79.0,104.0,16.0,52.0,54.0,41.0,76.0,64.0,87.0,69.0,113331514.0,92847434.0,112250781.0,5150808.0,96183976.0,125581247.0,106863163.0,94296097.0,101695162.0,94738847.0,EPICENTER XL
55,12,543897,3858438387,38,3,True,1525091128,60.0,46.0,81.0,52.0,64.0,88.0,89.0,19.0,71.0,74.0,84429681.0,12231202.0,172424257.0,50828662.0,103735745.0,84772440.0,100471531.0,89871557.0,91443418.0,113457795.0,EPICENTER XL
56,23,46,3858449839,48,15,True,1525091404,72.0,34.0,62.0,75.0,51.0,79.0,2.0,101.0,22.0,109.0,125581247.0,106863163.0,94296097.0,101695162.0,94738847.0,113331514.0,92847434.0,112250781.0,5150808.0,96183976.0,EPICENTER XL
57,21,3,3858543045,32,543897,True,1525094479,80.0,89.0,96.0,87.0,72.0,92.0,43.0,48.0,52.0,42.0,84772440.0,100471531.0,89871557.0,91443418.0,113457795.0,84429681.0,12231202.0,172424257.0,50828662.0,103735745.0,EPICENTER XL
58,29,5229127,3858598169,22,2163,False,1525096027,84.0,72.0,12.0,7.0,80.0,66.0,38.0,21.0,68.0,54.0,82262664.0,34505203.0,105248644.0,101356886.0,72312627.0,93552791.0,130801103.0,250114507.0,91064780.0,89269794.0,EPICENTER XL
59,43,2163,3858746706,36,5229127,False,1525100139,66.0,16.0,11.0,71.0,80.0,30.0,69.0,72.0,60.0,25.0,93552791.0,130801103.0,250114507.0,91064780.0,89269794.0,82262664.0,34505203.0,105248644.0,101356886.0,72312627.0,EPICENTER XL
60,9,5229127,3858902133,46,2163,True,1525105144,30.0,2.0,10.0,16.0,43.0,107.0,86.0,22.0,69.0,12.0,82262664.0,34505203.0,105248644.0,101356886.0,72312627.0,93552791.0,91064780.0,250114507.0,130801103.0,89269794.0,EPICENTER XL
61,32,1883502,3859017359,21,36,False,1525109242,69.0,81.0,25.0,64.0,52.0,87.0,95.0,43.0,60.0,91.0,106809101.0,114619230.0,70388657.0,35504297.0,89550641.0,134556694.0,132851371.0,106573901.0,92423451.0,159020918.0,EPICENTER XL
62,40,36,3859112825,29,1883502,False,1525113251,53.0,95.0,25.0,97.0,28.0,52.0,93.0,21.0,64.0,2.0,134556694.0,132851371.0,106573901.0,92423451.0,159020918.0,106809101.0,114619230.0,70388657.0,35504297.0,89550641.0,EPICENTER XL
63,11,1883502,3859208891,21,36,True,1525117934,28.0,93.0,22.0,20.0,78.0,111.0,109.0,43.0,2.0,60.0,106809101.0,114619230.0,70388657.0,35504297.0,89550641.0,134556694.0,132851371.0,106573901.0,92423451.0,159020918.0,EPICENTER XL
64,19,46,3859911502,33,543897,True,1525158124,120.0,53.0,72.0,20.0,49.0,71.0,104.0,52.0,25.0,95.0,84772440.0,100471531.0,89871557.0,91443418.0,113457795.0,113331514.0,92847434.0,112250781.0,5150808.0,96183976.0,EPICENTER XL
65,12,46,3860041559,24,543897,True,1525162851,29.0,53.0,95.0,20.0,43.0,3.0,97.0,28.0,8.0,39.0,84772440.0,100471531.0,89871557.0,91443418.0,113457795.0,113331514.0,92847434.0,112250781.0,5150808.0,96183976.0,EPICENTER XL
66,23,5229127,3860181472,34,15,True,1525167535,48.0,23.0,66.0,103.0,16.0,29.0,53.0,76.0,30.0,72.0,125581247.0,106863163.0,94296097.0,101695162.0,94738847.0,93552791.0,130801103.0,250114507.0,91064780.0,89269794.0,EPICENTER XL
67,24,67,3860228898,34,1838315,True,1525169128,87.0,80.0,88.0,29.0,76.0,23.0,38.0,52.0,46.0,54.0,87278757.0,97590558.0,89117038.0,86799300.0,116585378.0,84853828.0,117956848.0,116525052.0,86700461.0,94004717.0,EPICENTER XL
68,25,5229127,3860298305,42,15,True,1525171489,109.0,17.0,30.0,100.0,69.0,71.0,38.0,22.0,68.0,41.0,125581247.0,106863163.0,94296097.0,101695162.0,94738847.0,93552791.0,130801103.0,250114507.0,91064780.0,89269794.0,EPICENTER XL
69,31,1838315,3860355983,6,67,False,1525173505,23.0,38.0,53.0,25.0,8.0,89.0,10.0,64.0,78.0,49.0,84853828.0,117956848.0,116525052.0,86700461.0,94004717.0,87278757.0,97590558.0,89117038.0,86799300.0,116585378.0,EPICENTER XL
70,13,36,3860434033,22,1375614,True,1525176140,88.0,72.0,25.0,86.0,29.0,52.0,10.0,47.0,50.0,28.0,139876032.0,117281554.0,149486894.0,82327674.0,87012746.0,106809101.0,114619230.0,70388657.0,35504297.0,89550641.0,EPICENTER XL
71,7,3,3860516530,35,2163,True,1525178972,87.0,16.0,10.0,101.0,43.0,120.0,13.0,81.0,91.0,86.0,82262664.0,34505203.0,105248644.0,101356886.0,72312627.0,84429681.0,12231202.0,172424257.0,50828662.0,103735745.0,EPICENTER XL
72,8,1375614,3860563545,25,36,True,1525180123,52.0,72.0,46.0,20.0,28.0,30.0,25.0,57.0,60.0,8.0,106809101.0,114619230.0,70388657.0,35504297.0,89550641.0,82327674.0,149486894.0,87012746.0,139876032.0,117281554.0,EPICENTER XL
73,32,2163,3860626926,14,3,False,1525182047,40.0,78.0,95.0,66.0,86.0,64.0,108.0,8.0,89.0,47.0,84429681.0,12231202.0,172424257.0,50828662.0,103735745.0,82262664.0,34505203.0,105248644.0,101356886.0,72312627.0,EPICENTER XL
74,36,1375614,3860676988,42,36,False,1525183597,28.0,72.0,22.0,37.0,69.0,52.0,27.0,12.0,29.0,40.0,106809101.0,114619230.0,70388657.0,35504297.0,89550641.0,139876032.0,82327674.0,149486894.0,87012746.0,117281554.0,EPICENTER XL
75,37,1883502,3860917809,27,2586976,False,1525191944,30.0,43.0,7.0,78.0,81.0,86.0,93.0,47.0,119.0,51.0,94155156.0,88271237.0,26771994.0,41231571.0,19672354.0,134556694.0,132851371.0,106573901.0,92423451.0,159020918.0,EPICENTER XL
76,26,2586976,3861026687,45,1883502,True,1525196265,26.0,43.0,46.0,28.0,88.0,68.0,38.0,100.0,25.0,18.0,134556694.0,132851371.0,106573901.0,92423451.0,159020918.0,94155156.0,88271237.0,26771994.0,41231571.0,19672354.0,EPICENTER XL
77,30,5229127,3861782528,16,46,False,1525244398,30.0,119.0,86.0,35.0,114.0,66.0,57.0,40.0,84.0,46.0,113331514.0,92847434.0,112250781.0,5150808.0,96183976.0,93552791.0,130801103.0,89269794.0,91064780.0,250114507.0,EPICENTER XL
78,39,5229127,3861849410,42,46,True,1525247709,68.0,38.0,16.0,72.0,46.0,60.0,13.0,52.0,79.0,48.0,113331514.0,92847434.0,112250781.0,5150808.0,96183976.0,93552791.0,130801103.0,250114507.0,91064780.0,89269794.0,EPICENTER XL
79,42,46,3861958084,49,5229127,True,1525252438,52.0,51.0,21.0,20.0,72.0,107.0,120.0,68.0,13.0,67.0,93552791.0,130801103.0,250114507.0,91064780.0,89269794.0,113331514.0,92847434.0,112250781.0,5150808.0,96183976.0,EPICENTER XL
80,9,1375614,3862035677,23,2586976,True,1525256084,26.0,73.0,28.0,55.0,80.0,86.0,52.0,54.0,11.0,102.0,94155156.0,88271237.0,26771994.0,41231571.0,19672354.0,139876032.0,82327674.0,117281554.0,149486894.0,87012746.0,EPICENTER XL
81,49,2163,3862104329,32,543897,False,1525258525,96.0,82.0,30.0,83.0,43.0,64.0,51.0,23.0,91.0,12.0,84772440.0,100471531.0,89871557.0,91443418.0,113457795.0,82262664.0,34505203.0,105248644.0,101356886.0,72312627.0,EPICENTER XL
82,26,2586976,3862135578,35,1375614,True,1525259748,16.0,87.0,76.0,93.0,57.0,30.0,11.0,91.0,28.0,48.0,139876032.0,82327674.0,149486894.0,117281554.0,87012746.0,94155156.0,88271237.0,26771994.0,41231571.0,19672354.0,EPICENTER XL
83,6,543897,3862218492,38,2163,True,1525262687,87.0,51.0,106.0,91.0,80.0,97.0,16.0,54.0,64.0,49.0,82262664.0,34505203.0,105248644.0,101356886.0,72312627.0,84772440.0,100471531.0,89871557.0,91443418.0,113457795.0,EPICENTER XL
84,41,1375614,3862262314,19,2586976,False,1525264014,64.0,49.0,105.0,16.0,12.0,60.0,94.0,26.0,72.0,13.0,94155156.0,88271237.0,26771994.0,41231571.0,19672354.0,139876032.0,149486894.0,82327674.0,117281554.0,87012746.0,EPICENTER XL
85,20,67,3862347259,21,36,False,1525266913,25.0,10.0,65.0,20.0,28.0,16.0,102.0,50.0,46.0,48.0,106809101.0,114619230.0,70388657.0,35504297.0,89550641.0,84853828.0,117956848.0,116525052.0,86700461.0,94004717.0,EPICENTER XL
86,21,3,3862410871,55,15,True,1525268682,10.0,86.0,38.0,101.0,76.0,14.0,25.0,41.0,105.0,64.0,125581247.0,106863163.0,94296097.0,101695162.0,94738847.0,84429681.0,12231202.0,172424257.0,50828662.0,103735745.0,EPICENTER XL
87,8,36,3862476678,26,67,True,1525270678,86.0,55.0,20.0,25.0,48.0,7.0,94.0,43.0,87.0,16.0,84853828.0,117956848.0,116525052.0,86700461.0,94004717.0,106809101.0,114619230.0,70388657.0,35504297.0,89550641.0,EPICENTER XL
88,42,15,3862555760,25,3,False,1525273121,14.0,45.0,61.0,21.0,119.0,93.0,23.0,85.0,101.0,76.0,84429681.0,12231202.0,172424257.0,50828662.0,103735745.0,125581247.0,106863163.0,94296097.0,101695162.0,94738847.0,EPICENTER XL
89,9,1838315,3862603578,23,1883502,True,1525275083,87.0,93.0,43.0,102.0,16.0,62.0,101.0,15.0,99.0,23.0,134556694.0,132851371.0,106573901.0,92423451.0,159020918.0,87278757.0,89117038.0,97590558.0,86799300.0,116585378.0,EPICENTER XL
90,27,1883502,3862694365,23,1838315,False,1525278196,40.0,86.0,8.0,97.0,23.0,26.0,77.0,43.0,55.0,16.0,87278757.0,89117038.0,97590558.0,86799300.0,116585378.0,134556694.0,132851371.0,106573901.0,92423451.0,159020918.0,EPICENTER XL
91,18,67,3865436538,34,5229127,True,1525427010,62.0,30.0,34.0,69.0,12.0,16.0,38.0,64.0,25.0,48.0,93552791.0,91064780.0,250114507.0,130801103.0,89269794.0,84853828.0,117956848.0,116525052.0,86700461.0,94004717.0,EPICENTER XL
92,35,543897,3865542373,15,1838315,False,1525431761,3.0,95.0,28.0,102.0,106.0,120.0,88.0,72.0,26.0,43.0,87278757.0,97590558.0,89117038.0,86799300.0,116585378.0,84772440.0,100471531.0,89871557.0,91443418.0,113457795.0,EPICENTER XL
93,36,2586976,3865715133,46,2163,True,1525437600,30.0,53.0,54.0,60.0,25.0,64.0,21.0,89.0,2.0,80.0,82262664.0,34505203.0,105248644.0,101356886.0,72312627.0,94155156.0,88271237.0,26771994.0,41231571.0,19672354.0,EPICENTER XL
94,33,2163,3865875641,18,2586976,False,1525442301,64.0,49.0,28.0,55.0,12.0,53.0,102.0,95.0,60.0,47.0,94155156.0,88271237.0,26771994.0,41231571.0,19672354.0,82262664.0,34505203.0,105248644.0,101356886.0,72312627.0,EPICENTER XL
95,47,15,3866060233,37,1883502,False,1525447481,53.0,72.0,46.0,96.0,100.0,48.0,23.0,62.0,26.0,2.0,134556694.0,132851371.0,106573901.0,92423451.0,159020918.0,125581247.0,106863163.0,94296097.0,101695162.0,94738847.0,EPICENTER XL
96,30,1883502,3866190562,8,15,False,1525451922,109.0,23.0,62.0,86.0,2.0,87.0,76.0,95.0,57.0,16.0,125581247.0,106863163.0,94296097.0,101695162.0,94738847.0,134556694.0,132851371.0,106573901.0,92423451.0,159020918.0,EPICENTER XL
97,25,15,3866278803,15,1883502,False,1525455499,86.0,95.0,25.0,57.0,7.0,93.0,17.0,27.0,100.0,69.0,134556694.0,132851371.0,106573901.0,92423451.0,159020918.0,125581247.0,106863163.0,94296097.0,101695162.0,94738847.0,EPICENTER XL
98,54,5229127,3867448152,31,2586976,False,1525513737,26.0,73.0,100.0,2.0,15.0,62.0,69.0,43.0,30.0,12.0,94155156.0,88271237.0,26771994.0,41231571.0,19672354.0,93552791.0,130801103.0,250114507.0,91064780.0,89269794.0,EPICENTER XL
99,25,1883502,3867646351,26,543897,False,1525520093,29.0,52.0,95.0,26.0,25.0,111.0,48.0,47.0,69.0,100.0,84772440.0,100471531.0,89871557.0,91443418.0,113457795.0,134556694.0,132851371.0,106573901.0,92423451.0,159020918.0,EPICENTER XL
100,19,1883502,3867862633,38,5229127,True,1525526074,66.0,60.0,52.0,21.0,72.0,5.0,54.0,23.0,102.0,16.0,93552791.0,130801103.0,250114507.0,91064780.0,89269794.0,134556694.0,132851371.0,106573901.0,92423451.0,159020918.0,EPICENTER XL
101,57,5229127,3868032433,43,1883502,False,1525530320,30.0,54.0,76.0,28.0,100.0,83.0,71.0,52.0,68.0,41.0,134556694.0,132851371.0,106573901.0,92423451.0,159020918.0,93552791.0,130801103.0,250114507.0,91064780.0,89269794.0,EPICENTER XL
102,37,15,3868240894,39,2163,False,1525535765,68.0,108.0,10.0,107.0,40.0,77.0,17.0,27.0,88.0,16.0,82262664.0,34505203.0,105248644.0,101356886.0,72312627.0,125581247.0,106863163.0,94296097.0,101695162.0,94738847.0,EPICENTER XL
103,25,2163,3868388262,49,15,True,1525540154,93.0,39.0,66.0,101.0,2.0,64.0,33.0,70.0,60.0,43.0,125581247.0,106863163.0,94296097.0,101695162.0,94738847.0,82262664.0,34505203.0,105248644.0,101356886.0,72312627.0,EPICENTER XL
104,58,5229127,3869862804,29,2163,False,1525600704,68.0,51.0,1.0,16.0,43.0,62.0,69.0,17.0,86.0,72.0,82262664.0,34505203.0,105248644.0,101356886.0,72312627.0,93552791.0,130801103.0,250114507.0,91064780.0,89269794.0,EPICENTER XL
105,50,2163,3870010503,46,5229127,False,1525604949,100.0,69.0,46.0,30.0,43.0,20.0,2.0,93.0,101.0,92.0,93552791.0,130801103.0,250114507.0,91064780.0,89269794.0,82262664.0,34505203.0,105248644.0,101356886.0,72312627.0,EPICENTER XL
106,27,5229127,3870156798,34,2163,True,1525608964,64.0,38.0,109.0,88.0,47.0,52.0,69.0,11.0,51.0,20.0,82262664.0,34505203.0,105248644.0,101356886.0,72312627.0,93552791.0,130801103.0,250114507.0,91064780.0,89269794.0,EPICENTER XL
107,39,2163,3870453145,42,15,True,1525615956,10.0,106.0,30.0,45.0,2.0,26.0,51.0,72.0,101.0,43.0,125581247.0,106863163.0,94296097.0,101695162.0,94738847.0,82262664.0,34505203.0,105248644.0,101356886.0,72312627.0,EPICENTER XL
108,37,15,3870602242,37,2163,True,1525619948,87.0,3.0,74.0,16.0,6.0,10.0,21.0,26.0,101.0,60.0,82262664.0,34505203.0,105248644.0,101356886.0,72312627.0,125581247.0,106863163.0,94296097.0,101695162.0,94738847.0,EPICENTER XL
109,33,15,3870720136,33,2163,False,1525623599,71.0,69.0,74.0,101.0,54.0,12.0,43.0,52.0,51.0,38.0,82262664.0,34505203.0,105248644.0,101356886.0,72312627.0,125581247.0,106863163.0,94296097.0,101695162.0,94738847.0,EPICENTER XL
110,29,2163,3870838763,42,15,True,1525627763,93.0,43.0,27.0,100.0,69.0,30.0,2.0,23.0,52.0,72.0,125581247.0,106863163.0,94296097.0,101695162.0,94738847.0,82262664.0,34505203.0,105248644.0,101356886.0,72312627.0,EPICENTER XL
