,match_id,start_time,radiant_team_id,radiant_score,dire_team_id,dire_score,radiant_win,radiant_H1,radiant_H2,radiant_H3,radiant_H4,radiant_H5,dire_H1,dire_H2,dire_H3,dire_H4,dire_H5,radiant_P1,radiant_P2,radiant_P3,radiant_P4,radiant_P5,dire_P1,dire_P2,dire_P3,dire_P4,dire_P5,league_name
0,3731013884,1518454854,2586976.0,25,2786652,14,True,86.0,46.0,103.0,13.0,63.0,26.0,54.0,11.0,100.0,60.0,94155156.0,86725175.0,26771994.0,41231571.0,19672354.0,60943014.0,56939869.0,141690233.0,87423323.0,20321748.0,EPICENTER XL
1,3731020690,1518455167,5197722.0,29,2006913,20,True,78.0,63.0,43.0,16.0,3.0,30.0,9.0,58.0,69.0,6.0,86785083.0,175463659.0,81852496.0,182993582.0,93473848.0,91460772.0,113372833.0,234699894.0,111030315.0,116881520.0,Dota 2 Asia Championships 2018
2,3731036301,1518455832,5006832.0,31,5097652,25,True,30.0,39.0,10.0,62.0,65.0,16.0,89.0,15.0,3.0,54.0,23589642.0,96803083.0,176139572.0,118078153.0,311236557.0,69602973.0,120613892.0,42274654.0,6199147.0,133558180.0,EPICENTER XL
3,3731051117,1518456526,67.0,35,3705786,26,True,107.0,72.0,33.0,87.0,49.0,8.0,16.0,30.0,13.0,108.0,84853828.0,97072681.0,117956848.0,116525052.0,94004717.0,194521913.0,101779337.0,100507647.0,59463394.0,292276988.0,EPICENTER XL
4,3731057144,1518456782,36.0,47,2621843,27,True,91.0,41.0,19.0,68.0,15.0,87.0,54.0,43.0,107.0,53.0,106809101.0,114619230.0,70388657.0,35504297.0,89550641.0,94049589.0,26316691.0,237238721.0,109512357.0,52309044.0,Dota 2 Asia Championships 2018
5,3731110624,1518459249,5059375.0,11,3704482,22,False,30.0,19.0,77.0,76.0,107.0,68.0,54.0,29.0,17.0,100.0,18180970.0,40209325.0,169359249.0,100317750.0,117015167.0,87197791.0,100058342.0,24009418.0,86700461.0,98167706.0,GESC: Indonesia
6,3731117923,1518459639,5006832.0,25,5097652,49,False,30.0,45.0,19.0,18.0,16.0,65.0,103.0,15.0,86.0,104.0,23589642.0,96803083.0,311236557.0,176139572.0,118078153.0,69602973.0,120613892.0,42274654.0,6199147.0,133558180.0,EPICENTER XL
7,3731146890,1518461118,2621843.0,37,36,20,True,87.0,54.0,104.0,49.0,100.0,3.0,12.0,13.0,84.0,19.0,94049589.0,26316691.0,52309044.0,237238721.0,109512357.0,106809101.0,114619230.0,70388657.0,35504297.0,89550641.0,Dota 2 Asia Championships 2018
8,3731166555,1518462044,5065748.0,40,67,30,True,15.0,62.0,43.0,3.0,18.0,76.0,16.0,53.0,27.0,72.0,28070572.0,157989498.0,97975407.0,99796146.0,196417470.0,94004717.0,84853828.0,117956848.0,116525052.0,97072681.0,EPICENTER XL
9,3731167554,1518462101,39.0,16,5196328,14,True,34.0,38.0,43.0,103.0,64.0,87.0,9.0,29.0,89.0,11.0,86745912.0,111620041.0,87177591.0,30237211.0,25907144.0,187824320.0,177648913.0,38628747.0,40547474.0,238239590.0,EPICENTER XL
10,3731168784,1518462189,5026801.0,22,5220225,6,True,43.0,96.0,109.0,62.0,30.0,107.0,64.0,38.0,18.0,49.0,221666230.0,73562326.0,87285329.0,86698277.0,86727555.0,86726887.0,47434686.0,10366616.0,108452107.0,97658618.0,EPICENTER XL
11,3731176900,1518462595,3704482.0,18,5059375,40,False,68.0,54.0,108.0,17.0,16.0,27.0,33.0,72.0,19.0,100.0,87197791.0,100058342.0,24009418.0,86700461.0,98167706.0,18180970.0,40209325.0,169359249.0,100317750.0,117015167.0,GESC: Indonesia
12,3731179895,1518462749,5235178.0,7,3705786,34,False,3.0,1.0,97.0,100.0,58.0,109.0,90.0,30.0,39.0,19.0,86752943.0,53722536.0,124813229.0,346133051.0,125845797.0,194521913.0,101779337.0,100507647.0,59463394.0,292276988.0,EPICENTER XL
13,3731217253,1518464857,5026801.0,24,5220225,33,True,45.0,16.0,12.0,89.0,68.0,86.0,100.0,104.0,34.0,15.0,221666230.0,73562326.0,87285329.0,86698277.0,86727555.0,86726887.0,47434686.0,10366616.0,108452107.0,97658618.0,EPICENTER XL
14,3731218834,1518464984,2786652.0,16,5097652,33,False,87.0,80.0,76.0,16.0,57.0,104.0,89.0,45.0,86.0,114.0,60943014.0,122049498.0,141690233.0,87423323.0,20321748.0,69602973.0,120613892.0,42274654.0,6199147.0,133558180.0,EPICENTER XL
15,3731232594,1518465652,3705786.0,33,5235178,12,True,77.0,107.0,13.0,72.0,30.0,60.0,66.0,49.0,39.0,102.0,194521913.0,101779337.0,292276988.0,59463394.0,100507647.0,86752943.0,346133051.0,124813229.0,53722536.0,125845797.0,EPICENTER XL
16,3731233058,1518465799,5196328.0,18,39,21,False,87.0,72.0,108.0,103.0,46.0,94.0,38.0,56.0,101.0,91.0,187824320.0,177648913.0,38628747.0,40547474.0,238239590.0,86745912.0,111620041.0,87177591.0,30237211.0,25907144.0,EPICENTER XL
17,3731235940,1518465841,5065748.0,36,67,30,False,11.0,90.0,78.0,3.0,49.0,107.0,13.0,27.0,15.0,8.0,28070572.0,157989498.0,97975407.0,99796146.0,196417470.0,84853828.0,97072681.0,116525052.0,117956848.0,94004717.0,EPICENTER XL
18,3731239363,1518466072,5197722.0,27,36,22,True,78.0,8.0,11.0,100.0,27.0,68.0,72.0,34.0,16.0,60.0,86785083.0,175463659.0,81852496.0,182993582.0,93473848.0,106809101.0,114619230.0,70388657.0,35504297.0,89550641.0,Dota 2 Asia Championships 2018
19,3731242786,1518466237,5059375.0,29,3704482,7,True,30.0,29.0,81.0,72.0,103.0,87.0,77.0,38.0,74.0,100.0,18180970.0,40209325.0,169359249.0,100317750.0,117015167.0,87197791.0,100058342.0,24009418.0,86700461.0,98167706.0,GESC: Indonesia
20,3731281689,1518468685,2786652.0,38,5097652,47,True,50.0,109.0,39.0,103.0,19.0,65.0,100.0,76.0,30.0,104.0,60943014.0,122049498.0,141690233.0,87423323.0,20321748.0,69602973.0,120613892.0,42274654.0,6199147.0,133558180.0,EPICENTER XL
21,3731289049,1518469111,3704482.0,21,5059375,42,False,52.0,15.0,40.0,13.0,30.0,68.0,29.0,72.0,19.0,51.0,87197791.0,100058342.0,24009418.0,86700461.0,98167706.0,18180970.0,40209325.0,169359249.0,100317750.0,117015167.0,GESC: Indonesia
22,3731295105,1518469524,67.0,44,5065748,22,True,89.0,69.0,3.0,72.0,109.0,43.0,51.0,58.0,87.0,12.0,84853828.0,117956848.0,116525052.0,97072681.0,94004717.0,28070572.0,157989498.0,97975407.0,99796146.0,196417470.0,EPICENTER XL
23,3731304761,1518470212,5197722.0,17,36,10,True,3.0,109.0,43.0,16.0,30.0,91.0,18.0,11.0,84.0,57.0,86785083.0,175463659.0,81852496.0,182993582.0,93473848.0,106809101.0,114619230.0,70388657.0,35504297.0,89550641.0,Dota 2 Asia Championships 2018
24,3731338977,1518472787,5026801.0,18,39,30,False,45.0,78.0,81.0,16.0,50.0,94.0,38.0,77.0,86.0,91.0,221666230.0,73562326.0,87285329.0,86698277.0,86727555.0,86745912.0,111620041.0,87177591.0,30237211.0,25907144.0,EPICENTER XL
25,3731341055,1518472927,5220225.0,26,5196328,15,True,91.0,103.0,38.0,41.0,43.0,30.0,109.0,33.0,62.0,39.0,86726887.0,47434686.0,10366616.0,108452107.0,97658618.0,187824320.0,177648913.0,38628747.0,40547474.0,238239590.0,EPICENTER XL
26,3731351021,1518473671,2786652.0,43,5097652,33,True,13.0,12.0,68.0,16.0,19.0,104.0,100.0,39.0,30.0,18.0,141690233.0,122049498.0,60943014.0,87423323.0,20321748.0,69602973.0,120613892.0,42274654.0,6199147.0,133558180.0,EPICENTER XL
27,3731351761,1518473731,5065748.0,28,3705786,42,False,9.0,29.0,103.0,87.0,8.0,39.0,19.0,90.0,53.0,30.0,28070572.0,97975407.0,157989498.0,99796146.0,196417470.0,59463394.0,194521913.0,101779337.0,292276988.0,100507647.0,EPICENTER XL
28,3731376121,1518475987,39.0,28,5026801,7,True,72.0,33.0,92.0,3.0,91.0,76.0,13.0,95.0,89.0,64.0,86745912.0,111620041.0,87177591.0,30237211.0,25907144.0,221666230.0,73562326.0,87285329.0,86698277.0,86727555.0,EPICENTER XL
29,3731377991,1518475973,5196328.0,44,5220225,35,True,91.0,54.0,78.0,86.0,76.0,16.0,87.0,65.0,12.0,92.0,187824320.0,177648913.0,38628747.0,40547474.0,238239590.0,86726887.0,47434686.0,10366616.0,108452107.0,97658618.0,EPICENTER XL
30,3731403031,1518478239,3705786.0,29,5065748,41,False,33.0,89.0,94.0,39.0,3.0,13.0,60.0,49.0,86.0,15.0,292276988.0,101779337.0,59463394.0,194521913.0,100507647.0,28070572.0,157989498.0,97975407.0,99796146.0,196417470.0,EPICENTER XL
31,3731425502,1518480401,5196328.0,30,5228654,36,False,30.0,77.0,13.0,100.0,35.0,86.0,103.0,16.0,11.0,15.0,187824320.0,177648913.0,38628747.0,40547474.0,238239590.0,86726887.0,47434686.0,10366616.0,108452107.0,97658618.0,EPICENTER XL
32,3731451651,1518482549,3705786.0,37,5065748,13,True,72.0,7.0,77.0,3.0,60.0,39.0,90.0,16.0,30.0,48.0,194521913.0,101779337.0,59463394.0,100507647.0,292276988.0,28070572.0,157989498.0,97975407.0,99796146.0,196417470.0,EPICENTER XL
33,3731491920,1518485926,5220225.0,35,5026801,6,True,16.0,87.0,60.0,35.0,43.0,45.0,38.0,109.0,89.0,58.0,86726887.0,47434686.0,10366616.0,108452107.0,97658618.0,221666230.0,73562326.0,87285329.0,86698277.0,86727555.0,EPICENTER XL
34,3731538324,1518489183,5026801.0,47,5220225,33,True,11.0,88.0,54.0,103.0,3.0,51.0,90.0,16.0,18.0,43.0,221666230.0,73562326.0,87285329.0,86698277.0,86727555.0,86726887.0,47434686.0,10366616.0,108452107.0,97658618.0,EPICENTER XL
35,3731603683,1518493549,5220225.0,29,5026801,35,False,91.0,3.0,38.0,11.0,77.0,13.0,53.0,109.0,16.0,37.0,86726887.0,47434686.0,10366616.0,108452107.0,97658618.0,221666230.0,73562326.0,87285329.0,86698277.0,86727555.0,EPICENTER XL
36,3731845800,1518507010,2581813.0,37,2108395,16,True,19.0,49.0,76.0,30.0,16.0,86.0,91.0,46.0,54.0,38.0,91654584.0,180012313.0,94281932.0,103045129.0,211884113.0,184950344.0,155494381.0,164532005.0,132309493.0,187619311.0,DreamLeague season 8
37,3731917725,1518510314,2108395.0,26,2581813,7,True,87.0,16.0,49.0,48.0,29.0,86.0,109.0,34.0,64.0,51.0,184950344.0,155494381.0,164532005.0,132309493.0,187619311.0,91654584.0,180012313.0,94281932.0,103045129.0,211884113.0,DreamLeague season 8
38,3732003237,1518514208,2108395.0,34,2581813,34,True,3.0,16.0,11.0,98.0,55.0,51.0,114.0,72.0,30.0,108.0,184950344.0,155494381.0,164532005.0,132309493.0,187619311.0,91654584.0,180012313.0,94281932.0,103045129.0,211884113.0,DreamLeague season 8
39,3732103476,1518519006,3586078.0,16,350190,34,False,34.0,19.0,37.0,107.0,72.0,20.0,74.0,16.0,30.0,78.0,113435203.0,138857296.0,101259972.0,153749549.0,163392533.0,43276219.0,154715080.0,102099826.0,6922000.0,87276347.0,DreamLeague season 8
40,3732198939,1518523223,3586078.0,17,350190,35,False,17.0,60.0,86.0,98.0,19.0,109.0,76.0,51.0,30.0,78.0,113435203.0,153749549.0,101259972.0,163392533.0,138857296.0,43276219.0,154715080.0,102099826.0,6922000.0,87276347.0,DreamLeague season 8
41,3732289956,1518526982,5059375.0,24,111474,25,True,27.0,57.0,19.0,76.0,23.0,30.0,72.0,75.0,41.0,81.0,18180970.0,40209325.0,169359249.0,100317750.0,117015167.0,54580962.0,101495620.0,152962063.0,77490514.0,401792574.0,EPICENTER XL
42,3732293676,1518526982,5039050.0,33,3704482,19,True,64.0,103.0,109.0,53.0,16.0,30.0,15.0,78.0,17.0,51.0,57516313.0,26356855.0,121769650.0,62533910.0,92367063.0,87197791.0,100058342.0,24009418.0,86700461.0,98167706.0,EPICENTER XL
43,3732359324,1518529314,2108395.0,30,350190,22,True,30.0,69.0,43.0,109.0,29.0,72.0,74.0,66.0,26.0,2.0,184950344.0,155494381.0,164532005.0,132309493.0,187619311.0,43276219.0,154715080.0,102099826.0,6922000.0,87276347.0,DreamLeague season 8
44,3732417346,1518531446,111474.0,38,5059375,30,True,68.0,44.0,13.0,7.0,19.0,50.0,40.0,72.0,41.0,100.0,54580962.0,101495620.0,152962063.0,77490514.0,401792574.0,18180970.0,40209325.0,169359249.0,100317750.0,117015167.0,EPICENTER XL
45,3732431608,1518531988,5039050.0,29,3704482,9,True,64.0,103.0,20.0,80.0,16.0,30.0,72.0,102.0,47.0,7.0,57516313.0,26356855.0,121769650.0,62533910.0,92367063.0,87197791.0,100058342.0,24009418.0,86700461.0,98167706.0,EPICENTER XL
46,3732482415,1518533801,2108395.0,20,350190,29,False,68.0,107.0,39.0,81.0,57.0,15.0,19.0,86.0,103.0,33.0,184950344.0,155494381.0,164532005.0,132309493.0,187619311.0,43276219.0,154715080.0,102099826.0,6922000.0,87276347.0,DreamLeague season 8
47,3732536334,1518535922,5059375.0,27,111474,16,True,50.0,33.0,72.0,44.0,89.0,87.0,42.0,76.0,19.0,103.0,18180970.0,40209325.0,169359249.0,100317750.0,117015167.0,54580962.0,101495620.0,152962063.0,77490514.0,401792574.0,EPICENTER XL
48,3732580015,1518537564,350190.0,32,2108395,17,True,92.0,12.0,16.0,27.0,65.0,87.0,60.0,34.0,8.0,78.0,43276219.0,154715080.0,102099826.0,6922000.0,87276347.0,184950344.0,155494381.0,164532005.0,132309493.0,187619311.0,DreamLeague season 8
49,3732580100,1518537592,5197722.0,32,2621843,11,True,16.0,95.0,39.0,50.0,3.0,87.0,109.0,104.0,100.0,13.0,86785083.0,175463659.0,81852496.0,182993582.0,93473848.0,94049589.0,26316691.0,52309044.0,109512357.0,237238721.0,Dota 2 Asia Championships 2018
50,3732581038,1518537606,4324365.0,34,3715574,20,True,30.0,11.0,18.0,60.0,51.0,66.0,12.0,100.0,13.0,38.0,100704400.0,116514161.0,110605738.0,192651991.0,86919603.0,85008179.0,86822085.0,105045291.0,85937380.0,87063175.0,EPICENTER XL
51,3732583031,1518537786,2527544.0,34,3477208,6,True,109.0,43.0,100.0,102.0,3.0,19.0,22.0,27.0,91.0,65.0,65674469.0,88153289.0,234237646.0,71266407.0,86131091.0,131706718.0,101062921.0,124438626.0,188024905.0,242697694.0,EPICENTER XL
52,3732649375,1518540379,3704482.0,31,111474,12,True,87.0,81.0,89.0,47.0,51.0,75.0,18.0,13.0,65.0,103.0,87197791.0,100058342.0,24009418.0,86700461.0,98167706.0,54580962.0,101495620.0,152962063.0,77490514.0,401792574.0,EPICENTER XL
53,3732652594,1518540532,5039050.0,16,5059375,30,False,64.0,100.0,72.0,53.0,57.0,30.0,13.0,12.0,15.0,103.0,57516313.0,26356855.0,121769650.0,62533910.0,92367063.0,18180970.0,40209325.0,169359249.0,100317750.0,117015167.0,EPICENTER XL
54,3732656683,1518540712,3477208.0,47,2527544,42,True,76.0,8.0,30.0,16.0,65.0,35.0,77.0,100.0,38.0,90.0,131706718.0,101062921.0,124438626.0,188024905.0,242697694.0,65674469.0,88153289.0,234237646.0,71266407.0,86131091.0,EPICENTER XL
55,3732656934,1518540682,2621843.0,27,5197722,31,False,3.0,77.0,55.0,16.0,49.0,45.0,109.0,19.0,103.0,86.0,94049589.0,26316691.0,52309044.0,109512357.0,237238721.0,86785083.0,175463659.0,81852496.0,182993582.0,93473848.0,Dota 2 Asia Championships 2018
56,3732682368,1518541746,3715574.0,36,4324365,11,True,3.0,49.0,23.0,15.0,41.0,27.0,76.0,16.0,8.0,103.0,85008179.0,85937380.0,105045291.0,86822085.0,87063175.0,100704400.0,116514161.0,192651991.0,110605738.0,86919603.0,EPICENTER XL
57,3732722669,1518543559,111474.0,20,3704482,36,False,90.0,99.0,35.0,41.0,19.0,3.0,109.0,29.0,76.0,100.0,54580962.0,101495620.0,152962063.0,77490514.0,401792574.0,87197791.0,100058342.0,24009418.0,86700461.0,98167706.0,EPICENTER XL
58,3732733388,1518544026,5039050.0,27,5059375,29,True,84.0,103.0,11.0,80.0,19.0,87.0,29.0,54.0,15.0,100.0,57516313.0,26356855.0,121769650.0,62533910.0,92367063.0,18180970.0,40209325.0,169359249.0,100317750.0,117015167.0,EPICENTER XL
59,3732746829,1518545009,2527544.0,43,3477208,28,True,63.0,34.0,102.0,51.0,87.0,11.0,93.0,27.0,16.0,38.0,88153289.0,65674469.0,71266407.0,234237646.0,86131091.0,131706718.0,101062921.0,124438626.0,188024905.0,242697694.0,EPICENTER XL
60,3732764995,1518545458,3715574.0,22,4324365,9,True,3.0,80.0,43.0,103.0,65.0,20.0,74.0,93.0,57.0,86.0,85008179.0,86822085.0,85937380.0,105045291.0,87063175.0,100704400.0,116514161.0,110605738.0,192651991.0,86919603.0,EPICENTER XL
61,3732823916,1518548531,5039050.0,15,5059375,37,False,84.0,103.0,11.0,15.0,19.0,68.0,49.0,72.0,39.0,100.0,57516313.0,26356855.0,121769650.0,62533910.0,92367063.0,18180970.0,40209325.0,169359249.0,100317750.0,117015167.0,EPICENTER XL
62,3732824588,1518548628,5208384.0,8,3,25,False,30.0,44.0,15.0,16.0,57.0,86.0,11.0,114.0,58.0,38.0,86974263.0,38057824.0,236858633.0,86715129.0,86743641.0,49317728.0,12231202.0,172424257.0,50828662.0,84429681.0,EPICENTER XL
63,3732825745,1518548437,5051649.0,31,2103577,15,True,51.0,13.0,108.0,109.0,87.0,26.0,49.0,103.0,77.0,11.0,112377459.0,115141430.0,110539311.0,101450083.0,145550466.0,112669497.0,97353735.0,86975889.0,113055105.0,122670743.0,EPICENTER XL
64,3732843215,1518549293,3715574.0,29,2527544,7,True,72.0,30.0,60.0,76.0,57.0,19.0,87.0,107.0,48.0,49.0,86822085.0,85008179.0,105045291.0,85937380.0,87063175.0,88153289.0,86131091.0,234237646.0,65674469.0,71266407.0,EPICENTER XL
65,3732844064,1518549335,3477208.0,27,4324365,46,False,46.0,15.0,87.0,107.0,49.0,30.0,11.0,72.0,13.0,51.0,131706718.0,101062921.0,124438626.0,188024905.0,242697694.0,100704400.0,116514161.0,110605738.0,192651991.0,86919603.0,EPICENTER XL
66,3732881151,1518551491,3.0,29,5208384,13,True,87.0,49.0,41.0,89.0,38.0,91.0,72.0,19.0,100.0,98.0,49317728.0,12231202.0,172424257.0,50828662.0,84429681.0,86974263.0,38057824.0,236858633.0,86715129.0,86743641.0,EPICENTER XL
67,3732896575,1518552231,5051649.0,43,2103577,33,True,86.0,39.0,19.0,63.0,62.0,78.0,51.0,87.0,15.0,34.0,112377459.0,115141430.0,110539311.0,101450083.0,145550466.0,97353735.0,150197164.0,112669497.0,113055105.0,122670743.0,EPICENTER XL
68,3732900390,1518552411,2527544.0,36,3715574,16,True,43.0,3.0,23.0,78.0,54.0,37.0,12.0,51.0,39.0,19.0,88153289.0,86131091.0,234237646.0,71266407.0,65674469.0,85008179.0,86822085.0,105045291.0,85937380.0,87063175.0,EPICENTER XL
69,3732903940,1518552753,5039050.0,33,3704482,38,True,79.0,86.0,19.0,61.0,78.0,87.0,44.0,57.0,76.0,100.0,57516313.0,26356855.0,121769650.0,62533910.0,92367063.0,87197791.0,100058342.0,24009418.0,86700461.0,98167706.0,EPICENTER XL
70,3732919489,1518553538,4324365.0,34,3477208,20,True,75.0,43.0,12.0,19.0,62.0,109.0,20.0,87.0,89.0,69.0,100704400.0,116514161.0,110605738.0,192651991.0,86919603.0,131706718.0,101062921.0,124438626.0,188024905.0,242697694.0,EPICENTER XL
71,3732967137,1518556644,2527544.0,5,3715574,23,False,35.0,15.0,102.0,87.0,100.0,112.0,39.0,62.0,76.0,16.0,65674469.0,88153289.0,71266407.0,86131091.0,234237646.0,85008179.0,85937380.0,105045291.0,86822085.0,87063175.0,EPICENTER XL
72,3732984976,1518558014,3704482.0,8,5039050,26,False,30.0,77.0,49.0,34.0,7.0,68.0,86.0,19.0,80.0,16.0,87197791.0,100058342.0,24009418.0,86700461.0,98167706.0,57516313.0,26356855.0,121769650.0,62533910.0,92367063.0,EPICENTER XL
73,3732998631,1518559157,5051649.0,36,3,26,False,100.0,35.0,29.0,72.0,87.0,64.0,43.0,114.0,90.0,38.0,112377459.0,115141430.0,110539311.0,101450083.0,145550466.0,49317728.0,12231202.0,172424257.0,50828662.0,84429681.0,EPICENTER XL
74,3733000957,1518559209,5208384.0,27,2103577,9,True,87.0,95.0,57.0,107.0,43.0,54.0,78.0,86.0,16.0,19.0,86974263.0,38057824.0,86715129.0,236858633.0,86743641.0,113055105.0,97353735.0,112669497.0,150197164.0,122670743.0,EPICENTER XL
75,3733007049,1518559703,2527544.0,36,4324365,24,True,39.0,89.0,57.0,30.0,109.0,87.0,43.0,41.0,53.0,69.0,88153289.0,234237646.0,71266407.0,86131091.0,65674469.0,100704400.0,116514161.0,110605738.0,192651991.0,86919603.0,EPICENTER XL
76,3733029761,1518561662,5208384.0,30,2103577,20,True,87.0,54.0,108.0,16.0,13.0,72.0,64.0,104.0,89.0,47.0,86974263.0,38057824.0,86715129.0,236858633.0,86743641.0,113055105.0,112669497.0,97353735.0,150197164.0,122670743.0,EPICENTER XL
77,3733049775,1518563433,4324365.0,39,2527544,13,True,86.0,11.0,18.0,65.0,51.0,76.0,100.0,3.0,38.0,8.0,100704400.0,116514161.0,110605738.0,192651991.0,86919603.0,88153289.0,234237646.0,86131091.0,71266407.0,65674469.0,EPICENTER XL
78,3733050365,1518563715,3.0,41,5051649,38,False,87.0,43.0,72.0,107.0,53.0,88.0,38.0,19.0,109.0,68.0,49317728.0,12231202.0,172424257.0,50828662.0,84429681.0,112377459.0,115141430.0,110539311.0,101450083.0,145550466.0,EPICENTER XL
79,3733083930,1518566802,2527544.0,36,4324365,38,True,63.0,43.0,102.0,89.0,27.0,87.0,35.0,1.0,39.0,62.0,65674469.0,88153289.0,71266407.0,234237646.0,86131091.0,100704400.0,116514161.0,110605738.0,192651991.0,86919603.0,EPICENTER XL
80,3733098824,1518568532,5051649.0,8,3,27,False,100.0,109.0,13.0,54.0,87.0,52.0,35.0,95.0,16.0,108.0,112377459.0,115141430.0,110539311.0,101450083.0,145550466.0,49317728.0,12231202.0,172424257.0,50828662.0,84429681.0,EPICENTER XL
81,3733140495,1518572012,5208384.0,29,5051649,7,True,30.0,72.0,57.0,89.0,47.0,86.0,13.0,38.0,19.0,85.0,86974263.0,38057824.0,86715129.0,236858633.0,86743641.0,112377459.0,115141430.0,110539311.0,101450083.0,145550466.0,EPICENTER XL
82,3733184849,1518575601,5051649.0,32,5208384,31,True,100.0,13.0,108.0,95.0,27.0,87.0,77.0,47.0,65.0,103.0,112377459.0,115141430.0,110539311.0,101450083.0,145550466.0,86974263.0,38057824.0,86743641.0,86715129.0,236858633.0,EPICENTER XL
83,3733236237,1518579564,5051649.0,28,5208384,22,True,51.0,94.0,38.0,45.0,87.0,90.0,48.0,100.0,58.0,43.0,112377459.0,115141430.0,110539311.0,101450083.0,145550466.0,86974263.0,38057824.0,236858633.0,86715129.0,86743641.0,EPICENTER XL
84,3733465363,1518593415,3586078.0,21,2581813,46,False,39.0,108.0,64.0,103.0,15.0,100.0,72.0,49.0,30.0,55.0,113435203.0,138857296.0,101259972.0,153749549.0,163392533.0,91654584.0,180012313.0,94281932.0,103045129.0,211884113.0,DreamLeague season 8
85,3733553724,1518597921,2581813.0,17,3586078,37,False,19.0,49.0,75.0,34.0,16.0,72.0,13.0,87.0,89.0,8.0,91654584.0,180012313.0,103045129.0,94281932.0,211884113.0,113435203.0,138857296.0,101259972.0,153749549.0,163392533.0,DreamLeague season 8
86,3733630388,1518601842,2581813.0,33,3586078,29,True,57.0,15.0,3.0,49.0,107.0,39.0,1.0,112.0,51.0,34.0,91654584.0,180012313.0,103045129.0,94281932.0,211884113.0,138857296.0,163392533.0,101259972.0,153749549.0,113435203.0,DreamLeague season 8
87,3733732454,1518606959,2581813.0,33,2108395,21,True,103.0,34.0,41.0,88.0,30.0,3.0,100.0,43.0,109.0,16.0,91654584.0,94281932.0,180012313.0,211884113.0,103045129.0,184950344.0,155494381.0,164532005.0,132309493.0,187619311.0,DreamLeague season 8
88,3733833447,1518611414,2581813.0,31,2108395,32,True,19.0,72.0,30.0,94.0,13.0,86.0,16.0,76.0,43.0,65.0,91654584.0,180012313.0,103045129.0,94281932.0,211884113.0,184950344.0,155494381.0,164532005.0,132309493.0,187619311.0,DreamLeague season 8
89,3733884597,1518613498,5039050.0,25,2586976,29,False,84.0,103.0,12.0,60.0,16.0,30.0,72.0,90.0,13.0,19.0,57516313.0,26356855.0,121769650.0,62533910.0,92367063.0,94155156.0,86725175.0,26771994.0,41231571.0,19672354.0,EPICENTER XL
90,3734000042,1518618016,2586976.0,32,5039050,15,True,30.0,93.0,107.0,78.0,34.0,79.0,86.0,109.0,43.0,29.0,94155156.0,86725175.0,26771994.0,41231571.0,19672354.0,57516313.0,26356855.0,121769650.0,62533910.0,92367063.0,EPICENTER XL
91,3734004763,1518618112,2581813.0,16,350190,28,False,100.0,109.0,86.0,13.0,57.0,15.0,76.0,91.0,3.0,38.0,91654584.0,180012313.0,103045129.0,94281932.0,211884113.0,43276219.0,154715080.0,102099826.0,6922000.0,87276347.0,DreamLeague season 8
92,3734103965,1518621984,2581813.0,13,350190,23,False,89.0,20.0,87.0,76.0,78.0,52.0,35.0,90.0,16.0,96.0,91654584.0,180012313.0,103045129.0,94281932.0,211884113.0,43276219.0,154715080.0,102099826.0,6922000.0,87276347.0,DreamLeague season 8
93,3734153775,1518624022,2527544.0,15,67,28,False,63.0,76.0,89.0,57.0,30.0,11.0,107.0,86.0,19.0,15.0,65674469.0,88153289.0,234237646.0,71266407.0,86131091.0,94004717.0,84853828.0,116525052.0,117956848.0,97072681.0,EPICENTER XL
94,3734154416,1518624122,2786652.0,38,5059375,21,True,47.0,41.0,68.0,16.0,33.0,30.0,13.0,109.0,76.0,103.0,141690233.0,122049498.0,60943014.0,87423323.0,20321748.0,18180970.0,40209325.0,169359249.0,100317750.0,117015167.0,EPICENTER XL
95,3734241054,1518627761,67.0,18,2527544,7,True,49.0,72.0,87.0,89.0,57.0,8.0,39.0,60.0,78.0,3.0,94004717.0,97072681.0,116525052.0,84853828.0,117956848.0,65674469.0,88153289.0,234237646.0,71266407.0,86131091.0,EPICENTER XL
96,3734251213,1518628254,2786652.0,8,5059375,28,False,30.0,81.0,47.0,51.0,19.0,50.0,41.0,72.0,43.0,107.0,60943014.0,122049498.0,141690233.0,87423323.0,20321748.0,18180970.0,40209325.0,169359249.0,100317750.0,117015167.0,EPICENTER XL
97,3734313871,1518631183,2786652.0,23,5059375,43,False,68.0,12.0,39.0,16.0,19.0,50.0,96.0,63.0,52.0,100.0,60943014.0,122049498.0,141690233.0,87423323.0,20321748.0,18180970.0,40209325.0,169359249.0,100317750.0,117015167.0,EPICENTER XL
98,3734385216,1518634691,3715574.0,30,3705786,19,True,8.0,30.0,51.0,43.0,88.0,77.0,90.0,46.0,19.0,87.0,86822085.0,85008179.0,105045291.0,85937380.0,87063175.0,194521913.0,101779337.0,59463394.0,292276988.0,100507647.0,EPICENTER XL
99,3734391289,1518635050,5051649.0,10,39,18,False,86.0,43.0,108.0,77.0,85.0,30.0,57.0,92.0,18.0,91.0,112377459.0,115141430.0,110539311.0,101450083.0,145550466.0,87382579.0,111620041.0,87177591.0,86745912.0,25907144.0,EPICENTER XL
100,3734416293,1518636497,5039050.0,14,2786652,32,False,64.0,86.0,109.0,80.0,102.0,3.0,77.0,34.0,60.0,65.0,57516313.0,26356855.0,121769650.0,62533910.0,92367063.0,60943014.0,122049498.0,141690233.0,87423323.0,20321748.0,EPICENTER XL
101,3734448170,1518638441,3715574.0,28,3705786,25,True,111.0,42.0,43.0,100.0,53.0,72.0,7.0,39.0,30.0,19.0,85008179.0,86822085.0,85937380.0,105045291.0,87063175.0,194521913.0,101779337.0,59463394.0,100507647.0,292276988.0,EPICENTER XL
102,3734452171,1518638720,39.0,32,5051649,43,False,100.0,45.0,77.0,35.0,86.0,62.0,92.0,16.0,109.0,112.0,87382579.0,111620041.0,87177591.0,86745912.0,25907144.0,112377459.0,115141430.0,110539311.0,101450083.0,145550466.0,EPICENTER XL
103,3734483281,1518640957,2786652.0,17,5039050,26,False,87.0,72.0,47.0,62.0,7.0,3.0,86.0,20.0,61.0,102.0,60943014.0,122049498.0,141690233.0,87423323.0,20321748.0,57516313.0,26356855.0,121769650.0,62533910.0,92367063.0,EPICENTER XL
104,3734512925,1518643223,39.0,23,5051649,19,True,62.0,69.0,77.0,48.0,86.0,100.0,76.0,57.0,41.0,112.0,87382579.0,111620041.0,87177591.0,86745912.0,25907144.0,112377459.0,115141430.0,110539311.0,101450083.0,145550466.0,EPICENTER XL
105,3734519213,1518643787,5039050.0,28,2786652,35,False,30.0,103.0,41.0,15.0,16.0,3.0,77.0,74.0,62.0,38.0,57516313.0,26356855.0,121769650.0,62533910.0,92367063.0,60943014.0,122049498.0,141690233.0,87423323.0,20321748.0,EPICENTER XL
106,3734555704,1518646795,3.0,21,5026801,8,True,26.0,15.0,114.0,91.0,38.0,76.0,57.0,63.0,107.0,3.0,49317728.0,12231202.0,172424257.0,50828662.0,84429681.0,221666230.0,73562326.0,87285329.0,86698277.0,86727555.0,EPICENTER XL
107,3734558051,1518646953,3715574.0,39,67,32,True,54.0,87.0,86.0,92.0,15.0,68.0,19.0,66.0,16.0,39.0,86822085.0,85008179.0,105045291.0,85937380.0,87063175.0,84853828.0,97072681.0,116525052.0,117956848.0,94004717.0,EPICENTER XL
108,3734587547,1518649713,5026801.0,15,3,29,False,15.0,16.0,12.0,86.0,83.0,87.0,43.0,77.0,58.0,38.0,221666230.0,73562326.0,87285329.0,86698277.0,86727555.0,49317728.0,12231202.0,172424257.0,50828662.0,84429681.0,EPICENTER XL
109,3734603868,1518651404,3715574.0,28,67,20,True,58.0,11.0,51.0,8.0,29.0,30.0,19.0,66.0,72.0,34.0,85008179.0,85937380.0,105045291.0,86822085.0,87063175.0,84853828.0,117956848.0,116525052.0,97072681.0,94004717.0,EPICENTER XL
110,3734655305,1518656464,39.0,11,3,25,False,90.0,7.0,77.0,12.0,100.0,86.0,46.0,114.0,66.0,78.0,87382579.0,111620041.0,87177591.0,86745912.0,25907144.0,49317728.0,12231202.0,172424257.0,50828662.0,84429681.0,EPICENTER XL
111,3734692413,1518659895,3.0,26,39,9,True,100.0,35.0,15.0,58.0,49.0,103.0,29.0,45.0,72.0,86.0,49317728.0,12231202.0,172424257.0,50828662.0,84429681.0,87382579.0,111620041.0,87177591.0,86745912.0,25907144.0,EPICENTER XL
112,3735355214,1518697381,3704482.0,32,2586976,33,True,68.0,41.0,38.0,34.0,62.0,30.0,8.0,107.0,51.0,113.0,87197791.0,100058342.0,24009418.0,86700461.0,98167706.0,94155156.0,86725175.0,26771994.0,41231571.0,19672354.0,DreamLeague season 8
113,3735453513,1518701401,2586976.0,57,3704482,19,True,86.0,72.0,103.0,65.0,76.0,68.0,81.0,38.0,39.0,100.0,94155156.0,86725175.0,26771994.0,41231571.0,19672354.0,87197791.0,100058342.0,24009418.0,86700461.0,98167706.0,DreamLeague season 8
114,3735548678,1518705002,2586976.0,27,3704482,17,True,3.0,72.0,103.0,102.0,35.0,52.0,54.0,108.0,76.0,62.0,94155156.0,86725175.0,26771994.0,41231571.0,19672354.0,87197791.0,100058342.0,24009418.0,86700461.0,98167706.0,DreamLeague season 8
115,3735654637,1518708901,5039050.0,28,5154470,12,True,50.0,103.0,20.0,49.0,78.0,16.0,8.0,87.0,45.0,13.0,57516313.0,26356855.0,121769650.0,62533910.0,92367063.0,39749294.0,104744109.0,151069590.0,8712306.0,94054712.0,DreamLeague season 8
116,3735733433,1518711911,5039050.0,17,5154470,47,False,64.0,86.0,20.0,47.0,102.0,103.0,72.0,3.0,74.0,78.0,57516313.0,26356855.0,121769650.0,62533910.0,92367063.0,39749294.0,104744109.0,151069590.0,94054712.0,8712306.0,DreamLeague season 8
117,3735831348,1518715801,5039050.0,34,5154470,14,True,87.0,103.0,76.0,80.0,16.0,51.0,43.0,11.0,3.0,102.0,57516313.0,26356855.0,121769650.0,62533910.0,92367063.0,39749294.0,94054712.0,104744109.0,151069590.0,8712306.0,DreamLeague season 8
118,3735890256,1518718342,2586976.0,26,5059375,10,True,86.0,17.0,66.0,96.0,80.0,68.0,16.0,77.0,74.0,100.0,94155156.0,86725175.0,26771994.0,41231571.0,19672354.0,18180970.0,40209325.0,169359249.0,100317750.0,117015167.0,EPICENTER XL
119,3735952238,1518721269,3705786.0,27,2527544,9,True,109.0,86.0,30.0,98.0,19.0,49.0,78.0,89.0,74.0,87.0,194521913.0,101779337.0,100507647.0,59463394.0,292276988.0,65674469.0,71266407.0,234237646.0,88153289.0,86131091.0,EPICENTER XL
120,3735966321,1518721961,5059375.0,33,2586976,16,True,30.0,104.0,76.0,77.0,60.0,86.0,72.0,90.0,38.0,61.0,18180970.0,40209325.0,100317750.0,169359249.0,117015167.0,94155156.0,86725175.0,26771994.0,41231571.0,19672354.0,EPICENTER XL
121,3736006946,1518724062,3705786.0,10,2527544,27,False,18.0,51.0,49.0,57.0,3.0,13.0,87.0,62.0,53.0,109.0,194521913.0,101779337.0,59463394.0,292276988.0,100507647.0,88153289.0,86131091.0,234237646.0,71266407.0,65674469.0,EPICENTER XL
122,3736094749,1518728034,2527544.0,50,3705786,25,True,13.0,85.0,57.0,30.0,18.0,19.0,86.0,17.0,16.0,53.0,88153289.0,234237646.0,71266407.0,86131091.0,65674469.0,194521913.0,100507647.0,59463394.0,101779337.0,292276988.0,EPICENTER XL
123,3736096126,1518728089,2586976.0,34,5059375,21,True,87.0,17.0,100.0,78.0,10.0,30.0,49.0,72.0,74.0,51.0,94155156.0,86725175.0,26771994.0,41231571.0,19672354.0,18180970.0,40209325.0,169359249.0,100317750.0,117015167.0,EPICENTER XL
124,3736183515,1518732616,5026801.0,39,5051649,32,True,76.0,29.0,77.0,16.0,87.0,62.0,43.0,38.0,44.0,112.0,221666230.0,73562326.0,87285329.0,86698277.0,86727555.0,112377459.0,115141430.0,110539311.0,101450083.0,145550466.0,EPICENTER XL
125,3736185979,1518732836,2786652.0,40,5059375,27,True,112.0,12.0,13.0,60.0,33.0,30.0,7.0,77.0,52.0,86.0,60943014.0,122049498.0,141690233.0,87423323.0,20321748.0,18180970.0,40209325.0,169359249.0,100317750.0,117015167.0,EPICENTER XL
126,3736190853,1518733178,67.0,36,2527544,19,True,72.0,11.0,64.0,100.0,16.0,34.0,54.0,103.0,53.0,30.0,94004717.0,97072681.0,116525052.0,84853828.0,117956848.0,65674469.0,88153289.0,234237646.0,71266407.0,86131091.0,EPICENTER XL
127,3736229638,1518736594,5051649.0,44,5026801,49,False,89.0,9.0,41.0,59.0,66.0,39.0,29.0,63.0,103.0,87.0,112377459.0,115141430.0,110539311.0,101450083.0,145550466.0,221666230.0,73562326.0,87285329.0,86698277.0,86727555.0,EPICENTER XL
128,3736232654,1518736685,67.0,13,2527544,1,True,16.0,102.0,3.0,98.0,72.0,8.0,49.0,62.0,87.0,55.0,84853828.0,117956848.0,116525052.0,97072681.0,94004717.0,65674469.0,88153289.0,234237646.0,86131091.0,71266407.0,EPICENTER XL
129,3736235021,1518736965,2786652.0,45,5059375,27,True,3.0,80.0,34.0,62.0,19.0,87.0,41.0,47.0,54.0,60.0,60943014.0,122049498.0,141690233.0,87423323.0,20321748.0,18180970.0,40209325.0,100317750.0,169359249.0,117015167.0,EPICENTER XL
130,3736305415,1518743262,39.0,35,5026801,24,True,34.0,38.0,15.0,62.0,13.0,52.0,57.0,72.0,107.0,100.0,86745912.0,111620041.0,87177591.0,87382579.0,25907144.0,221666230.0,73562326.0,87285329.0,86698277.0,86727555.0,EPICENTER XL
131,3736344849,1518746398,5026801.0,15,39,26,False,43.0,61.0,48.0,86.0,100.0,94.0,38.0,20.0,62.0,68.0,221666230.0,73562326.0,87285329.0,86698277.0,86727555.0,86745912.0,111620041.0,87177591.0,87382579.0,25907144.0,EPICENTER XL
132,3737019853,1518782400,2586976.0,23,5039050,7,True,86.0,15.0,100.0,19.0,80.0,3.0,103.0,11.0,54.0,16.0,94155156.0,86725175.0,26771994.0,41231571.0,19672354.0,57516313.0,26356855.0,121769650.0,62533910.0,92367063.0,DreamLeague season 8
133,3737097183,1518785400,2586976.0,24,5039050,12,True,30.0,72.0,100.0,13.0,78.0,25.0,103.0,20.0,47.0,102.0,94155156.0,86725175.0,26771994.0,41231571.0,19672354.0,57516313.0,26356855.0,121769650.0,62533910.0,92367063.0,DreamLeague season 8
134,3737270331,1518791631,5154470.0,14,3704482,15,False,103.0,21.0,30.0,72.0,16.0,66.0,18.0,38.0,47.0,86.0,39749294.0,94054712.0,151069590.0,104744109.0,8712306.0,87197791.0,100058342.0,24009418.0,86700461.0,98167706.0,DreamLeague season 8
135,3737363061,1518795003,3704482.0,38,5154470,13,True,66.0,72.0,57.0,76.0,30.0,100.0,74.0,64.0,78.0,15.0,87197791.0,100058342.0,24009418.0,86700461.0,98167706.0,39749294.0,94054712.0,151069590.0,8712306.0,104744109.0,DreamLeague season 8
136,3737457089,1518798541,5039050.0,26,3704482,20,True,87.0,13.0,109.0,15.0,57.0,27.0,95.0,53.0,97.0,19.0,57516313.0,26356855.0,121769650.0,62533910.0,92367063.0,87197791.0,100058342.0,24009418.0,86700461.0,98167706.0,DreamLeague season 8
137,3737549741,1518802228,5039050.0,9,3704482,26,False,3.0,86.0,94.0,15.0,58.0,30.0,109.0,57.0,13.0,51.0,57516313.0,26356855.0,121769650.0,62533910.0,92367063.0,87197791.0,100058342.0,24009418.0,86700461.0,98167706.0,DreamLeague season 8
138,3737632573,1518805799,5039050.0,30,3704482,10,True,87.0,86.0,12.0,49.0,57.0,68.0,109.0,78.0,13.0,62.0,57516313.0,26356855.0,121769650.0,62533910.0,92367063.0,87197791.0,100058342.0,24009418.0,86700461.0,98167706.0,DreamLeague season 8
139,3737673751,1518807712,3715574.0,29,67,27,False,86.0,77.0,60.0,11.0,15.0,89.0,43.0,30.0,72.0,95.0,85008179.0,86822085.0,105045291.0,85937380.0,87063175.0,84853828.0,117956848.0,116525052.0,97072681.0,94004717.0,EPICENTER XL
140,3737707928,1518809340,2586976.0,31,5039050,13,True,86.0,17.0,107.0,78.0,77.0,30.0,103.0,8.0,49.0,38.0,94155156.0,86725175.0,26771994.0,41231571.0,19672354.0,57516313.0,26356855.0,121769650.0,62533910.0,92367063.0,DreamLeague season 8
141,3737762956,1518812145,67.0,25,3715574,31,False,89.0,15.0,68.0,16.0,81.0,63.0,111.0,60.0,43.0,78.0,84853828.0,97072681.0,116525052.0,117956848.0,94004717.0,86822085.0,85008179.0,105045291.0,85937380.0,87063175.0,EPICENTER XL
142,3737779148,1518813000,5039050.0,14,2586976,31,False,40.0,13.0,18.0,43.0,51.0,87.0,74.0,103.0,41.0,77.0,57516313.0,26356855.0,121769650.0,62533910.0,92367063.0,94155156.0,86725175.0,26771994.0,41231571.0,19672354.0,DreamLeague season 8
143,3737846062,1518816860,3715574.0,12,67,38,False,111.0,42.0,100.0,11.0,15.0,72.0,13.0,75.0,19.0,89.0,85008179.0,86822085.0,105045291.0,85937380.0,87063175.0,94004717.0,97072681.0,116525052.0,117956848.0,84853828.0,EPICENTER XL
144,3737869130,1518818436,39.0,9,3,29,False,34.0,57.0,15.0,87.0,107.0,68.0,11.0,77.0,86.0,108.0,86745912.0,111620041.0,87177591.0,87382579.0,25907144.0,49317728.0,12231202.0,172424257.0,50828662.0,84429681.0,EPICENTER XL
145,3737894748,1518820126,3715574.0,16,67,28,False,87.0,15.0,16.0,76.0,78.0,72.0,13.0,86.0,66.0,19.0,85008179.0,86822085.0,105045291.0,85937380.0,87063175.0,94004717.0,97072681.0,84853828.0,116525052.0,117956848.0,EPICENTER XL
146,3737916874,1518821862,3.0,7,39,17,False,37.0,43.0,109.0,66.0,16.0,72.0,38.0,45.0,90.0,26.0,49317728.0,12231202.0,172424257.0,50828662.0,84429681.0,86745912.0,111620041.0,87177591.0,87382579.0,25907144.0,EPICENTER XL
147,3737947819,1518824686,3.0,12,39,21,False,28.0,12.0,114.0,86.0,108.0,72.0,98.0,77.0,3.0,69.0,49317728.0,12231202.0,172424257.0,50828662.0,84429681.0,86745912.0,111620041.0,87177591.0,87382579.0,25907144.0,EPICENTER XL
148,3737981699,1518827882,3.0,35,39,22,True,68.0,72.0,15.0,16.0,45.0,11.0,13.0,18.0,3.0,91.0,49317728.0,12231202.0,172424257.0,50828662.0,84429681.0,86745912.0,111620041.0,87177591.0,87382579.0,25907144.0,EPICENTER XL
149,3738028911,1518831755,3.0,29,39,11,True,68.0,43.0,41.0,75.0,16.0,72.0,33.0,56.0,3.0,107.0,49317728.0,12231202.0,172424257.0,50828662.0,84429681.0,86745912.0,111620041.0,87177591.0,87382579.0,25907144.0,EPICENTER XL
150,3739159697,1518883348,2586976.0,29,2786652,20,True,87.0,74.0,60.0,78.0,8.0,3.0,80.0,34.0,62.0,53.0,94155156.0,86725175.0,26771994.0,41231571.0,19672354.0,60943014.0,122049498.0,141690233.0,87423323.0,20321748.0,EPICENTER XL
151,3739271795,1518887524,2786652.0,27,2586976,31,False,68.0,54.0,101.0,60.0,65.0,111.0,12.0,100.0,19.0,76.0,60943014.0,122049498.0,141690233.0,87423323.0,20321748.0,94155156.0,86725175.0,26771994.0,41231571.0,19672354.0,EPICENTER XL
152,3739351236,1518890560,3931002.0,5,5051649,20,False,91.0,72.0,100.0,19.0,34.0,103.0,43.0,57.0,41.0,30.0,86974263.0,38057824.0,236858633.0,86715129.0,96738880.0,112377459.0,115141430.0,110539311.0,101450083.0,145550466.0,DreamLeague season 8
153,3739369960,1518891349,2586976.0,24,2786652,13,True,87.0,81.0,107.0,19.0,43.0,86.0,54.0,47.0,68.0,89.0,94155156.0,86725175.0,26771994.0,41231571.0,19672354.0,60943014.0,122049498.0,141690233.0,87423323.0,20321748.0,EPICENTER XL
154,3739411104,1518893113,5051649.0,25,3931002,24,True,51.0,13.0,15.0,80.0,27.0,30.0,12.0,16.0,53.0,39.0,112377459.0,115141430.0,110539311.0,101450083.0,145550466.0,86974263.0,38057824.0,236858633.0,86715129.0,96738880.0,DreamLeague season 8
155,3739546341,1518899423,5196328.0,7,5228654,20,False,3.0,77.0,16.0,90.0,94.0,58.0,87.0,29.0,17.0,15.0,187824320.0,177648913.0,38628747.0,40547474.0,238239590.0,86726887.0,47434686.0,10366616.0,108452107.0,97658618.0,DreamLeague season 8
156,3739603045,1518902419,5196328.0,28,5228654,12,True,64.0,54.0,13.0,89.0,11.0,16.0,87.0,102.0,72.0,49.0,187824320.0,177648913.0,38628747.0,40547474.0,238239590.0,86726887.0,47434686.0,10366616.0,108452107.0,97658618.0,DreamLeague season 8
157,3739662492,1518906012,5196328.0,7,5228654,26,False,87.0,63.0,108.0,69.0,46.0,86.0,62.0,57.0,11.0,72.0,187824320.0,177648913.0,38628747.0,40547474.0,238239590.0,86726887.0,47434686.0,10366616.0,108452107.0,97658618.0,DreamLeague season 8
158,3739723097,1518910280,5051649.0,7,5228654,23,False,89.0,78.0,29.0,63.0,87.0,91.0,30.0,38.0,8.0,47.0,112377459.0,115141430.0,110539311.0,101450083.0,145550466.0,86726887.0,47434686.0,10366616.0,108452107.0,97658618.0,DreamLeague season 8
159,3739757965,1518913051,5228654.0,38,5051649,43,True,90.0,3.0,38.0,12.0,13.0,100.0,17.0,78.0,72.0,87.0,86726887.0,47434686.0,10366616.0,108452107.0,97658618.0,112377459.0,115141430.0,110539311.0,101450083.0,145550466.0,DreamLeague season 8
160,3741181825,1518976897,3931002.0,27,5196328,21,True,87.0,15.0,16.0,49.0,47.0,30.0,92.0,13.0,100.0,11.0,86974263.0,38057824.0,236858633.0,86715129.0,96738880.0,187824320.0,177648913.0,38628747.0,40547474.0,238239590.0,DreamLeague season 8
161,3741264263,1518980704,5196328.0,27,3931002,18,True,68.0,81.0,13.0,16.0,11.0,26.0,15.0,49.0,57.0,88.0,187824320.0,177648913.0,38628747.0,40547474.0,238239590.0,86974263.0,38057824.0,96738880.0,86715129.0,236858633.0,DreamLeague season 8
162,3741328461,1518984003,3931002.0,30,5196328,6,True,87.0,77.0,29.0,35.0,16.0,64.0,72.0,38.0,89.0,43.0,86974263.0,38057824.0,86715129.0,96738880.0,236858633.0,187824320.0,177648913.0,38628747.0,40547474.0,238239590.0,DreamLeague season 8
163,3741394019,1518987791,5051649.0,21,3931002,14,True,51.0,11.0,29.0,44.0,66.0,30.0,72.0,53.0,47.0,89.0,112377459.0,115141430.0,110539311.0,101450083.0,145550466.0,86974263.0,38057824.0,86715129.0,96738880.0,236858633.0,DreamLeague season 8
164,3741444889,1518991202,3931002.0,47,5051649,23,True,27.0,12.0,49.0,89.0,17.0,51.0,34.0,38.0,98.0,62.0,86974263.0,38057824.0,86715129.0,236858633.0,96738880.0,112377459.0,115141430.0,110539311.0,101450083.0,145550466.0,DreamLeague season 8
165,3741501183,1518995703,5051649.0,24,3931002,30,True,100.0,76.0,69.0,8.0,27.0,30.0,15.0,65.0,16.0,12.0,112377459.0,115141430.0,110539311.0,101450083.0,145550466.0,86974263.0,38057824.0,86715129.0,236858633.0,96738880.0,DreamLeague season 8
166,3741550782,1519000202,5228654.0,13,5051649,28,False,91.0,86.0,65.0,17.0,72.0,103.0,39.0,78.0,12.0,87.0,86726887.0,47434686.0,10366616.0,108452107.0,97658618.0,112377459.0,115141430.0,110539311.0,101450083.0,145550466.0,DreamLeague season 8
167,3741590763,1519003802,5051649.0,28,5228654,32,False,100.0,94.0,102.0,39.0,87.0,91.0,30.0,38.0,95.0,47.0,112377459.0,115141430.0,110539311.0,101450083.0,145550466.0,86726887.0,47434686.0,10366616.0,108452107.0,97658618.0,DreamLeague season 8
168,3741644727,1519008302,5051649.0,31,5228654,20,True,62.0,34.0,69.0,41.0,68.0,66.0,103.0,13.0,109.0,43.0,112377459.0,115141430.0,110539311.0,101450083.0,145550466.0,86726887.0,47434686.0,10366616.0,108452107.0,97658618.0,DreamLeague season 8
169,3743740299,1519124499,5197722.0,17,2163,32,False,51.0,1.0,43.0,89.0,87.0,12.0,47.0,62.0,26.0,72.0,86785083.0,175463659.0,81852496.0,182993582.0,93473848.0,105248644.0,34505203.0,82262664.0,101356886.0,72312627.0,ESL One Katowice 2018 powered by Intel
170,3743753906,1519125144,2586976.0,25,726228,27,False,30.0,17.0,66.0,78.0,80.0,15.0,88.0,90.0,49.0,16.0,94155156.0,86725175.0,26771994.0,41231571.0,19672354.0,137193239.0,89423756.0,113800818.0,107803494.0,134276083.0,ESL One Katowice 2018 powered by Intel
171,3743825941,1519128477,5026801.0,17,1883502,29,False,46.0,90.0,49.0,38.0,66.0,87.0,54.0,39.0,58.0,89.0,221666230.0,73562326.0,87285329.0,86698277.0,86727555.0,134556694.0,132851371.0,106573901.0,92423451.0,159020918.0,ESL One Katowice 2018 powered by Intel
172,3743877987,1519130700,543897.0,32,3,15,True,30.0,98.0,20.0,62.0,13.0,100.0,46.0,77.0,86.0,49.0,100471531.0,84772440.0,89871557.0,91443418.0,113457795.0,49317728.0,12231202.0,172424257.0,50828662.0,84429681.0,ESL One Katowice 2018 powered by Intel
173,3743930304,1519132813,1838315.0,24,5065748,9,True,42.0,101.0,54.0,108.0,49.0,39.0,51.0,19.0,87.0,12.0,87278757.0,89117038.0,97590558.0,86799300.0,116585378.0,28070572.0,157989498.0,97975407.0,229210222.0,185202677.0,ESL One Katowice 2018 powered by Intel
174,3743984381,1519134915,15.0,24,39,13,True,72.0,49.0,66.0,89.0,45.0,15.0,16.0,77.0,90.0,69.0,125581247.0,106863163.0,94296097.0,101695162.0,94738847.0,86745912.0,111620041.0,87177591.0,87382579.0,25907144.0,ESL One Katowice 2018 powered by Intel
175,3744068304,1519138220,5039050.0,12,1375614,8,True,3.0,86.0,72.0,53.0,102.0,68.0,76.0,54.0,16.0,78.0,57516313.0,26356855.0,121769650.0,62533910.0,92367063.0,82327674.0,149486894.0,117281554.0,139876032.0,87012746.0,ESL One Katowice 2018 powered by Intel
176,3744092341,1519139179,350190.0,26,36,25,True,47.0,34.0,27.0,89.0,29.0,86.0,72.0,49.0,87.0,43.0,43276219.0,154715080.0,102099826.0,6922000.0,87276347.0,106809101.0,114619230.0,70388657.0,35504297.0,89550641.0,ESL One Katowice 2018 powered by Intel
177,3744175111,1519142657,5197722.0,7,2586976,38,False,78.0,48.0,47.0,7.0,87.0,30.0,72.0,100.0,65.0,34.0,86785083.0,175463659.0,81852496.0,182993582.0,93473848.0,94155156.0,86725175.0,26771994.0,41231571.0,19672354.0,ESL One Katowice 2018 powered by Intel
178,3744215830,1519144396,2163.0,21,726228,23,True,109.0,19.0,86.0,90.0,15.0,72.0,89.0,87.0,17.0,53.0,105248644.0,34505203.0,82262664.0,101356886.0,72312627.0,137193239.0,89423756.0,113800818.0,107803494.0,134276083.0,ESL One Katowice 2018 powered by Intel
179,3744260553,1519146416,5197722.0,19,2586976,18,False,104.0,109.0,43.0,60.0,87.0,86.0,94.0,103.0,13.0,77.0,86785083.0,175463659.0,81852496.0,182993582.0,93473848.0,94155156.0,86725175.0,26771994.0,41231571.0,19672354.0,ESL One Katowice 2018 powered by Intel
180,3744321987,1519149297,2163.0,19,726228,37,False,34.0,88.0,87.0,103.0,72.0,8.0,89.0,3.0,43.0,65.0,105248644.0,34505203.0,82262664.0,101356886.0,72312627.0,137193239.0,89423756.0,113800818.0,107803494.0,134276083.0,ESL One Katowice 2018 powered by Intel
181,3744340908,1519150208,3.0,38,5026801,20,True,87.0,13.0,8.0,78.0,15.0,39.0,33.0,72.0,16.0,86.0,49317728.0,12231202.0,172424257.0,50828662.0,84429681.0,221666230.0,73562326.0,87285329.0,86698277.0,86727555.0,ESL One Katowice 2018 powered by Intel
182,3744407716,1519153613,726228.0,38,2163,15,True,76.0,3.0,103.0,49.0,65.0,72.0,108.0,62.0,86.0,45.0,137193239.0,113800818.0,89423756.0,107803494.0,134276083.0,105248644.0,34505203.0,82262664.0,101356886.0,72312627.0,ESL One Katowice 2018 powered by Intel
183,3744421491,1519154368,3.0,13,5026801,31,False,30.0,43.0,114.0,107.0,55.0,12.0,88.0,72.0,16.0,68.0,49317728.0,12231202.0,172424257.0,50828662.0,84429681.0,221666230.0,73562326.0,87285329.0,86698277.0,86727555.0,ESL One Katowice 2018 powered by Intel
184,3744481509,1519158049,1883502.0,27,543897,12,True,37.0,61.0,72.0,57.0,16.0,30.0,78.0,54.0,60.0,34.0,134556694.0,132851371.0,106573901.0,92423451.0,159020918.0,100471531.0,84772440.0,89871557.0,91443418.0,113457795.0,ESL One Katowice 2018 powered by Intel
185,3744484565,1519158183,5026801.0,33,3,23,True,39.0,45.0,8.0,103.0,86.0,87.0,35.0,15.0,53.0,78.0,221666230.0,73562326.0,87285329.0,86698277.0,86727555.0,49317728.0,12231202.0,172424257.0,50828662.0,84429681.0,ESL One Katowice 2018 powered by Intel
186,3744526729,1519161615,543897.0,30,1883502,35,False,16.0,78.0,12.0,3.0,98.0,30.0,54.0,49.0,13.0,89.0,100471531.0,84772440.0,89871557.0,91443418.0,113457795.0,134556694.0,132851371.0,106573901.0,92423451.0,159020918.0,ESL One Katowice 2018 powered by Intel
187,3745245550,1519210835,39.0,14,5065748,10,True,54.0,57.0,92.0,86.0,91.0,12.0,60.0,78.0,68.0,19.0,86745912.0,111620041.0,87177591.0,87382579.0,25907144.0,28070572.0,157989498.0,97975407.0,229210222.0,185202677.0,ESL One Katowice 2018 powered by Intel
188,3745246720,1519210893,1375614.0,20,36,12,True,107.0,86.0,49.0,15.0,57.0,62.0,41.0,39.0,101.0,38.0,139876032.0,82327674.0,149486894.0,117281554.0,87012746.0,106809101.0,114619230.0,70388657.0,35504297.0,89550641.0,ESL One Katowice 2018 powered by Intel
189,3745305291,1519213620,5065748.0,18,39,39,False,72.0,100.0,57.0,27.0,46.0,94.0,13.0,19.0,66.0,86.0,28070572.0,157989498.0,97975407.0,229210222.0,185202677.0,86745912.0,111620041.0,87177591.0,87382579.0,25907144.0,ESL One Katowice 2018 powered by Intel
190,3745319965,1519214250,36.0,11,1375614,24,False,62.0,63.0,43.0,30.0,78.0,16.0,49.0,72.0,86.0,108.0,106809101.0,114619230.0,70388657.0,35504297.0,89550641.0,139876032.0,149486894.0,117281554.0,82327674.0,87012746.0,ESL One Katowice 2018 powered by Intel
191,3745418286,1519218309,15.0,9,1838315,20,False,109.0,11.0,86.0,89.0,57.0,87.0,103.0,48.0,38.0,72.0,125581247.0,106863163.0,94296097.0,101695162.0,94738847.0,87278757.0,89117038.0,97590558.0,86799300.0,116585378.0,ESL One Katowice 2018 powered by Intel
192,3745429518,1519218749,543897.0,20,2586976,28,False,27.0,114.0,20.0,60.0,13.0,30.0,49.0,89.0,108.0,77.0,100471531.0,84772440.0,89871557.0,91443418.0,113457795.0,94155156.0,86725175.0,26771994.0,41231571.0,19672354.0,ESL One Katowice 2018 powered by Intel
193,3745527313,1519222540,1838315.0,34,15,23,True,71.0,42.0,100.0,15.0,12.0,41.0,39.0,64.0,62.0,16.0,87278757.0,97590558.0,89117038.0,86799300.0,116585378.0,125581247.0,106863163.0,94296097.0,101695162.0,94738847.0,ESL One Katowice 2018 powered by Intel
194,3745532996,1519222753,2586976.0,30,543897,28,False,30.0,11.0,100.0,13.0,114.0,7.0,57.0,49.0,87.0,43.0,94155156.0,86725175.0,26771994.0,41231571.0,19672354.0,100471531.0,84772440.0,89871557.0,91443418.0,113457795.0,ESL One Katowice 2018 powered by Intel
195,3745654838,1519227618,543897.0,19,2586976,24,False,7.0,33.0,12.0,3.0,9.0,30.0,109.0,107.0,49.0,92.0,100471531.0,84772440.0,89871557.0,91443418.0,113457795.0,94155156.0,86725175.0,26771994.0,41231571.0,19672354.0,ESL One Katowice 2018 powered by Intel
196,3745657452,1519227726,5039050.0,5,350190,31,False,30.0,86.0,22.0,12.0,57.0,15.0,106.0,100.0,3.0,29.0,57516313.0,26356855.0,121769650.0,62533910.0,92367063.0,43276219.0,154715080.0,102099826.0,6922000.0,87276347.0,ESL One Katowice 2018 powered by Intel
197,3745732943,1519230953,5039050.0,22,350190,23,True,68.0,86.0,49.0,80.0,102.0,54.0,17.0,90.0,16.0,78.0,57516313.0,26356855.0,121769650.0,62533910.0,92367063.0,43276219.0,154715080.0,102099826.0,6922000.0,87276347.0,ESL One Katowice 2018 powered by Intel
198,3745760706,1519232169,2163.0,35,5026801,8,True,109.0,3.0,64.0,107.0,15.0,45.0,53.0,81.0,103.0,37.0,105248644.0,34505203.0,82262664.0,101356886.0,72312627.0,221666230.0,73562326.0,87285329.0,86698277.0,86727555.0,ESL One Katowice 2018 powered by Intel
199,3745813369,1519234580,350190.0,36,5039050,16,True,72.0,76.0,51.0,37.0,29.0,30.0,86.0,19.0,20.0,38.0,43276219.0,154715080.0,102099826.0,6922000.0,87276347.0,57516313.0,26356855.0,121769650.0,62533910.0,92367063.0,ESL One Katowice 2018 powered by Intel
200,3745831943,1519235445,5026801.0,31,2163,24,False,11.0,86.0,57.0,61.0,58.0,109.0,20.0,3.0,90.0,47.0,221666230.0,73562326.0,87285329.0,86698277.0,86727555.0,105248644.0,34505203.0,82262664.0,101356886.0,72312627.0,ESL One Katowice 2018 powered by Intel
201,3746522928,1519283373,4282493.0,28,3262331,31,False,77.0,92.0,87.0,91.0,38.0,62.0,19.0,68.0,109.0,76.0,359068880.0,148053939.0,108383863.0,288856114.0,155507163.0,151835528.0,179773256.0,237201026.0,151625242.0,199133117.0,GESC: Indonesia
202,3746618899,1519288074,3262331.0,25,4282493,18,True,86.0,38.0,51.0,19.0,11.0,98.0,72.0,30.0,66.0,49.0,151835528.0,179773256.0,237201026.0,151625242.0,199133117.0,359068880.0,148053939.0,108383863.0,288856114.0,155507163.0,GESC: Indonesia
203,3746716547,1519292940,5166904.0,9,3785359,20,False,61.0,87.0,49.0,60.0,12.0,20.0,11.0,13.0,98.0,89.0,34726076.0,126253073.0,101897410.0,277064146.0,162539779.0,237325411.0,156328257.0,131330953.0,389033587.0,152859296.0,GESC: Indonesia
204,3746794999,1519296435,3785359.0,23,5166904,46,False,87.0,13.0,65.0,54.0,103.0,58.0,49.0,68.0,16.0,72.0,237325411.0,156328257.0,131330953.0,389033587.0,152859296.0,34726076.0,101897410.0,126253073.0,277064146.0,162539779.0,GESC: Indonesia
205,3746810544,1519297145,39.0,20,5039050,12,True,10.0,38.0,49.0,90.0,86.0,64.0,100.0,109.0,53.0,57.0,86745912.0,111620041.0,87177591.0,87382579.0,25907144.0,57516313.0,26356855.0,121769650.0,62533910.0,92367063.0,ESL One Katowice 2018 powered by Intel
206,3746813031,1519297254,15.0,42,1375614,49,False,95.0,72.0,66.0,86.0,16.0,107.0,15.0,30.0,54.0,13.0,125581247.0,106863163.0,94296097.0,101695162.0,94738847.0,139876032.0,149486894.0,82327674.0,117281554.0,87012746.0,ESL One Katowice 2018 powered by Intel
207,3746893613,1519300753,5039050.0,10,39,30,False,30.0,103.0,22.0,80.0,16.0,54.0,65.0,15.0,90.0,26.0,57516313.0,26356855.0,121769650.0,62533910.0,92367063.0,86745912.0,111620041.0,87177591.0,87382579.0,25907144.0,ESL One Katowice 2018 powered by Intel
208,3746920165,1519302028,5166904.0,12,3785359,32,False,66.0,76.0,68.0,23.0,72.0,64.0,74.0,88.0,49.0,100.0,34726076.0,101897410.0,126253073.0,277064146.0,162539779.0,237325411.0,156328257.0,131330953.0,389033587.0,152859296.0,GESC: Indonesia
209,3746945388,1519302829,1375614.0,20,15,23,False,16.0,35.0,12.0,30.0,78.0,109.0,72.0,3.0,90.0,38.0,139876032.0,149486894.0,117281554.0,82327674.0,87012746.0,125581247.0,106863163.0,94296097.0,101695162.0,94738847.0,ESL One Katowice 2018 powered by Intel
210,3747006714,1519305151,2586976.0,21,2163,38,False,86.0,17.0,66.0,65.0,54.0,39.0,19.0,111.0,103.0,77.0,94155156.0,86725175.0,26771994.0,41231571.0,19672354.0,105248644.0,34505203.0,82262664.0,101356886.0,72312627.0,ESL One Katowice 2018 powered by Intel
211,3747036211,1519306218,3262331.0,26,3785359,26,True,87.0,49.0,51.0,8.0,11.0,68.0,39.0,78.0,72.0,89.0,151835528.0,179773256.0,237201026.0,151625242.0,199133117.0,237325411.0,156328257.0,131330953.0,389033587.0,152859296.0,GESC: Indonesia
212,3747041770,1519306425,1375614.0,22,15,25,True,89.0,64.0,72.0,2.0,76.0,8.0,43.0,30.0,100.0,29.0,139876032.0,82327674.0,117281554.0,87012746.0,149486894.0,125581247.0,106863163.0,94296097.0,101695162.0,94738847.0,ESL One Katowice 2018 powered by Intel
213,3747126700,1519309581,2163.0,24,2586976,6,True,109.0,53.0,3.0,103.0,47.0,87.0,15.0,60.0,78.0,34.0,105248644.0,34505203.0,82262664.0,101356886.0,72312627.0,94155156.0,86725175.0,26771994.0,41231571.0,19672354.0,ESL One Katowice 2018 powered by Intel
214,3747161687,1519310895,3785359.0,16,3262331,24,False,30.0,35.0,13.0,72.0,89.0,88.0,38.0,87.0,49.0,47.0,237325411.0,156328257.0,131330953.0,389033587.0,152859296.0,151835528.0,179773256.0,237201026.0,151625242.0,199133117.0,GESC: Indonesia
215,3747183006,1519311710,726228.0,35,1883502,27,True,15.0,103.0,87.0,49.0,108.0,3.0,76.0,72.0,13.0,62.0,137193239.0,89423756.0,113800818.0,107803494.0,134276083.0,134556694.0,132851371.0,106573901.0,92423451.0,159020918.0,ESL One Katowice 2018 powered by Intel
216,3747238582,1519313911,1838315.0,26,350190,38,False,87.0,109.0,100.0,29.0,34.0,20.0,74.0,27.0,89.0,38.0,87278757.0,97590558.0,89117038.0,86799300.0,116585378.0,43276219.0,154715080.0,102099826.0,6922000.0,87276347.0,ESL One Katowice 2018 powered by Intel
217,3747320300,1519317321,1883502.0,22,726228,43,False,87.0,54.0,19.0,55.0,100.0,72.0,103.0,3.0,43.0,65.0,134556694.0,132851371.0,106573901.0,92423451.0,159020918.0,137193239.0,89423756.0,113800818.0,107803494.0,134276083.0,ESL One Katowice 2018 powered by Intel
218,3747355056,1519318831,1838315.0,46,350190,11,True,7.0,86.0,70.0,102.0,17.0,109.0,49.0,90.0,88.0,38.0,87278757.0,89117038.0,97590558.0,86799300.0,116585378.0,43276219.0,154715080.0,102099826.0,6922000.0,87276347.0,ESL One Katowice 2018 powered by Intel
219,3747471332,1519324138,1838315.0,28,350190,25,False,20.0,80.0,7.0,49.0,74.0,15.0,106.0,51.0,26.0,108.0,87278757.0,97590558.0,89117038.0,86799300.0,116585378.0,43276219.0,154715080.0,102099826.0,6922000.0,87276347.0,ESL One Katowice 2018 powered by Intel
220,3748147583,1519369597,5231224.0,25,3888297,11,True,62.0,98.0,38.0,30.0,76.0,87.0,39.0,100.0,19.0,12.0,121404228.0,331999484.0,226340817.0,117891932.0,119939006.0,162212417.0,301750126.0,143278997.0,405535223.0,371654813.0,GESC: Indonesia
221,3748228440,1519373421,3888297.0,27,5231224,45,False,30.0,49.0,66.0,15.0,38.0,60.0,39.0,16.0,64.0,12.0,162212417.0,301750126.0,143278997.0,371654813.0,405535223.0,121404228.0,331999484.0,226340817.0,117891932.0,119939006.0,GESC: Indonesia
222,3748338054,1519378318,3262512.0,31,5124585,32,False,89.0,49.0,29.0,48.0,30.0,103.0,47.0,101.0,95.0,41.0,104888934.0,181716137.0,128367019.0,111473138.0,169141480.0,145335241.0,154522493.0,166832118.0,250733860.0,165086162.0,GESC: Indonesia
223,3748478558,1519384417,5124585.0,29,3262512,25,True,108.0,76.0,68.0,54.0,60.0,16.0,13.0,69.0,20.0,30.0,145335241.0,154522493.0,166832118.0,250733860.0,165086162.0,104888934.0,181716137.0,128367019.0,111473138.0,169141480.0,GESC: Indonesia
224,3748643394,1519390929,5231224.0,16,5124585,1,True,86.0,76.0,16.0,37.0,49.0,103.0,75.0,27.0,109.0,41.0,121404228.0,331999484.0,226340817.0,117891932.0,119939006.0,145335241.0,154522493.0,166832118.0,250733860.0,165086162.0,GESC: Indonesia
225,3748721558,1519393247,5124585.0,32,5231224,32,True,29.0,74.0,101.0,54.0,89.0,19.0,34.0,16.0,50.0,61.0,145335241.0,154522493.0,166832118.0,250733860.0,165086162.0,121404228.0,331999484.0,226340817.0,117891932.0,119939006.0,GESC: Indonesia
226,3748753530,1519394329,1375614.0,5,39,21,False,16.0,70.0,87.0,109.0,57.0,72.0,33.0,49.0,68.0,86.0,139876032.0,149486894.0,82327674.0,117281554.0,87012746.0,86745912.0,111620041.0,87177591.0,87382579.0,25907144.0,ESL One Katowice 2018 powered by Intel
227,3748838786,1519397309,39.0,24,1375614,6,True,109.0,13.0,15.0,3.0,103.0,12.0,43.0,87.0,16.0,62.0,86745912.0,111620041.0,87177591.0,87382579.0,25907144.0,117281554.0,149486894.0,82327674.0,87012746.0,139876032.0,ESL One Katowice 2018 powered by Intel
228,3748884521,1519399003,5231224.0,19,5124585,50,False,3.0,37.0,16.0,49.0,34.0,68.0,11.0,101.0,81.0,51.0,121404228.0,117891932.0,226340817.0,331999484.0,119939006.0,145335241.0,154522493.0,166832118.0,250733860.0,165086162.0,GESC: Indonesia
229,3748928380,1519400598,1838315.0,10,2163,31,False,85.0,100.0,82.0,108.0,17.0,12.0,58.0,87.0,91.0,15.0,87278757.0,89117038.0,97590558.0,86799300.0,116585378.0,105248644.0,34505203.0,82262664.0,101356886.0,72312627.0,ESL One Katowice 2018 powered by Intel
230,3749024236,1519404413,2163.0,23,1838315,30,False,11.0,58.0,89.0,64.0,15.0,31.0,109.0,7.0,45.0,25.0,105248644.0,34505203.0,101356886.0,82262664.0,72312627.0,87278757.0,97590558.0,89117038.0,86799300.0,116585378.0,ESL One Katowice 2018 powered by Intel
231,3749130082,1519408987,2163.0,27,1838315,10,True,109.0,13.0,66.0,107.0,61.0,85.0,86.0,92.0,65.0,20.0,105248644.0,34505203.0,82262664.0,101356886.0,72312627.0,87278757.0,89117038.0,97590558.0,86799300.0,116585378.0,ESL One Katowice 2018 powered by Intel
232,3749645021,1519441960,5166904.0,31,4282493,10,True,53.0,112.0,34.0,63.0,51.0,15.0,17.0,86.0,16.0,78.0,34726076.0,126253073.0,101897410.0,162539779.0,277064146.0,359068880.0,148053939.0,108383863.0,288856114.0,155507163.0,GESC: Indonesia
233,3749702820,1519445460,4282493.0,42,5166904,29,True,114.0,97.0,27.0,16.0,53.0,19.0,13.0,68.0,100.0,77.0,359068880.0,148053939.0,108383863.0,288856114.0,155507163.0,34726076.0,101897410.0,126253073.0,277064146.0,162539779.0,GESC: Indonesia
234,3749784344,1519450226,5166904.0,18,4282493,45,False,58.0,22.0,64.0,16.0,15.0,54.0,19.0,30.0,91.0,65.0,34726076.0,101897410.0,126253073.0,277064146.0,162539779.0,359068880.0,148053939.0,108383863.0,288856114.0,155507163.0,GESC: Indonesia
235,3749889831,1519455413,3785359.0,28,4282493,10,True,64.0,11.0,108.0,114.0,60.0,34.0,8.0,87.0,66.0,16.0,237325411.0,156328257.0,131330953.0,389033587.0,152859296.0,148053939.0,359068880.0,108383863.0,288856114.0,155507163.0,GESC: Indonesia
236,3749963820,1519458566,4282493.0,28,3785359,46,False,98.0,11.0,3.0,100.0,65.0,64.0,39.0,104.0,12.0,51.0,359068880.0,148053939.0,108383863.0,288856114.0,155507163.0,237325411.0,156328257.0,131330953.0,389033587.0,152859296.0,GESC: Indonesia
237,3750061978,1519462770,3888297.0,12,3262512,29,False,3.0,47.0,86.0,72.0,33.0,100.0,35.0,57.0,49.0,30.0,162212417.0,301750126.0,143278997.0,371654813.0,405535223.0,104888934.0,181716137.0,128367019.0,111473138.0,169141480.0,GESC: Indonesia
238,3750166533,1519466930,3262512.0,18,3888297,29,False,100.0,11.0,78.0,8.0,64.0,3.0,77.0,1.0,16.0,55.0,104888934.0,181716137.0,128367019.0,111473138.0,169141480.0,162212417.0,301750126.0,371654813.0,143278997.0,405535223.0,GESC: Indonesia
239,3750244771,1519470026,1883502.0,30,39,8,True,3.0,109.0,72.0,57.0,16.0,94.0,19.0,70.0,86.0,91.0,134556694.0,132851371.0,106573901.0,92423451.0,159020918.0,86745912.0,111620041.0,87177591.0,87382579.0,25907144.0,ESL One Katowice 2018 powered by Intel
240,3750291133,1519471829,,22,3888297,21,False,100.0,12.0,13.0,43.0,86.0,3.0,11.0,51.0,1.0,29.0,104888934.0,181716137.0,128367019.0,111473138.0,169141480.0,162212417.0,301750126.0,143278997.0,371654813.0,405535223.0,GESC: Indonesia
241,3750343882,1519473782,39.0,23,1883502,29,True,48.0,38.0,43.0,101.0,91.0,30.0,95.0,47.0,57.0,89.0,86745912.0,111620041.0,87177591.0,87382579.0,25907144.0,134556694.0,132851371.0,106573901.0,92423451.0,159020918.0,ESL One Katowice 2018 powered by Intel
242,3750437087,1519477106,5231224.0,24,3888297,7,True,86.0,76.0,65.0,37.0,109.0,64.0,25.0,83.0,1.0,60.0,121404228.0,331999484.0,226340817.0,117891932.0,119939006.0,162212417.0,301750126.0,143278997.0,371654813.0,405535223.0,GESC: Indonesia
243,3750461499,1519477821,39.0,14,1883502,30,False,109.0,38.0,49.0,3.0,103.0,87.0,43.0,34.0,69.0,89.0,86745912.0,111620041.0,87177591.0,87382579.0,25907144.0,134556694.0,132851371.0,106573901.0,92423451.0,159020918.0,ESL One Katowice 2018 powered by Intel
244,3750528473,1519480068,3888297.0,31,5231224,27,True,68.0,77.0,20.0,8.0,102.0,62.0,72.0,65.0,37.0,49.0,162212417.0,301750126.0,143278997.0,371654813.0,405535223.0,121404228.0,331999484.0,226340817.0,117891932.0,119939006.0,GESC: Indonesia
245,3750664437,1519484472,5231224.0,34,3888297,10,True,86.0,15.0,69.0,62.0,34.0,3.0,74.0,88.0,49.0,55.0,121404228.0,331999484.0,226340817.0,117891932.0,119939006.0,162212417.0,301750126.0,143278997.0,371654813.0,405535223.0,GESC: Indonesia
246,3750736836,1519486853,2163.0,14,726228,30,False,19.0,47.0,66.0,107.0,61.0,72.0,89.0,37.0,43.0,65.0,105248644.0,34505203.0,82262664.0,101356886.0,72312627.0,137193239.0,89423756.0,113800818.0,107803494.0,134276083.0,ESL One Katowice 2018 powered by Intel
247,3750844055,1519490658,2163.0,25,726228,20,True,8.0,58.0,87.0,103.0,47.0,72.0,68.0,89.0,43.0,51.0,105248644.0,34505203.0,82262664.0,101356886.0,72312627.0,137193239.0,113800818.0,89423756.0,107803494.0,134276083.0,ESL One Katowice 2018 powered by Intel
248,3750946886,1519494562,2163.0,27,726228,31,False,12.0,45.0,66.0,7.0,70.0,73.0,89.0,30.0,49.0,108.0,105248644.0,34505203.0,82262664.0,101356886.0,72312627.0,137193239.0,89423756.0,113800818.0,107803494.0,134276083.0,ESL One Katowice 2018 powered by Intel
249,3751104948,1519501528,1883502.0,26,350190,6,True,30.0,43.0,76.0,16.0,66.0,20.0,94.0,7.0,3.0,38.0,134556694.0,132851371.0,106573901.0,92423451.0,159020918.0,43276219.0,154715080.0,102099826.0,6922000.0,87276347.0,ESL One Katowice 2018 powered by Intel
250,3751180345,1519505266,1883502.0,34,350190,24,True,37.0,72.0,98.0,49.0,16.0,42.0,47.0,19.0,3.0,108.0,134556694.0,132851371.0,106573901.0,92423451.0,159020918.0,43276219.0,154715080.0,102099826.0,6922000.0,87276347.0,ESL One Katowice 2018 powered by Intel
251,3751560699,1519531748,5231224.0,39,3262331,36,False,88.0,76.0,16.0,37.0,109.0,103.0,87.0,49.0,8.0,113.0,121404228.0,331999484.0,226340817.0,117891932.0,119939006.0,151835528.0,237201026.0,179773256.0,151625242.0,199133117.0,GESC: Indonesia
252,3751660699,1519536867,3262331.0,33,5231224,41,False,87.0,22.0,51.0,41.0,11.0,62.0,77.0,65.0,37.0,34.0,151835528.0,179773256.0,237201026.0,151625242.0,199133117.0,121404228.0,331999484.0,226340817.0,117891932.0,119939006.0,GESC: Indonesia
253,3751765196,1519541651,3262331.0,27,5231224,38,False,89.0,29.0,87.0,72.0,17.0,3.0,15.0,19.0,37.0,34.0,151835528.0,179773256.0,237201026.0,151625242.0,199133117.0,121404228.0,331999484.0,226340817.0,117891932.0,119939006.0,GESC: Indonesia
254,3751883985,1519546564,3785359.0,21,5124585,26,False,64.0,13.0,78.0,15.0,16.0,108.0,39.0,60.0,1.0,101.0,237325411.0,156328257.0,131330953.0,389033587.0,152859296.0,145335241.0,154522493.0,165086162.0,250733860.0,166832118.0,GESC: Indonesia
255,3752020349,1519551572,5124585.0,4,3785359,9,False,58.0,76.0,101.0,54.0,89.0,3.0,20.0,38.0,94.0,103.0,145335241.0,154522493.0,166832118.0,250733860.0,165086162.0,237325411.0,156328257.0,131330953.0,389033587.0,152859296.0,GESC: Indonesia
256,3752068728,1519553406,350190.0,20,2163,30,False,72.0,98.0,58.0,30.0,16.0,44.0,19.0,3.0,91.0,40.0,43276219.0,154715080.0,102099826.0,6922000.0,87276347.0,105248644.0,34505203.0,82262664.0,101356886.0,72312627.0,ESL One Katowice 2018 powered by Intel
257,3752100218,1519554609,5124585.0,40,3785359,29,True,57.0,39.0,68.0,81.0,7.0,27.0,76.0,78.0,72.0,107.0,145335241.0,154522493.0,166832118.0,250733860.0,165086162.0,237325411.0,156328257.0,131330953.0,389033587.0,152859296.0,GESC: Indonesia
258,3752174849,1519557465,2163.0,8,350190,43,False,62.0,13.0,113.0,103.0,47.0,15.0,61.0,100.0,3.0,29.0,105248644.0,34505203.0,82262664.0,101356886.0,72312627.0,43276219.0,154715080.0,102099826.0,6922000.0,87276347.0,ESL One Katowice 2018 powered by Intel
259,3752273869,1519561049,2163.0,31,350190,33,True,109.0,53.0,86.0,103.0,45.0,15.0,106.0,100.0,79.0,29.0,105248644.0,34505203.0,82262664.0,101356886.0,72312627.0,43276219.0,154715080.0,102099826.0,6922000.0,87276347.0,ESL One Katowice 2018 powered by Intel
260,3752289431,1519561696,5124585.0,44,5231224,46,True,65.0,26.0,30.0,63.0,19.0,86.0,15.0,104.0,37.0,39.0,145335241.0,154522493.0,166832118.0,250733860.0,165086162.0,121404228.0,331999484.0,226340817.0,117891932.0,119939006.0,GESC: Indonesia
261,3752460849,1519567466,5231224.0,31,5124585,15,True,19.0,77.0,16.0,37.0,17.0,108.0,34.0,30.0,15.0,60.0,121404228.0,331999484.0,226340817.0,117891932.0,119939006.0,145335241.0,154522493.0,166832118.0,250733860.0,165086162.0,GESC: Indonesia
262,3752505318,1519568982,1883502.0,25,726228,9,True,68.0,57.0,72.0,49.0,7.0,41.0,86.0,3.0,43.0,65.0,134556694.0,132851371.0,106573901.0,92423451.0,159020918.0,137193239.0,89423756.0,113800818.0,107803494.0,134276083.0,ESL One Katowice 2018 powered by Intel
263,3752567123,1519571307,5124585.0,10,5231224,29,False,16.0,39.0,57.0,94.0,37.0,60.0,19.0,69.0,87.0,109.0,145335241.0,154522493.0,165086162.0,250733860.0,166832118.0,121404228.0,331999484.0,226340817.0,117891932.0,119939006.0,GESC: Indonesia
264,3752602284,1519572631,1883502.0,27,726228,9,True,87.0,41.0,72.0,57.0,88.0,49.0,100.0,37.0,43.0,33.0,134556694.0,132851371.0,106573901.0,92423451.0,159020918.0,137193239.0,89423756.0,113800818.0,107803494.0,134276083.0,ESL One Katowice 2018 powered by Intel
265,3752665676,1519575209,5231224.0,19,5124585,3,True,86.0,109.0,49.0,37.0,46.0,104.0,76.0,88.0,54.0,87.0,121404228.0,331999484.0,226340817.0,117891932.0,119939006.0,145335241.0,154522493.0,165086162.0,250733860.0,166832118.0,GESC: Indonesia
266,3752683273,1519575888,1883502.0,10,726228,24,False,30.0,61.0,72.0,64.0,66.0,109.0,100.0,90.0,13.0,65.0,134556694.0,132851371.0,106573901.0,92423451.0,159020918.0,137193239.0,89423756.0,113800818.0,107803494.0,134276083.0,ESL One Katowice 2018 powered by Intel
267,3752758474,1519579130,1883502.0,38,726228,15,True,87.0,72.0,45.0,19.0,66.0,109.0,103.0,30.0,49.0,65.0,134556694.0,132851371.0,106573901.0,92423451.0,159020918.0,137193239.0,89423756.0,113800818.0,107803494.0,134276083.0,ESL One Katowice 2018 powered by Intel
268,3753754353,1519643141,2775251.0,42,4425117,28,True,57.0,87.0,72.0,44.0,7.0,86.0,35.0,16.0,13.0,49.0,123787524.0,129071882.0,113735534.0,110819366.0,82305765.0,11550182.0,96196828.0,90423751.0,86870856.0,177411785.0,EPICENTER XL
269,3753755920,1519643083,5125078.0,19,46,37,False,30.0,16.0,72.0,49.0,39.0,19.0,65.0,7.0,76.0,87.0,203903869.0,63703276.0,188884494.0,178638015.0,390217220.0,11865327.0,92847434.0,112250781.0,5150808.0,113331514.0,EPICENTER XL
270,3753844424,1519646930,46.0,6,5125078,29,False,43.0,65.0,103.0,72.0,30.0,87.0,62.0,54.0,58.0,76.0,11865327.0,92847434.0,112250781.0,5150808.0,113331514.0,203903869.0,63703276.0,188884494.0,178638015.0,390217220.0,EPICENTER XL
271,3753861466,1519647895,2775251.0,21,4425117,29,False,78.0,8.0,3.0,94.0,86.0,87.0,39.0,107.0,57.0,72.0,123787524.0,113735534.0,129071882.0,110819366.0,82305765.0,11550182.0,96196828.0,90423751.0,86870856.0,177411785.0,EPICENTER XL
272,3753914502,1519649637,46.0,44,5125078,28,True,77.0,38.0,7.0,11.0,87.0,3.0,107.0,12.0,69.0,72.0,11865327.0,92847434.0,112250781.0,5150808.0,113331514.0,203903869.0,63703276.0,188884494.0,178638015.0,390217220.0,EPICENTER XL
273,3753977090,1519652045,4425117.0,45,2775251,48,False,3.0,49.0,16.0,38.0,15.0,2.0,87.0,12.0,72.0,62.0,11550182.0,96196828.0,90423751.0,86870856.0,177411785.0,123787524.0,129071882.0,113735534.0,110819366.0,82305765.0,EPICENTER XL
274,3754142536,1519658013,4425117.0,31,5125078,20,True,30.0,47.0,100.0,13.0,72.0,87.0,14.0,109.0,39.0,58.0,11550182.0,96196828.0,90423751.0,86870856.0,177411785.0,203903869.0,63703276.0,188884494.0,390217220.0,178638015.0,EPICENTER XL
275,3754145708,1519658215,46.0,42,2775251,26,True,100.0,53.0,87.0,49.0,54.0,65.0,72.0,111.0,76.0,62.0,113331514.0,92847434.0,112250781.0,5150808.0,11865327.0,123787524.0,113735534.0,129071882.0,110819366.0,82305765.0,EPICENTER XL
276,3754242856,1519662087,5125078.0,16,4425117,22,False,87.0,66.0,109.0,39.0,78.0,51.0,11.0,26.0,57.0,19.0,203903869.0,63703276.0,188884494.0,390217220.0,178638015.0,11550182.0,96196828.0,90423751.0,86870856.0,177411785.0,EPICENTER XL
277,3754245602,1519662195,2775251.0,10,46,29,False,29.0,11.0,64.0,63.0,51.0,66.0,16.0,86.0,39.0,54.0,123787524.0,110819366.0,129071882.0,113735534.0,82305765.0,113331514.0,92847434.0,112250781.0,5150808.0,11865327.0,EPICENTER XL
278,3754336016,1519666170,4425117.0,13,2775251,26,False,30.0,43.0,100.0,58.0,18.0,61.0,72.0,13.0,3.0,51.0,11550182.0,96196828.0,90423751.0,86870856.0,177411785.0,123787524.0,113735534.0,110819366.0,129071882.0,82305765.0,EPICENTER XL
279,3754390995,1519669058,2775251.0,14,4425117,22,False,2.0,72.0,87.0,9.0,89.0,3.0,13.0,66.0,57.0,109.0,123787524.0,113735534.0,129071882.0,110819366.0,82305765.0,11550182.0,96196828.0,90423751.0,86870856.0,177411785.0,EPICENTER XL
280,3754471069,1519672853,4425117.0,26,2775251,8,True,30.0,13.0,66.0,78.0,8.0,16.0,3.0,54.0,39.0,90.0,11550182.0,96196828.0,90423751.0,86870856.0,177411785.0,123787524.0,129071882.0,113735534.0,110819366.0,82305765.0,EPICENTER XL
281,3755303868,1519729454,2006913.0,26,5229127,34,False,19.0,68.0,53.0,89.0,94.0,16.0,30.0,102.0,22.0,54.0,113372833.0,91460772.0,234699894.0,111030315.0,116881520.0,93552791.0,91064780.0,130801103.0,250114507.0,89269794.0,EPICENTER XL
282,3755308684,1519729192,5197722.0,5,2621843,13,False,29.0,72.0,47.0,16.0,50.0,30.0,54.0,102.0,88.0,43.0,86785083.0,113995822.0,81852496.0,182993582.0,93473848.0,94049589.0,26316691.0,52309044.0,109512357.0,87586992.0,EPICENTER XL
283,3755369031,1519731829,5197722.0,9,2621843,33,False,58.0,12.0,72.0,100.0,87.0,30.0,15.0,43.0,88.0,69.0,86785083.0,113995822.0,81852496.0,182993582.0,93473848.0,94049589.0,26316691.0,87586992.0,109512357.0,52309044.0,EPICENTER XL
284,3755437100,1519734702,2006913.0,59,5229127,72,False,3.0,43.0,65.0,103.0,63.0,58.0,68.0,22.0,51.0,42.0,91460772.0,113372833.0,234699894.0,111030315.0,116881520.0,93552791.0,91064780.0,250114507.0,130801103.0,89269794.0,EPICENTER XL
285,3755655282,1519742538,2006913.0,23,5197722,26,False,57.0,30.0,61.0,107.0,72.0,78.0,109.0,43.0,86.0,100.0,113372833.0,91460772.0,234699894.0,111030315.0,116881520.0,86785083.0,113995822.0,81852496.0,182993582.0,93473848.0,EPICENTER XL
286,3755669137,1519742995,5229127.0,34,2621843,37,False,16.0,104.0,43.0,3.0,72.0,30.0,54.0,69.0,107.0,34.0,93552791.0,130801103.0,250114507.0,91064780.0,89269794.0,94049589.0,26316691.0,52309044.0,109512357.0,87586992.0,EPICENTER XL
287,3755749109,1519746239,5197722.0,16,2006913,8,True,49.0,8.0,72.0,62.0,3.0,87.0,76.0,16.0,90.0,54.0,86785083.0,113995822.0,81852496.0,182993582.0,93473848.0,91460772.0,113372833.0,234699894.0,111030315.0,116881520.0,EPICENTER XL
288,3755794202,1519747891,2621843.0,17,5229127,33,False,30.0,72.0,55.0,100.0,104.0,66.0,101.0,39.0,16.0,42.0,94049589.0,26316691.0,52309044.0,109512357.0,87586992.0,93552791.0,91064780.0,250114507.0,130801103.0,89269794.0,EPICENTER XL
289,3755879132,1519751525,2621843.0,15,5229127,26,False,3.0,49.0,57.0,89.0,35.0,103.0,86.0,11.0,102.0,72.0,94049589.0,26316691.0,52309044.0,109512357.0,87586992.0,93552791.0,91064780.0,250114507.0,130801103.0,89269794.0,EPICENTER XL
290,3755973799,1519755876,5197722.0,41,2621843,24,True,16.0,49.0,72.0,90.0,3.0,30.0,69.0,11.0,51.0,81.0,86785083.0,113995822.0,81852496.0,182993582.0,93473848.0,94049589.0,52309044.0,87586992.0,109512357.0,26316691.0,EPICENTER XL
291,3756040870,1519759286,2621843.0,17,5197722,33,False,87.0,41.0,65.0,58.0,43.0,3.0,12.0,49.0,107.0,68.0,94049589.0,26316691.0,52309044.0,109512357.0,87586992.0,86785083.0,113995822.0,81852496.0,182993582.0,93473848.0,EPICENTER XL
292,3756334764,1519783247,726228.0,30,3331948,20,True,76.0,7.0,90.0,72.0,19.0,86.0,16.0,43.0,54.0,108.0,137193239.0,89423756.0,113800818.0,107803494.0,134276083.0,98878010.0,119576842.0,90882159.0,148215639.0,93616251.0,DreamLeague season 8
293,3756387403,1519787436,3331948.0,20,726228,33,False,103.0,86.0,72.0,95.0,41.0,42.0,7.0,68.0,17.0,57.0,98878010.0,119576842.0,90882159.0,148215639.0,93616251.0,137193239.0,89423756.0,113800818.0,107803494.0,134276083.0,DreamLeague season 8
294,3756438579,1519791316,2626685.0,20,1375614,27,False,109.0,87.0,43.0,16.0,29.0,94.0,3.0,72.0,7.0,38.0,254710104.0,158847773.0,135878232.0,142974425.0,397462905.0,149486894.0,82327674.0,117281554.0,139876032.0,87012746.0,DreamLeague season 8
295,3756482970,1519794500,2626685.0,14,1375614,17,False,107.0,87.0,72.0,49.0,41.0,103.0,11.0,3.0,54.0,102.0,142974425.0,158847773.0,254710104.0,135878232.0,397462905.0,139876032.0,149486894.0,82327674.0,117281554.0,87012746.0,DreamLeague season 8
296,3756547236,1519798875,1375614.0,36,726228,21,True,107.0,72.0,45.0,3.0,7.0,15.0,100.0,68.0,12.0,19.0,139876032.0,149486894.0,117281554.0,82327674.0,87012746.0,137193239.0,89423756.0,113800818.0,107803494.0,134276083.0,DreamLeague season 8
297,3756602954,1519802281,1375614.0,32,726228,33,True,86.0,74.0,54.0,88.0,103.0,8.0,16.0,87.0,72.0,45.0,82327674.0,149486894.0,117281554.0,139876032.0,87012746.0,137193239.0,89423756.0,113800818.0,107803494.0,134276083.0,DreamLeague season 8
298,3756858897,1519815620,5197722.0,19,46,32,False,45.0,81.0,49.0,107.0,30.0,42.0,58.0,62.0,47.0,27.0,86785083.0,113995822.0,81852496.0,182993582.0,93473848.0,11865327.0,92847434.0,112250781.0,5150808.0,113331514.0,EPICENTER XL
299,3756955527,1519819858,46.0,46,5197722,39,True,68.0,38.0,16.0,17.0,72.0,3.0,54.0,39.0,103.0,30.0,113331514.0,92847434.0,112250781.0,5150808.0,11865327.0,86785083.0,113995822.0,81852496.0,182993582.0,93473848.0,EPICENTER XL
300,3757135331,1519826600,4425117.0,25,5229127,32,False,87.0,39.0,103.0,16.0,109.0,90.0,89.0,64.0,49.0,43.0,11550182.0,96196828.0,90423751.0,86870856.0,177411785.0,93552791.0,130801103.0,91064780.0,250114507.0,89269794.0,EPICENTER XL
301,3757261652,1519831251,5229127.0,34,4425117,26,True,103.0,86.0,45.0,53.0,72.0,87.0,49.0,89.0,16.0,54.0,93552791.0,91064780.0,250114507.0,130801103.0,89269794.0,11550182.0,96196828.0,90423751.0,86870856.0,177411785.0,EPICENTER XL
302,3757403284,1519837230,4425117.0,20,5197722,9,True,51.0,11.0,30.0,16.0,41.0,65.0,54.0,47.0,100.0,3.0,11550182.0,96196828.0,90423751.0,86870856.0,177411785.0,86785083.0,113995822.0,81852496.0,182993582.0,93473848.0,EPICENTER XL
303,3757474964,1519840339,5197722.0,21,4425117,3,True,78.0,109.0,72.0,107.0,3.0,27.0,43.0,7.0,57.0,8.0,86785083.0,113995822.0,81852496.0,182993582.0,93473848.0,11550182.0,96196828.0,90423751.0,86870856.0,177411785.0,EPICENTER XL
304,3757539172,1519843430,4425117.0,31,5197722,39,False,87.0,76.0,103.0,102.0,15.0,89.0,109.0,72.0,107.0,30.0,11550182.0,96196828.0,90423751.0,86870856.0,177411785.0,86785083.0,113995822.0,81852496.0,182993582.0,93473848.0,EPICENTER XL
305,3760408738,1520002853,5229127.0,25,46,18,True,103.0,16.0,39.0,86.0,109.0,57.0,65.0,89.0,43.0,87.0,93552791.0,130801103.0,250114507.0,91064780.0,89269794.0,11865327.0,92847434.0,112250781.0,5150808.0,113331514.0,EPICENTER XL
306,3760517861,1520006639,46.0,35,5229127,26,True,72.0,57.0,7.0,76.0,3.0,119.0,64.0,15.0,51.0,48.0,11865327.0,92847434.0,112250781.0,5150808.0,113331514.0,93552791.0,91064780.0,250114507.0,130801103.0,89269794.0,EPICENTER XL
307,3760649937,1520011785,46.0,19,5229127,32,False,48.0,38.0,16.0,47.0,87.0,119.0,86.0,43.0,104.0,54.0,11865327.0,92847434.0,112250781.0,5150808.0,113331514.0,93552791.0,91064780.0,250114507.0,130801103.0,89269794.0,EPICENTER XL
308,3760977296,1520028173,3715574.0,28,3705786,21,True,119.0,108.0,92.0,103.0,72.0,8.0,62.0,43.0,30.0,19.0,85008179.0,87063175.0,85937380.0,105045291.0,86822085.0,194521913.0,101779337.0,59463394.0,100507647.0,292276988.0,GESC: Indonesia
309,3761035234,1520032472,3705786.0,30,3715574,21,True,72.0,7.0,39.0,43.0,87.0,8.0,15.0,27.0,103.0,65.0,194521913.0,101779337.0,59463394.0,292276988.0,100507647.0,86822085.0,85937380.0,85008179.0,105045291.0,87063175.0,GESC: Indonesia
310,3761093569,1520037104,3705786.0,10,3715574,21,False,6.0,89.0,11.0,43.0,30.0,92.0,90.0,74.0,16.0,19.0,194521913.0,101779337.0,59463394.0,292276988.0,100507647.0,86822085.0,85008179.0,85937380.0,105045291.0,87063175.0,GESC: Indonesia
311,3761140807,1520041322,5065748.0,29,2527544,11,True,40.0,86.0,57.0,66.0,80.0,45.0,107.0,27.0,108.0,72.0,28070572.0,157989498.0,97975407.0,229210222.0,196417470.0,131706718.0,88153289.0,234237646.0,447842799.0,65674469.0,GESC: Indonesia
312,3761191870,1520045072,2527544.0,33,5065748,12,True,100.0,39.0,86.0,108.0,72.0,92.0,62.0,43.0,87.0,76.0,88153289.0,131706718.0,234237646.0,447842799.0,65674469.0,28070572.0,157989498.0,97975407.0,229210222.0,196417470.0,GESC: Indonesia
313,3761248482,1520048679,2527544.0,41,5065748,19,True,109.0,100.0,87.0,108.0,54.0,52.0,90.0,16.0,62.0,47.0,131706718.0,88153289.0,234237646.0,447842799.0,65674469.0,28070572.0,157989498.0,97975407.0,229210222.0,196417470.0,GESC: Indonesia
314,3762871002,1520114400,5065748.0,33,3705786,20,True,11.0,16.0,88.0,3.0,19.0,72.0,76.0,103.0,45.0,87.0,28070572.0,157989498.0,97975407.0,99796146.0,196417470.0,194521913.0,59463394.0,101779337.0,292276988.0,100507647.0,GESC: Thailand
315,3762922157,1520117505,5065748.0,26,3705786,33,True,72.0,7.0,49.0,3.0,12.0,54.0,90.0,19.0,76.0,87.0,28070572.0,157989498.0,97975407.0,99796146.0,196417470.0,194521913.0,101779337.0,292276988.0,59463394.0,100507647.0,GESC: Thailand
316,3763027660,1520125625,2527544.0,19,3715574,28,False,16.0,45.0,3.0,57.0,10.0,86.0,43.0,103.0,72.0,78.0,88153289.0,131706718.0,234237646.0,242697694.0,65674469.0,85008179.0,85937380.0,105045291.0,86822085.0,87063175.0,GESC: Thailand
317,3763089954,1520130359,5258710.0,8,3715574,33,False,73.0,3.0,51.0,39.0,108.0,30.0,92.0,76.0,103.0,16.0,131706718.0,234237646.0,88153289.0,65674469.0,242697694.0,85008179.0,86822085.0,85937380.0,105045291.0,87063175.0,GESC: Thailand
318,3763492629,1520150508,2163.0,34,3331948,19,True,11.0,13.0,66.0,107.0,72.0,30.0,7.0,15.0,99.0,57.0,105248644.0,34505203.0,82262664.0,101356886.0,72312627.0,98878010.0,119576842.0,90882159.0,148215639.0,93616251.0,PGL BUCHAREST MAJOR 2018
319,3763575506,1520154293,1838315.0,47,3,26,True,68.0,81.0,7.0,108.0,43.0,87.0,72.0,53.0,103.0,45.0,87278757.0,97590558.0,89117038.0,86799300.0,116585378.0,49317728.0,12231202.0,172424257.0,50828662.0,84429681.0,PGL BUCHAREST MAJOR 2018
320,3763711443,1520158763,39.0,27,67,18,True,10.0,102.0,15.0,62.0,5.0,87.0,19.0,12.0,40.0,66.0,86745912.0,111620041.0,87177591.0,87382579.0,25907144.0,84853828.0,117956848.0,94004717.0,86700461.0,116525052.0,PGL BUCHAREST MAJOR 2018
321,3763798613,1520162081,1883502.0,21,5026801,22,False,111.0,8.0,49.0,19.0,66.0,17.0,91.0,72.0,29.0,5.0,134556694.0,132851371.0,106573901.0,92423451.0,159020918.0,221666230.0,73562326.0,87285329.0,86698277.0,86727555.0,PGL BUCHAREST MAJOR 2018
322,3763905209,1520165979,2108395.0,31,543897,15,True,30.0,88.0,13.0,72.0,29.0,16.0,97.0,54.0,87.0,43.0,184950344.0,155494381.0,164532005.0,132309493.0,187619311.0,100471531.0,84772440.0,89871557.0,91443418.0,113457795.0,PGL BUCHAREST MAJOR 2018
323,3764049023,1520170674,726228.0,6,5027210,18,False,76.0,119.0,84.0,72.0,29.0,94.0,108.0,87.0,43.0,60.0,137193239.0,89423756.0,113800818.0,107803494.0,134276083.0,137272985.0,139937922.0,114239371.0,108382060.0,182331313.0,PGL BUCHAREST MAJOR 2018
324,3764167820,1520174478,36.0,19,2586976,24,False,89.0,15.0,76.0,87.0,38.0,30.0,10.0,107.0,78.0,43.0,106809101.0,114619230.0,70388657.0,35504297.0,89550641.0,94155156.0,86725175.0,26771994.0,41231571.0,19672354.0,PGL BUCHAREST MAJOR 2018
325,3764298763,1520179319,1375614.0,25,2006913,17,True,45.0,49.0,68.0,108.0,16.0,86.0,41.0,65.0,66.0,72.0,117281554.0,149486894.0,82327674.0,87012746.0,139876032.0,91460772.0,113372833.0,234699894.0,111030315.0,116881520.0,PGL BUCHAREST MAJOR 2018
326,3764675159,1520197669,5065748.0,18,5258710,37,False,34.0,16.0,49.0,3.0,57.0,107.0,43.0,86.0,102.0,72.0,28070572.0,157989498.0,97975407.0,229210222.0,196417470.0,88153289.0,131706718.0,234237646.0,447842799.0,65674469.0,GESC: Thailand
327,3764739548,1520201768,2527544.0,12,5065748,30,False,76.0,29.0,30.0,16.0,54.0,19.0,60.0,33.0,87.0,95.0,131706718.0,447842799.0,234237646.0,88153289.0,65674469.0,28070572.0,157989498.0,97975407.0,229210222.0,196417470.0,GESC: Thailand
328,3764778600,1520205123,5065748.0,28,2527544,33,True,47.0,16.0,57.0,27.0,76.0,109.0,86.0,87.0,102.0,43.0,28070572.0,157989498.0,97975407.0,229210222.0,196417470.0,131706718.0,88153289.0,234237646.0,447842799.0,65674469.0,GESC: Thailand
329,3764826814,1520209371,5065748.0,20,3715574,29,False,43.0,16.0,38.0,66.0,80.0,30.0,49.0,103.0,45.0,15.0,28070572.0,157989498.0,97975407.0,229210222.0,196417470.0,85008179.0,86822085.0,105045291.0,85937380.0,87063175.0,GESC: Thailand
330,3764884555,1520214337,3715574.0,52,5065748,33,True,119.0,43.0,100.0,54.0,15.0,19.0,103.0,102.0,87.0,109.0,85008179.0,85937380.0,105045291.0,86822085.0,87063175.0,28070572.0,157989498.0,97975407.0,229210222.0,196417470.0,GESC: Thailand
331,3764949572,1520219326,5065748.0,14,3715574,45,False,49.0,16.0,78.0,68.0,12.0,13.0,111.0,43.0,103.0,8.0,28070572.0,157989498.0,97975407.0,229210222.0,185202677.0,87063175.0,85008179.0,85937380.0,105045291.0,86822085.0,GESC: Thailand
332,3765204718,1520236855,2108395.0,45,5026801,23,True,30.0,100.0,11.0,54.0,13.0,46.0,88.0,72.0,19.0,3.0,184950344.0,155494381.0,164532005.0,132309493.0,187619311.0,221666230.0,73562326.0,87285329.0,86698277.0,86727555.0,PGL BUCHAREST MAJOR 2018
333,3765289061,1520242079,3.0,23,543897,13,True,68.0,47.0,92.0,66.0,19.0,94.0,69.0,89.0,87.0,9.0,49317728.0,12231202.0,172424257.0,50828662.0,84429681.0,89871557.0,84772440.0,100471531.0,91443418.0,113457795.0,PGL BUCHAREST MAJOR 2018
334,3765370823,1520246259,39.0,44,2163,49,True,10.0,102.0,49.0,53.0,86.0,12.0,65.0,3.0,103.0,15.0,86745912.0,111620041.0,87177591.0,87382579.0,25907144.0,105248644.0,34505203.0,82262664.0,101356886.0,72312627.0,PGL BUCHAREST MAJOR 2018
335,3765492612,1520252084,5027210.0,35,1838315,5,True,72.0,78.0,87.0,77.0,103.0,68.0,88.0,8.0,99.0,74.0,137272985.0,139937922.0,114239371.0,108382060.0,182331313.0,87278757.0,89117038.0,97590558.0,86799300.0,116585378.0,PGL BUCHAREST MAJOR 2018
336,3765600224,1520256242,2586976.0,11,1375614,28,False,3.0,8.0,107.0,78.0,76.0,88.0,72.0,87.0,15.0,108.0,94155156.0,86725175.0,26771994.0,41231571.0,19672354.0,139876032.0,149486894.0,82327674.0,117281554.0,87012746.0,PGL BUCHAREST MAJOR 2018
337,3765708885,1520260434,1883502.0,22,3331948,36,True,30.0,109.0,43.0,78.0,7.0,68.0,107.0,25.0,81.0,57.0,134556694.0,132851371.0,106573901.0,92423451.0,159020918.0,98878010.0,119576842.0,90882159.0,148215639.0,93616251.0,PGL BUCHAREST MAJOR 2018
338,3765833999,1520265622,36.0,25,2006913,19,True,69.0,54.0,43.0,30.0,29.0,87.0,19.0,102.0,91.0,72.0,106809101.0,114619230.0,70388657.0,35504297.0,89550641.0,91460772.0,113372833.0,234699894.0,111030315.0,116881520.0,PGL BUCHAREST MAJOR 2018
339,3765946065,1520270689,67.0,29,726228,11,True,72.0,16.0,68.0,43.0,33.0,42.0,89.0,87.0,17.0,57.0,94004717.0,84853828.0,116525052.0,86700461.0,117956848.0,137193239.0,89423756.0,113800818.0,107803494.0,134276083.0,PGL BUCHAREST MAJOR 2018
340,3766681094,1520323325,1883502.0,27,36,19,True,68.0,8.0,11.0,16.0,51.0,28.0,54.0,25.0,87.0,43.0,134556694.0,132851371.0,106573901.0,92423451.0,159020918.0,106809101.0,114619230.0,70388657.0,35504297.0,89550641.0,PGL BUCHAREST MAJOR 2018
341,3766752458,1520327331,1838315.0,27,67,20,True,100.0,12.0,91.0,99.0,15.0,63.0,30.0,66.0,92.0,28.0,87278757.0,97590558.0,89117038.0,86799300.0,116585378.0,94004717.0,84853828.0,116525052.0,86700461.0,117956848.0,PGL BUCHAREST MAJOR 2018
342,3766823904,1520331167,3331948.0,22,726228,37,False,68.0,23.0,43.0,109.0,88.0,41.0,16.0,37.0,113.0,53.0,98878010.0,119576842.0,90882159.0,148215639.0,93616251.0,137193239.0,89423756.0,113800818.0,107803494.0,134276083.0,PGL BUCHAREST MAJOR 2018
343,3766915400,1520335709,3.0,43,2163,27,True,100.0,19.0,72.0,13.0,98.0,109.0,2.0,30.0,91.0,40.0,49317728.0,12231202.0,172424257.0,50828662.0,84429681.0,105248644.0,34505203.0,82262664.0,101356886.0,72312627.0,PGL BUCHAREST MAJOR 2018
344,3767025456,1520340338,2006913.0,26,543897,36,False,62.0,39.0,61.0,86.0,54.0,72.0,53.0,103.0,3.0,13.0,91460772.0,113372833.0,234699894.0,111030315.0,116881520.0,89871557.0,84772440.0,100471531.0,91443418.0,113457795.0,PGL BUCHAREST MAJOR 2018
345,3767136890,1520344966,5027210.0,26,2108395,21,True,72.0,108.0,64.0,43.0,60.0,30.0,89.0,13.0,8.0,16.0,137272985.0,139937922.0,114239371.0,108382060.0,182331313.0,184950344.0,155494381.0,164532005.0,132309493.0,187619311.0,PGL BUCHAREST MAJOR 2018
346,3767287818,1520350255,39.0,14,1375614,11,True,54.0,45.0,47.0,53.0,86.0,30.0,19.0,49.0,16.0,57.0,86745912.0,111620041.0,87177591.0,87382579.0,25907144.0,82327674.0,117281554.0,149486894.0,139876032.0,87012746.0,PGL BUCHAREST MAJOR 2018
347,3767358224,1520353501,5026801.0,27,2586976,10,True,12.0,119.0,72.0,16.0,3.0,86.0,10.0,103.0,19.0,92.0,221666230.0,73562326.0,87285329.0,86698277.0,86727555.0,94155156.0,86725175.0,26771994.0,41231571.0,19672354.0,PGL BUCHAREST MAJOR 2018
348,3768183941,1520409809,2163.0,28,726228,6,True,54.0,58.0,68.0,107.0,72.0,81.0,16.0,30.0,13.0,108.0,105248644.0,34505203.0,82262664.0,101356886.0,72312627.0,137193239.0,89423756.0,113800818.0,107803494.0,134276083.0,PGL BUCHAREST MAJOR 2018
349,3768245969,1520412927,3.0,19,1375614,24,False,68.0,13.0,77.0,16.0,57.0,88.0,43.0,72.0,111.0,29.0,49317728.0,12231202.0,172424257.0,50828662.0,84429681.0,139876032.0,149486894.0,117281554.0,82327674.0,87012746.0,PGL BUCHAREST MAJOR 2018
350,3768329633,1520417363,67.0,25,36,26,False,114.0,16.0,68.0,43.0,33.0,103.0,109.0,25.0,86.0,57.0,94004717.0,84853828.0,116525052.0,86700461.0,117956848.0,106809101.0,114619230.0,70388657.0,35504297.0,89550641.0,PGL BUCHAREST MAJOR 2018
351,3768435440,1520422195,543897.0,26,2586976,33,False,76.0,53.0,51.0,87.0,9.0,30.0,49.0,103.0,57.0,89.0,89871557.0,84772440.0,100471531.0,91443418.0,113457795.0,94155156.0,86725175.0,26771994.0,41231571.0,19672354.0,PGL BUCHAREST MAJOR 2018
352,3768548189,1520426928,1883502.0,39,2108395,22,True,87.0,54.0,43.0,16.0,23.0,58.0,107.0,72.0,98.0,88.0,134556694.0,132851371.0,106573901.0,92423451.0,159020918.0,184950344.0,155494381.0,164532005.0,132309493.0,187619311.0,PGL BUCHAREST MAJOR 2018
353,3768665017,1520431040,1838315.0,28,5026801,25,True,30.0,63.0,103.0,53.0,11.0,19.0,62.0,15.0,16.0,31.0,87278757.0,97590558.0,89117038.0,86799300.0,116585378.0,221666230.0,73562326.0,87285329.0,86698277.0,86727555.0,PGL BUCHAREST MAJOR 2018
354,3768860674,1520438434,2163.0,28,2586976,28,True,8.0,58.0,37.0,16.0,49.0,50.0,43.0,107.0,65.0,77.0,105248644.0,34505203.0,82262664.0,101356886.0,72312627.0,94155156.0,86725175.0,26771994.0,41231571.0,19672354.0,PGL BUCHAREST MAJOR 2018
355,3768972838,1520443080,3.0,9,5026801,24,False,86.0,11.0,72.0,66.0,96.0,43.0,103.0,10.0,16.0,30.0,49317728.0,12231202.0,172424257.0,50828662.0,84429681.0,221666230.0,73562326.0,87285329.0,86698277.0,86727555.0,PGL BUCHAREST MAJOR 2018
356,3769072510,1520447694,36.0,20,2108395,25,False,119.0,72.0,49.0,86.0,38.0,30.0,100.0,76.0,109.0,13.0,106809101.0,114619230.0,70388657.0,35504297.0,89550641.0,184950344.0,155494381.0,164532005.0,132309493.0,187619311.0,PGL BUCHAREST MAJOR 2018
357,3770230446,1520514015,5197722.0,23,46,44,False,29.0,30.0,47.0,69.0,109.0,45.0,57.0,107.0,41.0,87.0,86785083.0,93473848.0,81852496.0,182993582.0,113995822.0,11865327.0,92847434.0,112250781.0,5150808.0,113331514.0,EPICENTER XL
358,3770413282,1520519054,46.0,13,5197722,23,False,95.0,119.0,60.0,39.0,87.0,104.0,72.0,49.0,103.0,30.0,11865327.0,92847434.0,112250781.0,5150808.0,113331514.0,86785083.0,113995822.0,81852496.0,182993582.0,93473848.0,EPICENTER XL
359,3770504769,1520522569,5197722.0,20,46,31,False,33.0,109.0,47.0,107.0,30.0,95.0,57.0,7.0,11.0,87.0,86785083.0,113995822.0,81852496.0,182993582.0,93473848.0,11865327.0,92847434.0,112250781.0,5150808.0,113331514.0,EPICENTER XL
360,3770628434,1520527489,46.0,48,5229127,35,True,8.0,119.0,60.0,11.0,86.0,88.0,30.0,16.0,43.0,80.0,11865327.0,92847434.0,112250781.0,5150808.0,113331514.0,93552791.0,91064780.0,130801103.0,250114507.0,89269794.0,EPICENTER XL
361,3770751583,1520533116,46.0,26,5229127,18,True,39.0,65.0,60.0,109.0,87.0,103.0,111.0,43.0,16.0,93.0,11865327.0,92847434.0,112250781.0,5150808.0,113331514.0,93552791.0,91064780.0,250114507.0,130801103.0,89269794.0,EPICENTER XL
362,3770826200,1520536832,5229127.0,28,46,15,True,100.0,68.0,43.0,65.0,54.0,19.0,13.0,7.0,12.0,3.0,93552791.0,91064780.0,250114507.0,130801103.0,89269794.0,11865327.0,92847434.0,112250781.0,5150808.0,113331514.0,EPICENTER XL
363,3770890637,1520540803,46.0,42,5229127,32,True,19.0,104.0,86.0,74.0,27.0,103.0,37.0,34.0,16.0,54.0,11865327.0,92847434.0,112250781.0,5150808.0,113331514.0,93552791.0,91064780.0,250114507.0,130801103.0,89269794.0,EPICENTER XL
364,3771606255,1520586137,2108395.0,40,5027210,9,True,87.0,16.0,76.0,72.0,65.0,94.0,3.0,104.0,19.0,100.0,184950344.0,155494381.0,164532005.0,132309493.0,187619311.0,137272985.0,114239371.0,139937922.0,108382060.0,182331313.0,PGL BUCHAREST MAJOR 2018
365,3771700231,1520590279,2108395.0,18,5027210,31,False,76.0,16.0,87.0,9.0,65.0,11.0,86.0,29.0,63.0,100.0,132309493.0,155494381.0,184950344.0,164532005.0,187619311.0,137272985.0,114239371.0,139937922.0,108382060.0,182331313.0,PGL BUCHAREST MAJOR 2018
366,3771806416,1520594849,2108395.0,6,5027210,26,False,72.0,7.0,86.0,11.0,57.0,47.0,30.0,78.0,48.0,107.0,132309493.0,155494381.0,184950344.0,164532005.0,187619311.0,137272985.0,114239371.0,139937922.0,108382060.0,182331313.0,PGL BUCHAREST MAJOR 2018
367,3771946947,1520599964,1838315.0,19,1375614,25,False,87.0,7.0,72.0,110.0,19.0,48.0,47.0,30.0,89.0,108.0,87278757.0,89117038.0,97590558.0,86799300.0,116585378.0,117281554.0,149486894.0,82327674.0,139876032.0,87012746.0,PGL BUCHAREST MAJOR 2018
368,3772078989,1520604323,1375614.0,26,1838315,14,True,107.0,43.0,48.0,87.0,78.0,42.0,101.0,15.0,29.0,72.0,139876032.0,149486894.0,117281554.0,82327674.0,87012746.0,87278757.0,89117038.0,97590558.0,86799300.0,116585378.0,PGL BUCHAREST MAJOR 2018
369,3772237673,1520609504,2163.0,24,39,8,True,1.0,49.0,119.0,107.0,40.0,8.0,102.0,45.0,62.0,103.0,105248644.0,34505203.0,82262664.0,101356886.0,72312627.0,86745912.0,111620041.0,87177591.0,87382579.0,25907144.0,PGL BUCHAREST MAJOR 2018
370,3772339381,1520613397,39.0,27,2163,0,True,54.0,106.0,47.0,66.0,100.0,98.0,99.0,119.0,90.0,80.0,86745912.0,111620041.0,87177591.0,87382579.0,25907144.0,105248644.0,34505203.0,82262664.0,101356886.0,72312627.0,PGL BUCHAREST MAJOR 2018
371,3772435351,1520616958,2163.0,30,39,13,True,54.0,57.0,3.0,103.0,40.0,15.0,38.0,61.0,90.0,26.0,105248644.0,34505203.0,82262664.0,101356886.0,72312627.0,86745912.0,111620041.0,87177591.0,87382579.0,25907144.0,PGL BUCHAREST MAJOR 2018
372,3773436674,1520672567,1883502.0,33,5026801,14,True,87.0,109.0,72.0,57.0,103.0,43.0,91.0,95.0,104.0,3.0,134556694.0,132851371.0,106573901.0,92423451.0,159020918.0,221666230.0,73562326.0,87285329.0,86698277.0,86727555.0,PGL BUCHAREST MAJOR 2018
373,3773545008,1520676940,1883502.0,32,5026801,12,True,86.0,8.0,72.0,89.0,66.0,43.0,100.0,54.0,13.0,30.0,134556694.0,132851371.0,106573901.0,92423451.0,159020918.0,221666230.0,73562326.0,87285329.0,86698277.0,86727555.0,PGL BUCHAREST MAJOR 2018
374,3773664713,1520681252,1375614.0,16,5027210,25,False,66.0,15.0,46.0,86.0,57.0,11.0,87.0,62.0,78.0,48.0,82327674.0,117281554.0,149486894.0,139876032.0,87012746.0,137272985.0,114239371.0,182331313.0,139937922.0,108382060.0,PGL BUCHAREST MAJOR 2018
375,3773771562,1520685097,1375614.0,24,5027210,25,False,16.0,112.0,46.0,72.0,78.0,57.0,11.0,107.0,87.0,77.0,139876032.0,82327674.0,149486894.0,117281554.0,87012746.0,139937922.0,137272985.0,182331313.0,114239371.0,108382060.0,PGL BUCHAREST MAJOR 2018
376,3773950827,1520690648,1883502.0,25,2163,16,True,68.0,109.0,19.0,69.0,16.0,74.0,49.0,111.0,103.0,77.0,134556694.0,132851371.0,106573901.0,92423451.0,159020918.0,105248644.0,34505203.0,82262664.0,101356886.0,72312627.0,PGL BUCHAREST MAJOR 2018
377,3774083100,1520694800,2163.0,24,1883502,22,True,12.0,29.0,68.0,107.0,40.0,87.0,48.0,39.0,16.0,89.0,105248644.0,34505203.0,82262664.0,101356886.0,72312627.0,134556694.0,132851371.0,106573901.0,92423451.0,159020918.0,PGL BUCHAREST MAJOR 2018
378,3774178327,1520697990,2163.0,13,1883502,39,False,59.0,29.0,37.0,107.0,40.0,111.0,109.0,43.0,108.0,16.0,105248644.0,34505203.0,82262664.0,101356886.0,72312627.0,134556694.0,132851371.0,106573901.0,92423451.0,159020918.0,PGL BUCHAREST MAJOR 2018
379,3775730294,1520769605,1883502.0,30,5027210,10,True,87.0,8.0,72.0,19.0,100.0,12.0,3.0,78.0,48.0,103.0,134556694.0,132851371.0,106573901.0,92423451.0,159020918.0,137272985.0,114239371.0,139937922.0,108382060.0,182331313.0,PGL BUCHAREST MAJOR 2018
380,3775825168,1520772945,1883502.0,26,5027210,13,True,26.0,10.0,43.0,58.0,89.0,109.0,103.0,87.0,49.0,45.0,134556694.0,132851371.0,106573901.0,92423451.0,159020918.0,137272985.0,182331313.0,114239371.0,108382060.0,139937922.0,PGL BUCHAREST MAJOR 2018
381,3775933971,1520776577,1883502.0,36,5027210,18,True,68.0,61.0,19.0,96.0,107.0,43.0,100.0,87.0,48.0,65.0,134556694.0,132851371.0,106573901.0,92423451.0,159020918.0,137272985.0,182331313.0,114239371.0,108382060.0,139937922.0,PGL BUCHAREST MAJOR 2018
