,radiant_H1elo_vs_enemies,radiant_H2elo_vs_enemies,radiant_H3elo_vs_enemies,radiant_H4elo_vs_enemies,radiant_H5elo_vs_enemies,dire_H1elo_vs_enemies,dire_H2elo_vs_enemies,dire_H3elo_vs_enemies,dire_H4elo_vs_enemies,dire_H5elo_vs_enemies,match_id
0,-0.8955013846275682,6.9554598724948615,-1.0055036981605876,28.436522010278246,0.3323623739077268,-7.478731603379199,-3.7285335874240073,-8.776727193941063,-4.786316490287498,-9.053030298860913,3780347464
1,-3.724468606746649,-3.961646027886411,-2.9674539378670657,-3.458555764528593,12.631447912972568,6.315844004945628,-15.630727743459124,5.655282191581289,1.9727583679375285,3.167519603050829,3787689572
2,9.233180716221986,-2.1446583652509226,6.085106380334833,13.77534778794665,-6.761499645820871,13.427090089795616,-13.454904673689118,-13.636734355557918,5.296313461176033,-11.81924139515629,3778740149
3,6.5880843839143335,13.939398871978472,19.260065191345003,22.16709962298639,16.790523595425107,-13.67165291978488,-8.551119372064969,-27.176465392109236,-14.92894540553757,-14.416988576152658,3781860981
4,-5.521413542865294,-12.277459834313758,-7.247232956966068,2.362316729786519,-23.0532819481008,19.837172530293614,-5.192116412056616,4.8287826679268395,12.237861869977714,14.02537089631785,3787477054
5,9.009864198264257,-2.555206306763941,25.725296232736618,-9.434335680310268,-1.3839297600184506,6.061675677201594,-12.290255999219234,-6.863276115910757,-1.50610065037515,-6.763731595604668,3784907866
6,-3.8748110244825438,0.72771546614288,-9.398371951852521,-4.7859991511646305,-2.5125698734181783,9.409215697502692,0.10623765349638137,3.2229890634878147,1.6901653137886425,5.415428806499463,3780150423
7,4.097018881629442,6.849494425639707,9.032106935567404,-6.90605758184824,-0.319359493221711,-11.083844990852771,21.21884457586466,-16.44947032337901,-8.571334781541719,2.1326023521422384,3778675303
8,7.961551832725558,-2.7741260693392755,-3.787502147870622,5.638332341878366,-6.699340744450597,8.045585205465983,-6.877698354038821,-9.543320618792023,7.412145484177984,0.6243730702434478,3793374615
9,-2.442304897410432,-2.6585928784607953,-5.894581411625678,13.566177295199576,2.3894914301482446,18.840776313849418,-8.377770068426315,-9.43544441422494,-9.447824282536748,3.460072913487668,3793269879
10,-1.4369034663739921,-1.5425224097645434,3.689789084507003,0.4797557109754651,4.783397748922828,-9.330158824996504,-6.745593332966331,5.853026197627341,3.957221004593445,0.29198828747528904,3783629450
11,-9.276256499565156,0.7604870682898288,9.316060317764975,21.867412979922243,-10.232345732566694,-12.913520246558862,-18.837814685553578,-5.674622613837045,16.62035510424375,8.370244307860537,3794869690
12,33.90029574216481,12.401517293216427,-9.48841099744585,-9.274163370437758,7.646087618223664,-10.081754099221023,-18.63613764847582,-15.655216180047706,7.0655451597646985,2.1222364822585535,3797438076
13,20.36964605234905,-1.6654237106295309,-6.09153352662009,4.171309575763931,20.597031552993307,-25.49533112907905,9.800794597952896,-1.1253484651847305,-11.118416386918199,-9.442728560627582,3794537388
14,3.212805186114706,-12.101405310958341,-8.3189902308414,-5.686982851504851,-3.75949795048953,-2.3550757815355237,-0.4158337379514808,20.47358527078223,18.595213350346675,-9.643817943962484,3794749157
15,-4.540982682801756,6.757042426389809,0.6175173031788918,-1.115241517480731,-1.4613396394722233,-4.177106922236059,-0.01721094650149091,-3.0592487838654225,-0.49452513542288945,7.491095898211871,3796675902
16,-6.8779480779549464,-6.575493625298648,-23.39272755069386,-17.882865925289824,-2.2028258461122223,0.5192729236886249,9.669676568304316,20.71229726160429,19.984715254616216,6.04589901713605,3780275838
17,13.806074968203193,-7.081537127914214,8.306389745788536,-2.031161911430713,17.584173301559936,0.03892832194340912,-1.581180934557959,-14.588893817646262,-4.208644693132001,-10.24414785281393,3797009380
18,-21.252804355650007,-20.293529827231403,-8.648727698129694,-10.13014442196509,5.468052248498722,9.481310196004909,9.433946354876383,3.5880913330880526,35.72028092297533,-3.3664747524672065,3781488024
19,9.285106854366429,-14.123275365128968,27.481284876582446,1.203408734568365,-8.566373758954809,-13.897552457695577,0.44301509686060436,-9.802156637108844,3.538577116906126,4.437965539604224,3792361808
20,-0.2906983499399902,5.627621456870218,-6.1382751351224725,-4.234867888064633,7.305640779768445,8.820765132754136,-18.513946877481906,0.8854888731311978,0.4425856369365684,6.095686371148437,3786106535
21,-0.36579843978473825,5.6353222774663,-3.965774338619216,14.344339904117538,-0.5516426298644181,-3.688267403866635,3.089930722338678,-6.398301273391559,2.0733524729048316,-10.173161291300781,3796359654
22,-11.04343572164813,-9.888200658730158,11.304139509518127,13.110169830249864,-10.854562914889142,4.6538121757476025,-4.783450115575083,7.712156229085366,0.8924143374474638,-1.1030426712059105,3785089541
23,-11.091194951539693,-3.2454083202586066,-15.039186758602067,0.8644148516399864,-6.291068377458295,-8.688658052607238,28.6719179148461,1.0768113614402735,4.914365675134402,8.828006657405135,3794026128
24,17.19435529745635,7.006085502366229,5.103426753162182,-11.829315830381127,-0.06665750507131696,-7.9258475951722165,-6.777839215502567,0.37592999146739214,4.893312918568328,-7.973450316893251,3793708269
25,1.9793974998284467,-7.648095221464503,1.7926484483252771,-17.527240330701467,-5.775398069512762,5.240208781732337,0.9370986765888047,16.010606363910448,-4.886319585032936,9.877093436326351,3794813617
26,-3.354553609353255,-7.682426441905757,-18.23608265961611,-6.560852815410181,4.045849066095647,10.164671980228595,-5.901665108118971,7.074687862662087,8.652408353855556,11.797963371562387,3780334499
27,-2.6978836134541293,19.833476016028836,-11.039690566547613,-11.59668802047828,24.525211064821093,-7.084568856398169,0.550732883276615,-6.85840821361367,-6.4046257327304446,0.7724450390957656,3787212636
28,-19.519491057439744,-3.7214641321464663,12.679063223606358,-11.836848888286763,-15.376780319504137,22.156010516740157,8.186762571048154,-2.3925972365226236,8.500909989005782,1.3244353334992893,3782034378
29,8.639185500673292,-3.702223119801573,-4.8836358465525205,3.5211639329204893,-1.1970017402940396,22.192227122803818,-12.754732635831168,-6.335886003636874,3.056387252839765,-8.53548446312119,3783551872
30,8.419525711375496,-5.5502560160087455,23.55352480109249,4.171309575763931,23.26946274278231,-10.450121203561611,-7.4428545740760494,-8.230041801100406,-18.129106839016302,-9.611442397251112,3788263049
31,18.334048250110293,-3.7391653241783445,2.2936017460759075,-13.591384677864411,-8.410820907237948,3.987230555555649,3.520707821148064,12.055087935506634,-3.5947437016922423,-10.854561697423604,3781636310
32,-1.823456744805549,6.402940910299713,-22.1882686355451,-10.111642059106826,16.33849298879144,8.352895473946766,3.5460146605877543,0.3528511099356857,4.205362385445803,-5.075190089549688,3796409885
33,-6.621245700247927,-3.402084325341604,9.71932136009501,-11.35237309073755,-10.98611562182834,13.913098504844436,3.1468413333855536,-1.2745586912877351,6.609714794673151,0.24740143644500545,3784841338
34,-12.448507952720366,-10.637148085294164,-22.889579157382407,2.2290698633895754,1.458470590049826,6.250620432146779,8.023475245000654,7.947382194211604,-0.959060546156423,21.02527741675492,3785816471
35,-7.94300905731094,-15.01073212899583,-2.8035301581731176,-3.370702716537775,-12.258230263996639,9.738218505258493,8.153050866090517,4.171309575763931,12.492955920733163,6.830669457168195,3792544900
36,-7.690193017750407,10.629764246422308,12.631447912972568,12.223585995894258,-11.221896964737116,0.23413036770525597,4.49733141361886,-1.6578788526732877,-10.132281975772827,-9.514009125679614,3792722654
37,10.484130601146266,14.111376727668837,6.128502296411743,3.600504614205982,15.921133638404921,-14.685544143366462,-6.434477223138074,-9.621829430769917,-8.140874778850723,-11.362922301712578,3781854643
38,7.277566372006795,0.7754774165746099,0.6887545365028896,2.330722801503165,23.24963050585625,-4.038314637134178,-0.8856114275763838,-28.82696619116944,-11.425927552610153,10.854668176046445,3788207664
39,-13.16927689577461,7.90035818626091,-10.837017616422122,-19.184757698551046,-2.947273474568016,0.0,19.155031871378057,14.57860484935792,0.1501465048760291,4.354184273442885,3797178901
40,12.9412786002171,-5.522464309190555,-6.032664776803421,10.907017802522287,-4.917107815567628,9.462628574213987,5.824338461357661,-12.047388238525901,-7.502463903461751,-3.1131743947617787,3785291298
41,-7.524315375615872,-1.6836715374841162,-9.843031736569905,3.535796129578377,-7.44448743056241,-2.8953727659878026,-3.4767472812624556,7.215313789650411,14.087020091624218,8.029496116629554,3794784138
42,4.739112463309898,11.481559020870982,14.698763702532723,-10.293697190397234,1.8135999573396928,0.28213064531550813,-1.096386471602531,-6.7020587507610365,-19.094332952371936,4.171309575763931,3794807532
43,2.5138302915697235,-16.854146628081896,-13.116392106247744,-13.18975319382773,-15.613029879523545,17.312130323442997,-6.920032781482402,7.877246368352172,17.041430104905608,20.948717500892812,3783124580
44,-2.9917610630194273,-3.544081793197135,14.281297079140703,0.2898779323005416,18.881306897741155,-8.460593709585892,-14.269787058693574,-8.329482690574368,12.631447912972568,-8.488223507084577,3783372403
45,-8.21955475229717,5.880376562982885,-17.019018566368914,2.02815510503338,13.227577410544765,5.043648579067255,-6.374632388434804,-9.16899041225506,13.649327796191368,0.953110665536296,3778616962
46,4.923463409280842,-11.44060360588514,3.4192862940252975,-24.50968665837186,-2.5895121179464167,6.61787494925916,0.10453999442673956,7.074066896215532,16.06253395880218,0.3380368801936613,3796626813
47,4.222920265876197,18.466379941775287,40.68048245530892,6.145083464938115,3.2102453373660143,-14.186827911619407,-5.387930258902048,-20.842660006591792,-22.14307020064769,-10.164623087503598,3792177620
48,-5.7351128502921815,3.2146031347508948,-16.3346012273393,0.37816434549755074,5.367899798611083,16.07589858667907,1.0279421025897457,-5.705210634935741,6.196397165008764,-4.485980420569884,3793894671
49,-13.763885935995598,12.849353411797305,9.57903938618901,-2.8098275936754074,2.9200927349755847,13.941788581745415,-8.010336000656952,-9.177098003881103,-14.389858990410396,8.860732409912139,3794599724
50,3.9238933814699166,23.266304878580197,9.732084349447582,-0.16449843041572976,-20.987825857161027,-7.786412372846058,12.631447912972568,-15.382574719767295,6.338084392630463,-11.570503534910621,3797112718
51,-16.014326389318434,-3.913520833771296,-3.1953030151479944,22.666335037549675,-5.5475379676379895,5.52470534974844,5.262061743706077,17.212612403371416,-10.499500611411804,-11.495525717088093,3797612930
52,-29.213926183513326,-2.715050718947471,4.761570780613062,1.2176338155901885,-3.144687138199025,-6.125162218581618,6.026909475095778,-13.331901576560359,22.501075276373097,20.023538488129677,3797616005
53,12.610593563065244,-16.531568210779945,4.743840685849041,7.727326632861395,18.86194167597427,-12.696511285858065,-12.295151280734686,12.664849514746262,-9.63263797492035,-5.452683320203166,3778370478
54,5.082388447029074,-16.55613134563858,5.963254610779969,3.9350189822117505,15.333579071575386,-1.8054940449508754,-8.011680936063755,5.439587683692611,7.149533544623797,-16.530056013259376,3796392358
55,0.14825879435349665,9.331538859487722,18.026433730612382,7.427666163052154,0.014593590437907977,-10.71791029187056,-18.35877743768849,-8.040096587149621,4.9509505924619335,-2.782657413696931,3794669782
56,4.015242863150814,1.805105727377748,-3.5442855404268476,-9.747061398653992,-1.9887164221150009,9.472514951084475,5.3829579351579415,-11.077724093524246,2.348536135584512,3.3334298423645965,3783306560
57,5.66532088542164,-4.5850643630937675,-13.483015865244642,3.9906000480055095,-10.811215454665478,4.313529082198791,-8.685452405385629,4.171309575763931,16.766007576483396,2.6579809205162483,3792261655
58,-8.48958922349819,10.574489044069564,-9.552461517656544,38.11636739440154,-2.702457082339028,-2.477537953117386,-7.641378485582992,6.521377435974827,-14.347621931909611,-10.00118768034218,3791572947
59,-2.8838645194377452,7.468514300071836,8.737615216336547,3.884496548781169,-3.629817187749838,-3.383257404029355,-9.43115133856072,-7.715888469277493,9.546040738101624,-2.592687884236023,3796521781
60,-1.2062288974809539,-15.851817409615808,9.182082983651666,-0.8168602333382422,14.176323676280935,-10.83583202762264,4.362647861086787,1.0388214783471441,-2.824676929224643,2.775539497915756,3796588899
61,7.673560598304483,-0.5532191287619338,-22.561873799122367,-0.09213223871272691,-13.552499723097249,33.20685045051448,-4.533620486968276,-4.192437734193037,4.19217725610758,0.41319480592905067,3795652426
62,16.422104780296852,11.784797872462693,-8.606684086702359,-3.0847699793054306,9.28665198348188,-0.034482458803367144,-6.784826067092208,4.702768054100556,-17.52732716319405,-6.158232935244564,3795559077
63,12.714338298335225,-9.562137271450041,-1.5384441298659062,-2.4958246143755205,-8.959122571766834,-35.09830411558469,16.572826868980357,20.75251299910408,-2.4352774191300504,10.049431955753374,3797292047
64,1.2413741524419664,-6.304435162836741,-0.20606935271080062,53.82692338292739,-8.576747366210672,-5.522173265382361,-3.8763048935749556,-9.48105862061023,-15.257282484680314,-5.8442263893632775,3792351765
65,3.334991738073183,-16.54070170062228,-12.525367729479619,-12.315844976385117,12.631447912972568,3.2610168574625265,-2.7726456884444453,13.862965691692043,18.169693288527647,-7.105555393796505,3795343638
66,-7.764769393418762,-7.0801708590664,10.01472537147092,-9.59225881103392,2.09188984073382,21.674833214388226,5.250390994225476,1.1234985464259273,-13.861779034118227,-1.8563598696070607,3781917114
67,-9.975045938490602,0.17097014648599806,-10.977789022759858,5.024491825580892,-1.942354178015311,17.844571321568317,4.56074573496857,7.873411949397133,-6.228363159161194,-6.350638679573948,3783080529
68,10.148299008267543,-16.529080368866797,5.197970707407142,-7.338708297906662,8.478716048065895,1.0992246212310515,-1.344545273436267,10.89997332597061,-16.14868157608899,5.53683180535648,3795619812
69,11.573366807420673,-6.561769091029181,9.768089296214542,10.985410468718365,-0.8981931511821412,-10.95948989161592,-4.740643553659175,-2.140175907308105,-19.72640557139477,12.699810593835714,3795753791
70,-8.094794474213854,-16.547117905109637,-8.228969119223992,-2.651008550892845,-15.096537029513154,1.3236176219342939,1.6916992999612452,6.258508964474269,28.140561124764655,13.20404006781902,3784945327
71,2.002029683741413,1.7837409007084561,-5.705467256780601,9.958977749137945,12.799587615466486,-12.701734879484288,-10.05249686243295,-1.0246839638398137,1.6189655498893374,1.3210814635940102,3781456589
72,3.0456848933064657,-4.812616181322339,7.171399266200284,12.117247682666783,-10.384140855144878,12.530102144535874,-4.46790461956785,-20.143607127562582,1.2913914758582625,3.652443321029978,3780349967
73,-14.813274272044906,16.258645735993372,-2.8094922037275225,-14.046881395897813,-7.301543858610093,9.989852762536865,12.631447912972568,-3.459771513360746,16.37684051586581,-12.825823683727531,3781853775
74,-21.152051827928414,-6.492269647732414,-3.334689966612046,-6.586438985455489,9.461419200691509,10.448898015474178,18.51087586587795,3.3148648220161876,5.5705724455886365,-9.741179921920102,3780173955
75,0.0,1.467782215043031,-11.05867143993963,-2.423543191062733,-5.34493761652004,2.141009150285333,-8.651573143565672,6.424408663099637,12.425106202208145,5.020419160451927,3781569096
76,1.4565215676856593,-8.51177007669005,-14.078438909070059,14.763574357495955,10.629712167441427,-6.554375179555782,5.30209056831488,-3.332967435787554,0.22000410573989315,0.10564883442562967,3780551983
77,-2.0448804803550336,2.639318362030898,-22.78436489403739,6.660178550898149,2.0289579112693312,24.043529446941072,0.0,-4.346604856789294,1.8718301252965404,-8.06796416525427,3780256955
78,8.887514072507447,15.001422550348869,2.4434673005804664,-0.1071535405024544,-22.917844116833933,6.3929078412657825,6.359488508119773,-21.936356502419965,-1.0453687336492354,6.921922620583255,3797921919
79,7.01233393429281,-12.599227533677537,6.772836060518028,-17.547133443180368,3.846375255915202,5.440345554774812,20.502145373456703,0.344534331686533,-1.7247166408377081,-12.047492892948474,3781998272
80,5.521393697795077,10.870116838108576,-0.7426649091268523,6.898417827754746,3.358721210404309,-19.014716738531327,-9.118058088122046,0.3936204200907003,3.761797656208012,-1.9286279145811933,3792116483
81,15.132994127682878,13.987250095937082,-7.672273760865169,-14.770492054137168,-5.580328408663296,-4.550506665720881,2.4712923640459135,1.5955962257339515,9.216529689061664,-9.830061613074975,3794054355
82,6.587186608986208,7.264698045578096,6.526225663676864,-2.4134730339691477,13.319510308276856,-0.6915234655540576,-7.13793913473255,7.039036565448049,-21.604889592062683,-8.88883196564763,3781237780
83,12.030431279277902,7.4599625130617016,-9.658514537253913,-13.616999907873858,-0.07958966675951018,-1.8760965855381975,10.010453130433817,-2.0885724952686617,-11.344124625895514,9.16305089581623,3783544088
84,6.838698172245799,-7.339464980305735,-14.171497383205242,-10.23287567797404,3.0907326991202626,-12.466125947111063,9.396933201328945,4.340640339909331,14.39806056885448,6.144899007137264,3781532208
85,-2.842289587290103,-6.803049902879997,4.40863785107259,7.524865592296254,3.8283661112117375,-7.452465756183454,-1.6907469961684596,4.646937870126682,0.6921379512984143,-2.3123931334836634,3783051055
86,9.851421313583014,-6.502668256514127,8.360870735150783,-2.8089899268411966,-9.600611712340969,9.872637392446466,-1.7518192195886373,-17.491906561596558,12.716355352161887,-2.6452891164606624,3793135633
87,3.6390290566437,6.1785882505429415,-9.823430226786286,-10.343110756706755,3.57080247344056,0.0,-8.895944013936647,-11.230529758713914,26.764034902172888,0.14056007334350973,3783045532
88,-3.2662813308635075,0.8017327344700025,-11.007348201464294,12.606217051245318,3.427666815298524,-3.8061087923478203,9.566319183619466,5.716669365241467,1.6839385061855503,-15.72280533138471,3778570125
89,-14.21155801064951,-7.975793312506115,-22.703001084704233,-5.759968648001982,5.635171182793239,-5.473612635982207,30.558340777726176,18.7323985769999,14.243719715198496,-13.045696560873761,3794788676
90,4.6821329014037145,11.280238631297582,5.361254040631718,-0.19686499738003121,0.3786811927538718,2.9016535337134055,-2.7954016666778854,-5.07557593388807,-14.165072061389465,-2.3710456404648412,3783188809
91,14.185812641708507,-6.50401288950837,13.135436398994472,-1.4311929474088725,-7.450595158964665,8.46701707814443,0.6937642349549276,3.4194697596620514,-18.462411019071702,-6.053288098510781,3793016477
92,-4.732725276646626,1.0093248139090862,4.906526474590999,22.534136268814425,12.401517293216427,1.7271521250132489,-16.604782851693177,-23.194127779794883,7.204738859800987,-5.2517599272104905,3792643522
93,-3.0591821100121876,-15.228298057286832,0.892400669993255,12.631447912972568,-17.172005667733732,8.273522600979522,-13.412666300383435,10.850169840684028,1.6834152269647622,14.541195883822052,3794949692
94,-28.104772743139343,0.0,5.6848449038774795,3.7941095198668116,0.5607759875691547,12.227342402142689,-6.562626061662128,-7.266200927504354,13.698104377607773,5.968422541241916,3796128008
95,18.0821726658709,-6.223492802593264,-3.511062072876685,-19.982049051672345,1.5121042623767096,3.5172546819108796,-2.265497927403946,23.878724444623153,-3.6913490110086533,-11.316805189226745,3792408186
96,-18.861580225338585,-10.781852922204099,7.416668187389988,0.08880211070479699,1.9045064103553306,-1.061700307987634,6.421502325291682,12.401517293216427,-8.733750365481269,11.20588749405336,3781970869
97,13.549609542644255,-8.056265694731565,8.322244450695985,-4.237655213266173,0.0,-1.8403531594227154,-8.393671154118007,-1.211797475048166,7.704080275456906,-5.836191572210522,3793787438
98,-4.677065156085488,13.570628439626017,8.104111467603955,4.490210981474888,15.116307109891675,-18.30350703012425,-5.5662101308604734,0.5033579150188103,-4.8634146356488746,-8.374418960896257,3793030149
99,9.509322379009332,-2.8568551725000515,-6.0455472053183845,-0.8828099979583541,-5.145905492871323,21.384625146413555,-5.108126595071234,-18.666056532820164,3.3189477463881207,4.492405724728505,3778317263
100,-9.053161122747914,7.513849063506122,-16.35523269625243,4.986674749361237,-6.649958465151601,11.203170868201983,-3.18756167222978,-6.101222469894202,23.652324036985796,-6.008882291779209,3792813426
101,-12.745048281952196,-0.8547530690441175,-2.618583774773115,2.5932477685154796,12.054580820633541,0.0,-0.4457250055050661,13.651460749919863,-6.91939176064026,-4.71578744715413,3794924119
102,17.768228971433587,-3.6589317906771868,-2.457740026543457,-1.7829604220502207,-3.830904462233878,3.663040687109593,-16.623037036235278,3.302973073499386,27.296438022798604,-23.677107017101143,3781335278
103,-21.441170956110838,8.114730990269756,-0.9258026466623254,2.9629147822768642,5.351826418101484,4.770827244112796,-18.63528777097821,19.935622125254433,6.831441504724671,-6.965101690988634,3797253665
104,22.9704590540873,-15.512436204087152,5.167336050732691,-0.8175121100187095,-8.023491073947888,-8.736845531869912,-7.608158578030311,4.587495012949038,-9.92680940211222,17.89996278229716,3783126806
105,-1.2756227573276862,13.932451980295651,-9.57021064262538,11.18874290300812,5.992668905439327,4.1256070008880865,9.739834967307523,-2.2801162879118433,-25.20835110654634,-6.645004962527457,3794997140
106,-13.307188653471377,-11.51444336601926,-5.650671774668399,4.528822193647849,-8.504029025946917,-3.20991317811683,18.80699473187771,0.8327222110221086,16.572826868980357,1.4448799926947558,3780075814
107,4.240984386576105,10.121114291351095,7.766038737425961,2.30408884184879,-14.453737332238621,-4.427528494450982,-4.689709241283034,0.7809597246081386,6.637352523280378,-8.27956343711783,3796451752
108,2.9263410664834972,16.077789515691318,-5.206330552741453,0.291183447233327,-26.83127865155533,4.183839820816338,6.052108658237657,6.592313950377475,-4.546441645409788,0.46047439086696196,3783090410
109,10.324528658791742,-0.22012711992186818,8.582510087894214,18.397202924370994,-17.790996060614066,-4.096779737352531,-0.0447611716870584,-5.855182525848694,-11.35607601889728,2.0596809632645523,3781482163
110,0.8853548972331637,3.4188258960857865,12.747005266723889,29.057188519936037,13.722376206691385,-12.472928655884363,-16.03795473961415,-13.035390134801187,-12.361243024987164,-5.923234231383401,3783078056
111,-9.566983313906604,2.750160360468824,-6.783383663900665,-0.5407757816347196,-27.816041930942482,8.90523849135161,-1.0717921473767018,17.5996698633488,40.68048245530892,-24.156574332716975,3792117569
112,-19.979951912025548,-6.516304532406697,-10.448758335315585,-2.631663822238086,8.778134000668654,7.648145921599823,-7.38539782840372,10.086194898683694,1.6742780080361603,18.7753236014013,3778429888
113,-5.200298463928824,2.7193716247997535,15.238820538297457,-1.0210015182691352,1.9105716621612774,-2.856603516692105,1.735390732179769,7.395073008393235,-8.647512098975092,-11.273811967966335,3794293773
114,3.0787361674850624,-1.665760519918269,24.84258502890677,-3.160751545683472,-6.764704411984805,-11.524958721991256,0.04807029781676331,5.093670740324843,-12.730220988530991,2.7833339535753563,3778241468
115,-4.388725626189818,1.1602548884344839,-8.647526060541386,-15.266834643656079,4.746101795499449,4.171309575763931,1.1501443999771994,6.374441691486629,5.826440643876144,4.874393335349447,3796529751
116,3.871940303233795,12.93178468447135,-17.503851534334352,3.828101382913418,-2.408162856685916,2.809627514735775,5.128707615748764,-12.904498181302138,-6.267877406628939,10.51422847784824,3783480887
117,27.397731310530894,2.8827814178811675,-15.171108507877232,-17.38924894774428,2.9034750443183697,20.955621541744787,-30.852014304729906,-3.226079951729025,31.916293275026955,-19.41745087742172,3795337808
118,-11.995895208273662,3.992276882261289,13.84433464156712,-1.6592112548492954,-9.472757320847029,-3.7103799988974933,18.84997174699883,-11.978061139650585,4.54020753380818,-2.4104858821173503,3781916923
119,-0.9444428600203185,1.1336298292863805,-12.413100378989014,-10.964331727538518,-0.32380940188855567,1.0583118060671328,6.296321938561648,4.028453649368745,8.176107435945541,3.9528597092069595,3798116566
120,16.98755723381541,-1.8710811801740106,-14.742092257571791,-14.19681550905537,12.059101866881276,-7.518248144635715,-9.723766932037696,5.987333395733615,19.10215582091974,-6.084144293875462,3796013772
121,10.82897012882398,-15.815669076049778,-11.916407328686079,-3.1161349241946636,-0.7209512033583843,-1.4359289259768795,-1.60620515597389,14.056731863107402,0.3704262377276928,9.3551683845806,3783282607
122,-3.047597297039407,-10.008243054054095,-0.10876494896601874,-0.3818600967972712,-0.37565104512226277,-14.62997536500227,9.175823348069502,18.51087586587795,-0.2516964027074988,1.1170889957413752,3792178308
123,-18.025334276214792,-12.782046056975426,1.0244534155229008,2.675324138153163,-11.218898449913878,2.95774976412559,3.8826787671439758,10.335757408966131,12.829111269897437,8.321204019294901,3795730639
124,-9.576962698576796,-1.7345536439363007,-13.774627810459057,-19.992279907155595,-7.247947314503117,0.1691568164680084,19.786450565221898,6.715649255918022,10.824729799162174,14.830384937860758,3786958899
125,0.0,6.345270076408582,9.466745124156732,4.822328951608894,4.71734168434411,-2.2925891947739734,-4.16727093407996,5.608454504574928,-4.9965607434155555,-19.503719468823753,3795519841
126,-1.413866975120664,-15.89771282780737,27.62770789687625,-12.255112857410687,-7.265180352568377,6.6516780911895745,-3.1906419396448413,-7.928478941567842,16.91788519372053,-3.2462772876665755,3781615535
127,13.178749360877584,9.361130502889015,-4.154105223107579,-3.1898560445535447,-0.5721564044700609,0.6720612757512088,3.2289873037958037,9.615431661259343,-19.98508246419243,-8.155159968249336,3781706342
128,-20.50727695242057,-1.6825366055660327,8.327426253699056,-3.6741218423787716,-10.421722598198214,-7.550885787419051,27.904913179055427,6.8805745580006965,8.956475161670568,-8.232845366443112,3783203719
129,-3.3177115390650953,-1.201721680358848,-13.55368860715591,-0.2262923432874976,15.558537219000746,-4.4944007319493755,-3.346710170497426,-0.8067431674183903,9.377930885919717,2.0108001348120803,3783274152
130,-15.129084594688319,-1.222553867916324,9.2850121072561,4.143331005723297,-5.437287837594578,-4.2679586920915735,4.637159057796891,9.369723379536257,14.6877249895274,-16.06606554754915,3780128734
131,-2.8364032997374817,8.784851420464745,12.057016027634985,5.8918968637610245,-6.263051561001768,-6.8696272311963025,2.5991128043979357,5.395317009638302,-17.17930316474888,-1.5798088692125605,3781534918
132,26.338314056513873,1.1085956452157282,-9.631333834927293,6.308308890853244,-12.891547200414585,-6.227578152889098,-7.321005359116366,-3.756479503387308,-6.318548782297231,12.39127424044904,3781943140
133,11.765086866431021,-11.883167320499533,-3.627260339917436,24.824349914171023,4.163910539219302,-30.141906606337187,-4.032636461219444,15.545588202352814,-2.8433084059174574,-3.770656388283099,3795410349
134,-6.836280908304984,13.018007271500377,-0.9151157324727179,0.571235732666398,-15.758109522560598,-6.6553421102107,-3.5759225670504486,17.58516855481735,-0.5958228401194122,3.162182121734736,3794887472
135,-6.6094074568978884,-11.678909441302991,4.8019685251541935,-1.4384043333478473,5.370402442307277,11.028493383359725,3.5513625392129575,-2.3785128554710533,1.6024478470613595,-4.249440650075733,3783083001
136,-8.497164349115486,-11.952639701573279,-2.919734131159771,-2.7928414094452596,-3.5012806194662476,6.535959491669849,12.541344018771392,-5.801788766501328,11.27362379034863,5.114521676471502,3784894222
137,-18.950879509655223,7.566306143682565,-5.157170811494743,1.1337472030116604,-15.66185471113029,6.946550540353199,5.699406538306009,5.412903409632339,7.776051443111347,5.234939754183139,3796719492
138,12.401517293216427,12.317492264766432,14.82381759869682,5.745427436278801,-4.924843088931124,-26.659718352527676,-3.6207823147984968,-3.978818717486807,-3.701701911176364,-2.4023902080380144,3779891824
139,3.9373489421335193,11.387071167659478,-1.8280881407702614,-1.815224268222757,-2.3341010398295516,10.045514477009732,-13.619957747248213,-6.3323900923392875,-3.618361571994957,4.178188273602297,3782033688
140,23.013946671059635,12.38394341294552,-1.972954772269989,-10.475555333469138,13.51206554844331,4.525396137839629,-4.250408784378953,5.732240445514346,-29.19302952746562,-13.275643798218745,3783447476
141,-9.820155981502285,-2.3487831175307665,5.180622286717865,-9.961871851948967,8.376848362211119,-13.44617203385352,-13.279870297135265,23.493384298890863,10.284764619131293,1.52123371501966,3793855547
142,14.436928693583699,-15.463598198310834,-9.33105001205828,25.119784644756983,-3.9069479371825984,-5.509195659606946,-8.189586505651384,9.155266607045132,0.1928192262842514,-6.504420858860021,3783517334
143,-0.9692934570352203,-1.2053901007664232,18.255457987156728,-1.5054500528503443,6.941296626585106,-19.128893755749626,10.436276936571565,-1.451797272079168,-14.935703543794647,3.563496631962031,3794721842
144,19.627246758231692,3.9084765160692836,-18.63392577741957,4.5304778360603075,-13.154996550483826,-13.908867885882566,16.600601863268505,1.895666391929617,-1.0060288091059189,0.1413496573324733,3792899771
145,-4.928347632006139,-10.898393093216324,-4.305556648546558,2.297719602213623,4.261367222835585,-8.919059583583532,-7.816849514895897,17.628247481768284,8.50956258966703,4.171309575763931,3782956510
146,5.157968934441703,9.230009620068131,6.952151222785231,11.885571274401835,10.898080883824646,-6.042977429538434,-18.700757260401456,-7.00187463343178,-3.244142929316474,-9.134029682833404,3781668655
147,6.0311881170712995,0.6683220427014921,-11.912818532620175,-6.999442566816554,-2.7654588532904034,7.935934425109692,-1.5378829150360505,16.234915433382753,-0.6773082695643424,-6.977448880937712,3795034881
148,9.262009416489711,-10.684777664157513,-1.0205406928513638,4.171309575763931,6.7846774133226555,5.205771406458743,-1.2315304580554507,-3.9982309325846273,-7.854966772846015,-0.6337212915400698,3781481911
149,-20.198927733954456,-6.121744244055826,-12.970231942994666,1.179389465882955,5.263565891062678,20.96688727275902,10.623776577437935,3.9863787299170617,5.96661728756915,-8.69571130362385,3792653077
150,-3.549997736328978,5.22723920350059,12.72799727739443,-2.843759675752406,5.574945549175349,-2.077042828245052,-6.375386870692688,-12.580607343260356,3.0765114782922085,0.8201009459169041,3793936123
151,22.074584386141282,0.5589023955221566,-17.342790337131248,15.357470790279379,5.7624945961620355,1.085682125843022,-14.794680090559556,-4.079778828535803,7.228300634289596,-15.850185672010863,3794114018
152,-16.38527882020298,-2.4464139073582327,2.3543323630548123,11.74945396252839,6.155500817559117,10.164106157088062,2.3558272403563913,-11.468654031752768,-7.073900530810402,4.595026749537612,3795450326
153,-5.991811131288114,8.076870079215059,-4.623407348954723,-1.2261946329570472,21.148440877938313,-2.51543835765069,-1.30199470148376,-5.22278385993698,-14.813592506978466,6.469911582096406,3778426484
154,4.312925085694441,0.16599774744120221,14.720425467852866,-3.1014033282754507,-4.18202517911317,-15.491908088066614,28.303082801435227,-7.313931915224248,0.30498008388463305,-17.718142675628886,3794611755
155,-2.5654452760902973,9.188404226046451,-17.755246197518233,7.96075489129607,5.968000786875619,-2.8558093130380415,-0.09000930414756025,-14.38230846624666,6.479492261362347,8.052166391460304,3792952841
156,15.910411261245208,0.8635445351962456,-4.963042617575171,-30.827288242954964,-2.1609070932727583,1.879013125274865,1.3787342242480347,7.602812317786282,1.0294397001932194,9.287282789859042,3794109188
157,2.5673566594117423,-11.352810895679768,-2.9128476051720655,5.507291981489918,-9.380199496133166,-6.970574853762339,10.858168969559584,-4.1620749835082425,-0.31533330721038855,16.161023531004727,3783127740
158,-0.958146526598321,1.0203112929442437,-6.027840557409092,-22.29747618524325,-9.860670912543016,-2.017802433603979,9.574800073522404,15.556181744692854,16.422613615327627,-1.41197011108947,3781619865
159,2.7067835740975945,9.35952530858182,-17.399972912056246,-10.254379018713404,12.631447912972568,6.5558347205821565,6.278399035311392,-0.7645758075334084,5.351154185661333,-14.464216998903805,3778249892
160,2.150431630898156,6.5264842701891315,10.470642009583191,14.898237106638591,-9.516325873461707,-3.8252773794909416,-3.1018724750579887,-8.436802882340034,-4.776374153480367,-4.389142253478032,3778302593
161,17.783595214735996,36.62440662351872,16.91513868893196,1.3472255339407155,10.653618939439122,-19.50670196610408,-6.802781121129988,-16.87283841714293,-16.962958620660768,-23.17870487552875,3795267796
162,-9.843174803137495,8.606273819268917,-3.9457088694072633,-3.9943493407586894,-2.668858968519814,-0.012105103765019276,5.6046303256003105,-10.452648059661573,3.493810887187715,13.212130113192913,3794215242
163,2.5750015535551767,-6.109742911869722,-6.447318615007337,16.396601574765718,10.067584638598149,5.1114999255602465,-4.408735822163015,-13.489614510607463,-14.541201370991468,10.845925538159712,3794701400
164,26.060358636820347,4.830411517070951,10.931241455891717,15.59333622583559,-8.431562950240435,-29.444051931315464,2.101906921099176,-8.924397816789142,0.354549692243304,-13.071791750616036,3796381162
165,0.6129789092390752,14.732436641313978,-9.052480222495483,3.2187894338834058,15.99738498567535,-9.71245840505863,-5.120139221258845,-8.680834422401047,-15.275699261209743,13.28002156231194,3787793545
166,-1.6448693589465697,-0.6803661691303307,-9.806753759232855,-2.4914604976251886,-4.276046184107518,-7.843289811351687,12.714623184251952,3.4903366850660613,14.35155104609355,-3.8137251350174144,3794969688
167,3.942277189671543,-13.300808534667532,29.911879616955652,-21.010876588437306,-6.81085232747904,12.119308841605104,-6.781839480044331,3.609607914305524,-7.930769640365979,6.252073008456365,3795821915
168,-4.0163934727654516,2.643841925529254,5.994318015788381,7.717710133830765,0.7125602535119713,-14.981852610198354,-1.3441502506336116,7.361035860999416,-2.0484925394347946,-2.038577316627575,3795274204
169,-15.447017723640897,-2.0511190453008394,12.583661224119535,26.50110677791241,-7.0021452182393835,-3.9025683407425706,7.034792316564083,-1.9793064003062057,-4.208169728302282,-11.529233862063844,3783447329
170,6.755120540548804,8.189973640081671,1.5049205039379703,3.6171042844432493,29.583424832682212,-21.03390175621657,-9.96723210794085,-20.16995204297045,5.885456941278771,-4.36491483584481,3785951130
171,-3.6039074390298462,-10.234523154536468,-26.33341504651524,1.9987762660229542,11.452677219203377,-2.5436221485420205,9.507837077497378,16.013877233195466,3.838488682137692,-0.09618868943329062,3794871734
172,-5.344265804245147,2.094803125661453,-10.559343294446634,2.9260156102313664,-2.646961865586257,14.72123945984874,-7.013190607836959,4.3990113459586535,2.4843848714507493,-1.061692841035966,3778307502
173,7.941152992769787,7.96010353654672,-11.623314392036693,-17.095665220598427,-4.526002357996968,-7.267569106961709,7.786638160200297,-5.58188996631611,16.372788447004353,6.03375790738875,3794190380
174,-11.873665486850484,14.683991545323764,0.19866884125077577,5.055192821144055,8.223383488146403,6.490647754441813,9.338687307721734,-19.414687533569708,-5.33718498153941,-7.365033756068943,3778477843
175,22.440824855324884,1.0376358687682457,-31.022004964734926,13.614630838401801,0.6073609507529234,2.301665477532886,-3.3325841576842956,1.6655613967992449,3.3056453258586878,-10.61873559101945,3778379300
176,6.6798673472334045,-2.3791119142110597,-12.680307657240162,-2.906033475894311,10.40858114740227,13.86663545300356,-8.231384433429652,-11.343097301374401,7.770999671534144,-1.186148837023792,3782111910
177,-16.37385326478188,-11.363457812042949,0.5639885760498968,3.4704682234275,-19.49510150498424,29.274116534229492,6.33284807777489,-0.6381082675651877,10.359050989567809,-2.1299515516753265,3780137912
178,12.16105907147475,3.6653473731625743,-5.4528733257268405,-0.029425528936026346,-0.9169127344923917,8.30698497105735,10.989178638452989,-6.504326854388203,-8.988757844064585,-13.230273766539613,3778236706
179,22.16960658943097,10.459273462679716,-23.831848863373544,8.228071771853076,10.290931876506583,-13.914552800314892,-5.078257898564706,-5.909458764830681,-5.117587670961859,2.7038222975753383,3780274749
180,-1.2369290864963702,26.57084678495104,3.5219983737992973,5.064381750561489,4.798961299760757,3.1546164874880325,-20.804550513017652,-7.552919461334763,-6.305099226946133,-7.211306408765697,3797198581
181,-13.50961125064958,3.2661479858910516,8.132716077318156,-0.6461302187172535,8.085351863978296,-3.8246737337356915,-3.269599582408975,-1.9252026542723615,-6.136283287838189,9.82728480043455,3783001838
182,12.508227064284734,-12.823372608895767,5.63163116623961,0.0,17.08145118043562,5.021376683798801,-16.723533603589264,-2.6234923637379812,2.754479076726049,-10.826766595261809,3791515445
183,-1.5847140240237967,-3.5425280159518895,-0.8692016511544569,-14.33338211360963,4.060131471825567,3.743768097476476,6.624163927814339,-2.266437760024054,0.9324764902530529,7.235723577394392,3794039372
184,9.768089296214542,22.229194938210632,10.03174899822131,5.470311643245131,1.9928919845823911,-10.92672007477119,-5.875841133704335,-11.103025889712107,-22.772839044888833,1.1861892826024578,3796748710
185,2.0050662578971474,13.689549051876352,-12.909066926567348,-14.055269244529653,7.3547453050150775,1.5525766231957938,-1.458654741024413,-1.432731955200321,21.83024418718155,-16.576458557844184,3783519246
186,-12.145077724972033,-10.649594738010613,-4.159691508069142,22.68218544164188,-4.569194966494143,-7.123977398328437,38.788061758491835,-12.585353968619394,1.6750677522163113,-11.91242464785626,3794534855
187,-3.5748638942201008,-1.6014726440956681,-3.91354125789378,-9.023936663839184,3.9099602810536527,-7.932462133384693,7.251456591272706,4.924232511544804,6.832156449949434,3.128470759612829,3778454768
188,-18.5004551112351,-14.594727605549718,2.163388238637391,-10.587235723459983,13.146104036787289,7.092393508008819,11.59193888114668,-18.113792596976257,3.081393440838897,24.72099293180198,3796315981
189,17.521360654363573,3.0062852458510054,-2.4328491437262705,19.762940733132645,2.097553383908582,2.5078845120631517,-11.117623029709545,-20.347927702535987,-5.641434618789175,-5.356190034557975,3792466130
190,-9.249014266479474,12.426487166907247,-0.8916234739926905,-5.199866929445203,2.9593463764200063,-4.536398481035526,7.533263281279853,1.0897609678403561,2.741316294422647,-6.873270935917218,3785462740
191,0.0,-15.087600102047041,-3.4839415002345944,-11.151337875633448,-6.632741225127273,9.080477513927203,15.166051736146375,-6.586677511062353,15.341635914113382,3.354133049917752,3784842431
192,12.418883796847645,-5.380386526999415,0.6864510329806195,-9.367499905916745,-10.63254227294257,9.446933242079123,-9.87151986680395,13.184544026744303,-2.2237502075024844,1.738886681513475,3779971785
193,-10.833089838821767,-21.01036331061204,-1.5148155031108523,-1.471944490820004,-1.1550893262979864,5.325867619601924,15.105157399183172,0.24396552182623388,14.524137053664328,0.7861748753869957,3779957371
194,-5.2547020475497215,6.0498945950686185,3.3214249072430144,-1.504313432552258,12.466352979540446,2.9664260042235853,-0.44121279063865215,-1.5098315344098117,-4.047463446569105,-12.046575234356116,3794444729
195,17.96745508767747,15.26781547287659,-8.89011247608313,8.134124596592393,4.284511719168767,-2.342817928852247,-21.40958982546079,-5.740670721948718,-6.347289712021877,-0.9234262119484589,3783292575
196,8.034514309987461,-5.965350663552372,14.368742359992055,-5.0958993140809365,11.786040653897544,5.522632233083012,-13.116769018287325,-12.098266334163064,4.171309575763931,-7.606953802640307,3795725017
197,0.6896023604443078,3.110955651921367,-10.334043118140308,25.682636529524885,-14.027654454559821,1.1834771626043015,9.164942387359183,-11.371943328068491,-0.3097668902611376,-3.7882063008242897,3781288924
198,-16.2263044756822,-7.096757302913945,-11.495632496012503,-2.144725135577543,10.695501440460406,-3.857108319043551,7.229977223872381,21.965729096754583,-8.478493406052436,9.407813374194806,3793772223
199,-4.9043865291036655,-11.596657855797108,4.9663891530454425,-1.1512556952377366,1.8941045295089418,0.5588629117344861,8.539166370489632,5.896333793243223,8.606581276439218,-12.809137954322436,3781686906
200,5.3621321864987666,13.724976130128317,13.561729354528161,35.866077446990694,-0.3597222396628341,-18.929615687507372,-15.905752527920884,8.030062123208161,-18.407007793742412,-22.942878992520598,3780464763
201,-4.725526924846354,0.1660367376998737,-9.261248820498908,9.55207927901749,-2.6736522662410573,-0.7078164074990831,-1.764712736817395,4.508377647732044,-6.6143825799395914,11.520846071392981,3795477852
202,-16.398444203897096,0.020705112516895774,-26.23028241979159,-10.268749651133763,-1.0223402485201998,13.856484601476623,-2.968238311982736,14.92116902715251,31.142323778850518,-3.052627684671163,3791384064
203,-16.032069108718204,11.739267183396363,2.4748242249851216,0.3721759988361266,12.92295786089754,-15.293463664627383,-6.739666899370822,-2.3862806263785012,6.161513236261976,6.78074179471778,3796314223
204,-24.39597927946415,4.033982643316176,-6.581092137324679,-12.885199074394043,-8.466537128467948,26.257196685845997,12.502590259111816,-7.134691951049346,10.848720929966321,5.8210090524598606,3778509007
205,2.0457968134127924,20.0488031288956,-4.624713766241561,12.150438520963801,3.738007199140447,-9.254499449504939,-8.199702656509398,-19.58319938964383,18.207243165566233,-14.528173566079149,3783084376
206,22.197832598559543,1.168154094408699,9.697495485687446,2.781433302499427,12.631447912972568,-10.112816218486266,-15.88808447392507,-13.012641391661742,-10.324031728288237,0.8612104182336333,3787058134
207,4.492533466864455,0.21463767739302675,2.2952425564022136,-11.971569144246537,-6.329992037037525,-1.5615989011955906,18.708497016116354,-7.272670227809435,-0.7046171985062217,2.1295367920192616,3797626663
208,2.1585159789365607,13.649346765976949,11.091730286666206,-3.214821372851733,26.103971820966912,-7.713349453639649,-6.551453633855774,-0.9045044345701445,-6.899311268287992,-27.720124689341333,3781491949
209,-1.887415908167926,19.31724744073282,-2.862872464634985,32.72429937502173,3.0581695438622187,-2.0976224206497056,-14.043270182406925,8.306948848878854,-53.02772123009675,10.512236997460672,3783207155
210,-29.424817647586632,3.473507459853742,-13.319062416894411,-13.894259621650994,9.996842985638235,13.200457546851414,5.844190555278221,1.629814272658554,7.104201257387757,15.389125608464115,3791318860
211,-3.353051486578128,10.923933287054911,-5.3084326113970395,-5.101703257504159,7.621300025590422,-0.7467253707126157,-9.883452114574169,3.220670438309957,8.8904939088298,-6.263032819018981,3795402681
212,-3.062836367446367,26.424886457695564,0.5575912218061023,3.8099175828957517,2.7186026948859516,-8.739026497199168,3.541481878800985,-6.051826108182024,-6.855419050822231,-12.343371812434563,3780311009
213,-7.291374298910014,-2.367189138683637,-6.024503795717029,-11.120326795315657,-4.583126210153143,10.122816254975655,9.383611174752062,-4.568588988825995,8.502324405283856,7.946357392593905,3792864612
214,8.410558264836247,10.911995308599009,-2.749302226288907,6.153538128774392,8.972180014524017,9.393406926119722,-14.292012735806805,-13.752502575079117,-10.389811910406511,-2.658049195272047,3797464295
215,-14.160713336864287,9.08280588197214,17.266593568422845,-8.337609904745582,6.522395716866959,11.237680703342495,-4.263332507137268,-2.331178057198263,-11.948102973848828,-3.068539090810208,3780059114
216,9.372380260876616,9.417047466515644,9.424391157453325,17.77030910370359,11.602051914431769,-11.067667059681993,-7.434834950922264,-14.38079365968572,-25.35603795331549,0.6531537206245264,3780675922
217,1.605285825229743,1.2863445449558162,5.750566173452993,-10.275880367867362,-10.249580749271466,-1.4384954482812122,12.396797610799927,0.4508354676641435,9.617273625160669,-9.143146681843252,3783445648
218,-15.102090589936264,-12.342264923048358,-11.538338579279525,-5.753720934979177,4.154946882897663,-5.209563739821541,13.920017849281992,14.470863375662695,13.351669168410979,4.048481490811535,3794752195
219,-10.777187771130544,-5.13008843333812,1.602713540538649,-26.797339464976197,-28.047921326342916,-3.561773121019165,25.598278593643137,26.87426900607553,9.5181276554097,10.72092132113993,3783375043
220,0.5093231419457618,0.2606599313525977,-4.187363660739749,-2.0220958513505423,-2.082104815081015,3.601756249321624,12.45265594889516,-6.566275903597684,-8.558738877558326,6.592183836812171,3793710236
221,2.722821832478411,-6.45712475315522,-6.902097655715538,-7.693624298592287,3.1507520732390164,7.006443509625879,-2.111484718397878,0.4625210962414634,9.04131414038801,0.7804787738881414,3778600176
222,0.04069609827085019,1.5369176950922494,-7.4002013341090285,-14.723297580715194,0.38768156606179716,-5.1595650530018915,-11.485066045152536,3.108210239985919,-0.07690299139504486,33.771527404962875,3783381318
223,-7.636198861815762,15.18718199820939,18.914988584734225,0.5771799998896688,-4.679039249613957,-16.842273211223013,13.250790033248213,-6.515702776792442,-1.9611214892435844,-10.295805027392737,3793324845
224,16.572826868980357,-3.415043570828995,-0.3824496149479577,13.211923776348394,4.226228467058455,-10.467313016754284,-7.266034059546987,-5.833054530083344,-2.278843568433498,-4.3682407517921416,3781817196
225,-7.760469584970263,-19.062947231095073,31.142323778850518,-7.907063134813237,-14.206891097095902,3.3710258435475144,-7.375886529205324,2.6557947037975707,20.358691919980842,-1.2145786689966407,3792346089
226,6.608045017099683,12.013173634918969,2.8784089726077173,2.591956800535205,-0.6685826701803679,-13.732115037463654,-6.611128651489856,3.258796379846804,-7.203961161631261,0.8654067157567598,3780130077
227,6.937696727368021,-8.322409871520325,-10.979486903811082,1.936367749913205,9.271175460675243,2.6545618642148474,17.14897535966193,3.366107460180028,-10.05622000674035,-11.956767839941511,3781777845
228,-8.65911068095108,-15.51973997174739,18.66169655556312,4.509282559246378,-1.5384774727396202,-9.693606224190933,2.1954627572209695,-2.761487174035689,-12.758933325673901,25.564912977308147,3784967649
229,-3.6078232001285633,-4.033026955681196,-3.798612262408447,7.020902279775866,-9.702088322566684,1.9579417313830603,7.158257234106616,7.457966015989696,-2.576107665165869,0.1225911446955239,3781669004
230,-11.01830472850513,-2.186086345632742,11.524703542750933,-2.9868488407693548,24.792973289623607,10.661172541043307,-6.110985173409995,3.5338304849800073,-7.976556880265324,-20.233897889815303,3787365356
231,5.739396809618761,-0.6871750218375539,6.788923693939608,-19.827743881420425,-14.713297591917698,16.562772493928446,2.451959135254951,0.49129949239509685,18.194667927810418,-15.000803057771602,3779956843
232,0.0,1.8188666368168986,12.47761179805509,-5.920290406490781,15.411336865050203,3.756311879071251,-7.5631902841763115,-1.9556824465599525,-19.10196048496384,1.0769964431974426,3781768615
233,-6.659311843306711,5.270980262637668,-6.51908567216391,-2.1351237567593238,-16.101133960341222,18.430459256306214,-11.511963741248934,12.631447912972568,0.928234478436174,5.665497063467475,3793832743
234,11.124503949446716,28.139147934342752,6.975302480110063,0.4755141188246923,1.6463028841144243,-16.62811515854451,-7.085988217751719,-4.4281479822971885,-6.607989894457054,-13.610530113788176,3784916640
235,-19.747425566820546,20.105060800589808,-18.17645573560734,-5.016997463060106,13.159470828219147,5.191468906095965,0.6923591602296366,-9.78406420321305,7.6053312557146455,5.971252017851845,3781539822
236,0.7478109638592363,-4.483852585805853,-8.717475737095047,1.9303493779972007,-13.641371049905393,-10.31074775336452,-3.754885539113113,21.58087578184735,23.71189769732814,-7.062601155748002,3781541662
237,-2.6596642246198217,-7.953678432168138,11.007485344221504,-5.315242869218155,-20.211509130651017,5.010914388306383,5.455476364949075,8.620900328063925,10.565652104871134,-4.520333873754888,3793981078
238,14.241880948808987,-6.990607709891608,-13.131804528567649,-5.347841116494671,5.99699595326228,11.739320781837154,-6.588669748576761,-0.3731422094702661,8.345725856135873,-7.89185822704334,3793982981
239,10.008706375103143,-2.1233390384858213,9.035224426468714,-6.100375467362669,10.414841499367448,1.4527629630232106,-28.77943373629759,-1.406319997588859,1.281086143476785,6.216846832295635,3797779580
240,9.57689468490667,-0.3864958851268443,7.301654997039791,-0.2692056886155738,2.6964715196555646,0.0,3.563496631962031,-11.31914366759927,-7.35163054259996,-3.8120420496224074,3783632893
241,-2.572257478425306,-1.671600612840578,3.4494478236419965,-1.484508053552874,-2.888625472547336,9.623998671745218,-0.06192980090773981,11.484568162975156,-4.806387078464084,-11.072706161624456,3792551699
242,4.582971298996032,1.4986793498138438,3.3259630106743727,-3.867345214994582,0.1250809077735422,11.155953892398745,-7.830693310258934,1.2156714049300614,-2.6685759997251584,-7.537705339607925,3785554522
243,-6.131509626495832,-4.631781491379307,-10.046442373867027,12.47853592497801,-17.07661105793489,21.757261394601755,14.816820976883864,-11.17801065146253,4.679654690055826,-4.667917785379876,3796268587
244,7.602356831348116,2.7563356698614507,-13.296794310812823,-2.748192672258931,1.9033943229396462,3.3126127247367307,-1.4027066798768972,-6.059620812174267,0.3599179422177703,7.572696984019201,3794123687
245,-3.1647685775517655,-13.942747673624531,-4.7284341099046,-15.075332272725372,-21.18161703438709,11.37070208738088,15.15936055370993,13.162969946600926,0.0,18.399867080501622,3783144649
246,1.8027213279781469,14.623066248154204,1.5020015211905566,10.733052380581372,12.64858818291632,-11.277829181963881,-22.005739755376975,-16.16573741173633,1.947113396737623,6.192763291518961,3796582875
248,-3.7165878248107522,-7.695164960385474,-0.5104688843634491,-6.4108920863318914,9.3348537270897,-15.751995467537096,-6.9241108325492355,7.818351389679663,13.404189641736856,10.451825297471677,3778701169
249,1.3549604797555181,-10.518037614708732,-9.719622154745776,-8.931736604370169,-9.858672192302427,5.810074913453691,23.27799402924436,-5.087831292863556,2.383843837897305,11.289026598639783,3794035781
250,-20.38718758360973,-1.600329072576634,-9.55046893943516,-10.252474085044597,-6.952147737376251,29.552763772620825,8.60433323624135,-0.9486341634291953,6.6743920156626615,4.859752556946728,3781736064
251,-1.4918530188988153,7.768408131447,-0.5002110530829627,-3.004404378214759,13.09002742208428,-6.202337158289466,0.32503442490163126,-13.667811892269308,-6.482691404757263,10.165838927079662,3792442906
252,-1.9750986748299486,10.746930598298228,-19.043275332094368,16.149221541944225,8.371999606140212,-5.089396319565213,-6.78125769678975,1.774557125544706,-5.900643238485912,1.7469623898378244,3779986175
253,22.16960658943097,0.0,6.61737267816536,-6.741971381831103,-2.0091147398345703,-6.61653240444965,2.9194806598667475,0.3044038042961774,-16.70383714101599,0.060591935372056926,3780239446
254,2.9938012168301364,5.77867759731171,19.211254539522447,3.6592816024723467,7.611078009574486,6.932662546169073,-19.99180551190284,6.124307498980364,-28.83459482359725,-3.4846626753604726,3796720311
255,9.267830499577915,-8.507829590192548,-12.907428642740763,7.774953314569023,-7.081384054357315,9.413909663455296,-10.240824767965725,8.890439512584791,3.656861970947789,-0.26652790587846287,3778568236
256,16.188834560346553,-3.9789544535560775,-17.101042035067877,-11.242570374885299,-3.9885513014375107,9.203663855105292,15.665338559877187,19.589540299820435,-29.230404776396945,4.894145666194241,3778648375
257,7.092764550485199,4.375289895244325,-17.25767935406078,-9.895355828844547,-2.228146830770031,15.39139008718773,1.338756611733192,0.5823857860133947,-4.54764786309879,5.148242946110308,3794396846
258,19.07104313185852,-1.271723220937111,22.78974472338318,20.252559608229056,0.5607031707658356,-9.044006841404329,-7.354870718086353,-15.74418057204505,-19.5112510641888,-9.748018217574945,3794676404
259,-20.690639912893932,-3.6830058484893193,-11.761376742320417,-9.215215737884874,-15.88169038750584,2.3869039111996533,16.533689187808932,0.0,10.415426364419417,31.895909165666385,3795857405
260,-20.154574622088635,-9.800037241689429,-28.88557780300548,-22.118815309920798,-17.755061525132845,5.960916514889916,45.49731004326979,24.638767811606748,5.897946115906524,16.71912601616421,3792758016
261,-1.9213301578522934,-6.982039269143603,3.5157928570469097,37.773383515726955,24.41796033318302,-13.643784204595093,-14.051857606403177,8.271382815405998,-17.497984445472937,-19.88152383789578,3779897880
262,6.972171632713574,-5.206873478271309,-0.24043339415255227,-9.996341546845358,-11.838199311216819,7.754004180013183,3.9268578669667153,17.13272476963314,-13.372545634092818,4.868634915252244,3783126198
263,-6.2152500114695215,9.956616024635652,12.401517293216427,-6.011584280863159,27.443482822232795,-12.13706336130737,-15.163771471776816,-0.08111969380266526,-8.922672723168052,-1.2701545976972857,3794315872
264,-21.514375308199984,4.803798779613107,-5.935272291732761,-17.863890065919602,-23.42466008486607,-9.386358410402746,13.945891924908883,28.342831513949765,13.3148496868719,17.717184255777504,3781496374
