,radiant_mu_glicko,radiant_rating_glicko,radiant_ratingSevenDaysAgo_glicko,radiant_sigma_glicko,radiant_mu_glicko2,radiant_phi_glicko2,radiant_rating_glicko2,radiant_ratingSevenDaysAgo_glicko2,dire_mu_glicko,dire_rating_glicko,dire_ratingSevenDaysAgo_glicko,dire_sigma_glicko,dire_mu_glicko2,dire_phi_glicko2,dire_rating_glicko2,dire_ratingSevenDaysAgo_glicko2,match_id
0,2318.7657767016026,2110.0974965351265,2075.2995348441123,83.46731206659035,2084.0204245947643,42.67867478931146,1977.3237376214856,1969.7574212423397,2185.4289296230795,1959.7932687214702,1815.620531059291,90.2542643606437,1957.1187997863196,38.867808589895574,1859.9492783115807,1839.2786592663397,3927969458
1,1870.8592441693243,1617.0624473707924,1639.8855243424907,101.51871871941277,1949.755962758477,44.549949952419674,1838.3810878774277,1860.9448516893224,2099.490029062611,1928.871169513403,1939.7219486354268,68.24754381968322,1979.5375441132267,39.34600832034321,1881.1725233123686,1889.093512680577,3927969700
2,2039.876585196248,1799.6581205723269,1668.6342138838534,96.08738584956845,1827.6916585348727,45.68860115708569,1713.4701556421585,1691.0535908801455,2160.835510677128,1940.228592989808,1857.0979480137053,88.2427670749279,2035.2578543828104,41.54999082910875,1931.3828773100386,1926.8050208366355,3927970381
3,2083.2871144031897,1932.9473043413363,1919.5001062906267,60.13592402474128,1963.8468395304963,38.054275920134394,1868.7111497301603,1871.2469091088062,1835.7967885551354,1537.462486938718,1567.2120017994362,119.33372064656693,1814.959452715179,44.8668972146544,1702.792209678543,1721.9128910168902,3927970658
4,2318.7657767016026,2110.0974965351265,2075.2995348441123,83.46731206659035,2084.0204245947643,42.67867478931146,1977.3237376214856,1969.7574212423397,2185.4289296230795,1959.7932687214702,1815.620531059291,90.2542643606437,1957.1187997863196,38.867808589895574,1859.9492783115807,1839.2786592663397,3928022579
5,2160.835510677128,1940.228592989808,1857.0979480137053,88.2427670749279,2035.2578543828104,41.54999082910875,1931.3828773100386,1926.8050208366355,2039.876585196248,1799.6581205723269,1668.6342138838534,96.08738584956845,1827.6916585348727,45.68860115708569,1713.4701556421585,1691.0535908801455,3928032584
6,1835.7967885551354,1537.462486938718,1567.2120017994362,119.33372064656693,1814.959452715179,44.8668972146544,1702.792209678543,1721.9128910168902,2083.2871144031897,1932.9473043413363,1919.5001062906267,60.13592402474128,1963.8468395304963,38.054275920134394,1868.7111497301603,1871.2469091088062,3928033510
7,1870.8592441693243,1617.0624473707924,1639.8855243424907,101.51871871941277,1949.755962758477,44.549949952419674,1838.3810878774277,1860.9448516893224,2099.490029062611,1928.871169513403,1939.7219486354268,68.24754381968322,1979.5375441132267,39.34600832034321,1881.1725233123686,1889.093512680577,3928034802
8,2160.835510677128,1940.228592989808,1857.0979480137053,88.2427670749279,2035.2578543828104,41.54999082910875,1931.3828773100386,1926.8050208366355,2039.876585196248,1799.6581205723269,1668.6342138838534,96.08738584956845,1827.6916585348727,45.68860115708569,1713.4701556421585,1691.0535908801455,3928080962
9,2318.7657767016026,2110.0974965351265,2075.2995348441123,83.46731206659035,2084.0204245947643,42.67867478931146,1977.3237376214856,1969.7574212423397,2185.4289296230795,1959.7932687214702,1815.620531059291,90.2542643606437,1957.1187997863196,38.867808589895574,1859.9492783115807,1839.2786592663397,3928102591
10,2083.2871144031897,1932.9473043413363,1919.5001062906267,60.13592402474128,1963.8468395304963,38.054275920134394,1868.7111497301603,1871.2469091088062,2160.835510677128,1940.228592989808,1857.0979480137053,88.2427670749279,2035.2578543828104,41.54999082910875,1931.3828773100386,1926.8050208366355,3928136472
11,2318.7657767016026,2110.0974965351265,2075.2995348441123,83.46731206659035,2084.0204245947643,42.67867478931146,1977.3237376214856,1969.7574212423397,2099.490029062611,1928.871169513403,1939.7219486354268,68.24754381968322,1979.5375441132267,39.34600832034321,1881.1725233123686,1889.093512680577,3928234992
12,2160.835510677128,1940.228592989808,1857.0979480137053,88.2427670749279,2035.2578543828104,41.54999082910875,1931.3828773100386,1926.8050208366355,2083.2871144031897,1932.9473043413363,1919.5001062906267,60.13592402474128,1963.8468395304963,38.054275920134394,1868.7111497301603,1871.2469091088062,3928278244
13,2318.7657767016026,2110.0974965351265,2075.2995348441123,83.46731206659035,2084.0204245947643,42.67867478931146,1977.3237376214856,1969.7574212423397,2099.490029062611,1928.871169513403,1939.7219486354268,68.24754381968322,1979.5375441132267,39.34600832034321,1881.1725233123686,1889.093512680577,3928337789
14,2039.876585196248,1799.6581205723269,1668.6342138838534,96.08738584956845,1827.6916585348727,45.68860115708569,1713.4701556421585,1691.0535908801455,1835.7967885551354,1537.462486938718,1567.2120017994362,119.33372064656693,1814.959452715179,44.8668972146544,1702.792209678543,1721.9128910168902,3928389527
15,1870.8592441693243,1617.0624473707924,1639.8855243424907,101.51871871941277,1949.755962758477,44.549949952419674,1838.3810878774277,1860.9448516893224,2185.4289296230795,1959.7932687214702,1815.620531059291,90.2542643606437,1957.1187997863196,38.867808589895574,1859.9492783115807,1839.2786592663397,3928462587
16,1835.7967885551354,1537.462486938718,1567.2120017994362,119.33372064656693,1814.959452715179,44.8668972146544,1702.792209678543,1721.9128910168902,2039.876585196248,1799.6581205723269,1668.6342138838534,96.08738584956845,1827.6916585348727,45.68860115708569,1713.4701556421585,1691.0535908801455,3928509645
17,2185.4289296230795,1959.7932687214702,1815.620531059291,90.2542643606437,1957.1187997863196,38.867808589895574,1859.9492783115807,1839.2786592663397,1870.8592441693243,1617.0624473707924,1639.8855243424907,101.51871871941277,1949.755962758477,44.549949952419674,1838.3810878774277,1860.9448516893224,3928620364
18,2039.876585196248,1799.6581205723269,1668.6342138838534,96.08738584956845,1827.6916585348727,45.68860115708569,1713.4701556421585,1691.0535908801455,2083.2871144031897,1932.9473043413363,1919.5001062906267,60.13592402474128,1963.8468395304963,38.054275920134394,1868.7111497301603,1871.2469091088062,3928688563
19,2099.490029062611,1928.871169513403,1939.7219486354268,68.24754381968322,1979.5375441132267,39.34600832034321,1881.1725233123686,1889.093512680577,2185.4289296230795,1959.7932687214702,1815.620531059291,90.2542643606437,1957.1187997863196,38.867808589895574,1859.9492783115807,1839.2786592663397,3928801490
20,2083.2871144031897,1932.9473043413363,1919.5001062906267,60.13592402474128,1963.8468395304963,38.054275920134394,1868.7111497301603,1871.2469091088062,2039.876585196248,1799.6581205723269,1668.6342138838534,96.08738584956845,1827.6916585348727,45.68860115708569,1713.4701556421585,1691.0535908801455,3928837410
21,2099.490029062611,1928.871169513403,1939.7219486354268,68.24754381968322,1979.5375441132267,39.34600832034321,1881.1725233123686,1889.093512680577,2185.4289296230795,1959.7932687214702,1815.620531059291,90.2542643606437,1957.1187997863196,38.867808589895574,1859.9492783115807,1839.2786592663397,3928936023
22,2083.2871144031897,1932.9473043413363,1919.5001062906267,60.13592402474128,1963.8468395304963,38.054275920134394,1868.7111497301603,1871.2469091088062,2039.876585196248,1799.6581205723269,1668.6342138838534,96.08738584956845,1827.6916585348727,45.68860115708569,1713.4701556421585,1691.0535908801455,3929018213
23,1897.8706375162683,1623.4377704571752,1582.5956364846527,109.77314682363723,1793.2519419777796,48.4236558904271,1672.1928022517118,1674.0079297907905,2138.7715831099194,1922.7518535631239,1844.074154007134,86.4078918187182,2011.9408317533823,41.56546177652305,1908.0271773120746,1900.1020975906022,3930016447
24,2098.670329418833,1899.2575535076744,1926.2770697564524,79.76511036446333,2021.6769819282993,45.643881130857075,1907.5672791011566,1924.0967653500522,2088.959109644902,1940.6549288061833,1893.5435753865004,59.32167233548752,1967.5905909166695,38.29073311072147,1871.863758139866,1860.071950138558,3930017604
25,2107.647046194063,1919.9189319892885,1885.9955990571332,75.09124568190987,1949.5919066163792,38.666014772584134,1852.926869684919,1846.7107486689554,1950.6517011686183,1664.4549218358732,1581.0468531380411,114.47871173309805,1907.8735072632849,41.87708739244408,1803.1807887821747,1811.3942108043627,3930018175
26,1530.0053019939455,1176.3872073520938,1178.3416442955483,141.44723785674063,1622.874626292457,48.387437068731835,1501.9060336206273,1509.180630109118,2297.7355656559753,2058.826303073945,2010.8834673269234,95.56370503281207,2066.7362737954218,36.9425997180882,1974.3797745002012,1970.3999680175095,3930055489
27,2138.7715831099194,1922.7518535631239,1844.074154007134,86.4078918187182,2011.9408317533823,41.56546177652305,1908.0271773120746,1900.1020975906022,1897.8706375162683,1623.4377704571752,1582.5956364846527,109.77314682363723,1793.2519419777796,48.4236558904271,1672.1928022517118,1674.0079297907905,3930082757
28,2107.647046194063,1919.9189319892885,1885.9955990571332,75.09124568190987,1949.5919066163792,38.666014772584134,1852.926869684919,1846.7107486689554,1950.6517011686183,1664.4549218358732,1581.0468531380411,114.47871173309805,1907.8735072632849,41.87708739244408,1803.1807887821747,1811.3942108043627,3930084254
29,1530.0053019939455,1176.3872073520938,1178.3416442955483,141.44723785674063,1622.874626292457,48.387437068731835,1501.9060336206273,1509.180630109118,2297.7355656559753,2058.826303073945,2010.8834673269234,95.56370503281207,2066.7362737954218,36.9425997180882,1974.3797745002012,1970.3999680175095,3930123077
30,2088.959109644902,1940.6549288061833,1893.5435753865004,59.32167233548752,1967.5905909166695,38.29073311072147,1871.863758139866,1860.071950138558,2098.670329418833,1899.2575535076744,1926.2770697564524,79.76511036446333,2021.6769819282993,45.643881130857075,1907.5672791011566,1924.0967653500522,3930125995
31,2138.7715831099194,1922.7518535631239,1844.074154007134,86.4078918187182,2011.9408317533823,41.56546177652305,1908.0271773120746,1900.1020975906022,1897.8706375162683,1623.4377704571752,1582.5956364846527,109.77314682363723,1793.2519419777796,48.4236558904271,1672.1928022517118,1674.0079297907905,3930149324
32,2107.647046194063,1919.9189319892885,1885.9955990571332,75.09124568190987,1949.5919066163792,38.666014772584134,1852.926869684919,1846.7107486689554,1950.6517011686183,1664.4549218358732,1581.0468531380411,114.47871173309805,1907.8735072632849,41.87708739244408,1803.1807887821747,1811.3942108043627,3930153082
33,2088.959109644902,1940.6549288061833,1893.5435753865004,59.32167233548752,1967.5905909166695,38.29073311072147,1871.863758139866,1860.071950138558,2098.670329418833,1899.2575535076744,1926.2770697564524,79.76511036446333,2021.6769819282993,45.643881130857075,1907.5672791011566,1924.0967653500522,3930216789
34,2297.7355656559753,2058.826303073945,2010.8834673269234,95.56370503281207,2066.7362737954218,36.9425997180882,1974.3797745002012,1970.3999680175095,2107.647046194063,1919.9189319892885,1885.9955990571332,75.09124568190987,1949.5919066163792,38.666014772584134,1852.926869684919,1846.7107486689554,3930266193
35,2098.670329418833,1899.2575535076744,1926.2770697564524,79.76511036446333,2021.6769819282993,45.643881130857075,1907.5672791011566,1924.0967653500522,2138.7715831099194,1922.7518535631239,1844.074154007134,86.4078918187182,2011.9408317533823,41.56546177652305,1908.0271773120746,1900.1020975906022,3930343388
36,2107.647046194063,1919.9189319892885,1885.9955990571332,75.09124568190987,1949.5919066163792,38.666014772584134,1852.926869684919,1846.7107486689554,2297.7355656559753,2058.826303073945,2010.8834673269234,95.56370503281207,2066.7362737954218,36.9425997180882,1974.3797745002012,1970.3999680175095,3930369369
37,2138.7715831099194,1922.7518535631239,1844.074154007134,86.4078918187182,2011.9408317533823,41.56546177652305,1908.0271773120746,1900.1020975906022,2098.670329418833,1899.2575535076744,1926.2770697564524,79.76511036446333,2021.6769819282993,45.643881130857075,1907.5672791011566,1924.0967653500522,3930496811
38,1530.0053019939455,1176.3872073520938,1178.3416442955483,141.44723785674063,1622.874626292457,48.387437068731835,1501.9060336206273,1509.180630109118,1950.6517011686183,1664.4549218358732,1581.0468531380411,114.47871173309805,1907.8735072632849,41.87708739244408,1803.1807887821747,1811.3942108043627,3930501529
39,1950.6517011686183,1664.4549218358732,1581.0468531380411,114.47871173309805,1907.8735072632849,41.87708739244408,1803.1807887821747,1811.3942108043627,1530.0053019939455,1176.3872073520938,1178.3416442955483,141.44723785674063,1622.874626292457,48.387437068731835,1501.9060336206273,1509.180630109118,3930614997
40,1897.8706375162683,1623.4377704571752,1582.5956364846527,109.77314682363723,1793.2519419777796,48.4236558904271,1672.1928022517118,1674.0079297907905,2088.959109644902,1940.6549288061833,1893.5435753865004,59.32167233548752,1967.5905909166695,38.29073311072147,1871.863758139866,1860.071950138558,3930642875
41,2107.647046194063,1919.9189319892885,1885.9955990571332,75.09124568190987,1949.5919066163792,38.666014772584134,1852.926869684919,1846.7107486689554,1950.6517011686183,1664.4549218358732,1581.0468531380411,114.47871173309805,1907.8735072632849,41.87708739244408,1803.1807887821747,1811.3942108043627,3930746428
42,2088.959109644902,1940.6549288061833,1893.5435753865004,59.32167233548752,1967.5905909166695,38.29073311072147,1871.863758139866,1860.071950138558,1897.8706375162683,1623.4377704571752,1582.5956364846527,109.77314682363723,1793.2519419777796,48.4236558904271,1672.1928022517118,1674.0079297907905,3930752760
43,2088.959109644902,1940.6549288061833,1893.5435753865004,59.32167233548752,1967.5905909166695,38.29073311072147,1871.863758139866,1860.071950138558,2098.670329418833,1899.2575535076744,1926.2770697564524,79.76511036446333,2021.6769819282993,45.643881130857075,1907.5672791011566,1924.0967653500522,3930871882
44,2107.647046194063,1919.9189319892885,1885.9955990571332,75.09124568190987,1949.5919066163792,38.666014772584134,1852.926869684919,1846.7107486689554,1950.6517011686183,1664.4549218358732,1581.0468531380411,114.47871173309805,1907.8735072632849,41.87708739244408,1803.1807887821747,1811.3942108043627,3930896312
45,2098.670329418833,1899.2575535076744,1926.2770697564524,79.76511036446333,2021.6769819282993,45.643881130857075,1907.5672791011566,1924.0967653500522,2088.959109644902,1940.6549288061833,1893.5435753865004,59.32167233548752,1967.5905909166695,38.29073311072147,1871.863758139866,1860.071950138558,3930995463
46,2088.959109644902,1940.6549288061833,1893.5435753865004,59.32167233548752,1967.5905909166695,38.29073311072147,1871.863758139866,1860.071950138558,2098.670329418833,1899.2575535076744,1926.2770697564524,79.76511036446333,2021.6769819282993,45.643881130857075,1907.5672791011566,1924.0967653500522,3931151617
47,2185.4289296230795,1959.7932687214702,1815.620531059291,90.2542643606437,1957.1187997863196,38.867808589895574,1859.9492783115807,1839.2786592663397,2160.835510677128,1940.228592989808,1857.0979480137053,88.2427670749279,2035.2578543828104,41.54999082910875,1931.3828773100386,1926.8050208366355,3932111656
48,2160.835510677128,1940.228592989808,1857.0979480137053,88.2427670749279,2035.2578543828104,41.54999082910875,1931.3828773100386,1926.8050208366355,2185.4289296230795,1959.7932687214702,1815.620531059291,90.2542643606437,1957.1187997863196,38.867808589895574,1859.9492783115807,1839.2786592663397,3932161077
49,2107.647046194063,1919.9189319892885,1885.9955990571332,75.09124568190987,1949.5919066163792,38.666014772584134,1852.926869684919,1846.7107486689554,2138.7715831099194,1922.7518535631239,1844.074154007134,86.4078918187182,2011.9408317533823,41.56546177652305,1908.0271773120746,1900.1020975906022,3932214146
50,2138.7715831099194,1922.7518535631239,1844.074154007134,86.4078918187182,2011.9408317533823,41.56546177652305,1908.0271773120746,1900.1020975906022,2107.647046194063,1919.9189319892885,1885.9955990571332,75.09124568190987,1949.5919066163792,38.666014772584134,1852.926869684919,1846.7107486689554,3932294528
51,2138.7715831099194,1922.7518535631239,1844.074154007134,86.4078918187182,2011.9408317533823,41.56546177652305,1908.0271773120746,1900.1020975906022,2107.647046194063,1919.9189319892885,1885.9955990571332,75.09124568190987,1949.5919066163792,38.666014772584134,1852.926869684919,1846.7107486689554,3932378219
52,1870.8592441693243,1617.0624473707924,1639.8855243424907,101.51871871941277,1949.755962758477,44.549949952419674,1838.3810878774277,1860.9448516893224,2039.876585196248,1799.6581205723269,1668.6342138838534,96.08738584956845,1827.6916585348727,45.68860115708569,1713.4701556421585,1691.0535908801455,3932468492
53,1870.8592441693243,1617.0624473707924,1639.8855243424907,101.51871871941277,1949.755962758477,44.549949952419674,1838.3810878774277,1860.9448516893224,2039.876585196248,1799.6581205723269,1668.6342138838534,96.08738584956845,1827.6916585348727,45.68860115708569,1713.4701556421585,1691.0535908801455,3932554750
54,1870.8592441693243,1617.0624473707924,1639.8855243424907,101.51871871941277,1949.755962758477,44.549949952419674,1838.3810878774277,1860.9448516893224,2039.876585196248,1799.6581205723269,1668.6342138838534,96.08738584956845,1827.6916585348727,45.68860115708569,1713.4701556421585,1691.0535908801455,3932641464
55,1530.0053019939455,1176.3872073520938,1178.3416442955483,141.44723785674063,1622.874626292457,48.387437068731835,1501.9060336206273,1509.180630109118,2098.670329418833,1899.2575535076744,1926.2770697564524,79.76511036446333,2021.6769819282993,45.643881130857075,1907.5672791011566,1924.0967653500522,3932802156
56,2098.670329418833,1899.2575535076744,1926.2770697564524,79.76511036446333,2021.6769819282993,45.643881130857075,1907.5672791011566,1924.0967653500522,1530.0053019939455,1176.3872073520938,1178.3416442955483,141.44723785674063,1622.874626292457,48.387437068731835,1501.9060336206273,1509.180630109118,3932948526
57,2270.1028619806984,2114.622045895485,2110.0974965351265,62.19232643408542,2078.4998679517003,39.01009520343336,1980.974629943117,1977.3237376214856,2083.9009309507487,1944.312481854441,1932.9473043413363,55.835379638523015,1962.8640299340361,37.94215888195435,1868.0086327291503,1868.7111497301603,3933892648
58,2270.1028619806984,2114.622045895485,2110.0974965351265,62.19232643408542,2078.4998679517003,39.01009520343336,1980.974629943117,1977.3237376214856,2083.9009309507487,1944.312481854441,1932.9473043413363,55.835379638523015,1962.8640299340361,37.94215888195435,1868.0086327291503,1868.7111497301603,3933935682
59,2083.9009309507487,1944.312481854441,1932.9473043413363,55.835379638523015,1962.8640299340361,37.94215888195435,1868.0086327291503,1868.7111497301603,2270.1028619806984,2114.622045895485,2110.0974965351265,62.19232643408542,2078.4998679517003,39.01009520343336,1980.974629943117,1977.3237376214856,3933995420
60,2085.7897751955174,1947.0105700534123,1940.6549288061833,55.511682056842055,1963.108373530189,38.304362665386996,1867.3474668667216,1871.863758139866,2266.242972626024,2079.2134406035943,2058.826303073945,74.81181280897184,2063.866517409563,36.35153413276829,1972.9876820776424,1974.3797745002012,3934056852
61,2266.242972626024,2079.2134406035943,2058.826303073945,74.81181280897184,2063.866517409563,36.35153413276829,1972.9876820776424,1974.3797745002012,2085.7897751955174,1947.0105700534123,1940.6549288061833,55.511682056842055,1963.108373530189,38.304362665386996,1867.3474668667216,1871.863758139866,3934135077
62,2085.7897751955174,1947.0105700534123,1940.6549288061833,55.511682056842055,1963.108373530189,38.304362665386996,1867.3474668667216,1871.863758139866,2266.242972626024,2079.2134406035943,2058.826303073945,74.81181280897184,2063.866517409563,36.35153413276829,1972.9876820776424,1974.3797745002012,3934197014
63,2102.257145344381,1953.776405715262,1928.871169513403,59.39229585164766,1982.4129119447664,38.36546521067406,1886.4992489180813,1881.1725233123686,1865.4346990772717,1593.523083758824,1537.462486938718,108.76464612737908,1816.7923848314445,45.15855135875091,1703.8960064345672,1702.792209678543,3934299285
64,2102.257145344381,1953.776405715262,1928.871169513403,59.39229585164766,1982.4129119447664,38.36546521067406,1886.4992489180813,1881.1725233123686,1865.4346990772717,1593.523083758824,1537.462486938718,108.76464612737908,1816.7923848314445,45.15855135875091,1703.8960064345672,1702.792209678543,3934416979
65,2102.257145344381,1953.776405715262,1928.871169513403,59.39229585164766,1982.4129119447664,38.36546521067406,1886.4992489180813,1881.1725233123686,1865.4346990772717,1593.523083758824,1537.462486938718,108.76464612737908,1816.7923848314445,45.15855135875091,1703.8960064345672,1702.792209678543,3934531879
66,1850.1650559051027,1596.7573314043082,1623.4377704571752,101.36308980031778,1784.0058391867522,48.666183843767094,1662.3403795773345,1672.1928022517118,1960.5196503407321,1716.210577517773,1664.4549218358732,97.72362912918369,1906.2674386511715,41.98470088591912,1801.3056864363737,1803.1807887821747,3934691232
67,1960.5196503407321,1716.210577517773,1664.4549218358732,97.72362912918369,1906.2674386511715,41.98470088591912,1801.3056864363737,1803.1807887821747,1850.1650559051027,1596.7573314043082,1623.4377704571752,101.36308980031778,1784.0058391867522,48.666183843767094,1662.3403795773345,1672.1928022517118,3934811274
68,1902.5645760300479,1679.736725680833,1617.0624473707924,89.13114013968593,1938.6563250741515,44.03266327331662,1828.57466689086,1838.3810878774277,2126.165659029237,1963.4978969102588,1919.9189319892885,65.06710484759125,1959.0627133546516,37.95695333909166,1864.1703300069225,1852.926869684919,3935657118
69,2126.165659029237,1963.4978969102588,1919.9189319892885,65.06710484759125,1959.0627133546516,37.95695333909166,1864.1703300069225,1852.926869684919,1902.5645760300479,1679.736725680833,1617.0624473707924,89.13114013968593,1938.6563250741515,44.03266327331662,1828.57466689086,1838.3810878774277,3935718039
70,2096.977450607134,1911.3528253085822,1899.2575535076744,74.24985011942073,2014.769340975044,45.38967750822671,1901.2951472044774,1907.5672791011566,2117.345461783112,1928.3906272927347,1959.7932687214702,75.58193379615093,1948.3668305480119,38.55011074641393,1851.9915536819772,1859.9492783115807,3935790916
71,2096.977450607134,1911.3528253085822,1899.2575535076744,74.24985011942073,2014.769340975044,45.38967750822671,1901.2951472044774,1907.5672791011566,2117.345461783112,1928.3906272927347,1959.7932687214702,75.58193379615093,1948.3668305480119,38.55011074641393,1851.9915536819772,1859.9492783115807,3935855156
72,2117.345461783112,1928.3906272927347,1959.7932687214702,75.58193379615093,1948.3668305480119,38.55011074641393,1851.9915536819772,1859.9492783115807,2096.977450607134,1911.3528253085822,1899.2575535076744,74.24985011942073,2014.769340975044,45.38967750822671,1901.2951472044774,1907.5672791011566,3935917464
73,2102.257145344381,1953.776405715262,1928.871169513403,59.39229585164766,1982.4129119447664,38.36546521067406,1886.4992489180813,1881.1725233123686,2085.7897751955174,1947.0105700534123,1940.6549288061833,55.511682056842055,1963.108373530189,38.304362665386996,1867.3474668667216,1871.863758139866,3936038407
74,2085.7897751955174,1947.0105700534123,1940.6549288061833,55.511682056842055,1963.108373530189,38.304362665386996,1867.3474668667216,1871.863758139866,2102.257145344381,1953.776405715262,1928.871169513403,59.39229585164766,1982.4129119447664,38.36546521067406,1886.4992489180813,1881.1725233123686,3936208040
75,2085.7897751955174,1947.0105700534123,1940.6549288061833,55.511682056842055,1963.108373530189,38.304362665386996,1867.3474668667216,1871.863758139866,2102.257145344381,1953.776405715262,1928.871169513403,59.39229585164766,1982.4129119447664,38.36546521067406,1886.4992489180813,1881.1725233123686,3936321758
76,2083.9009309507487,1944.312481854441,1932.9473043413363,55.835379638523015,1962.8640299340361,37.94215888195435,1868.0086327291503,1868.7111497301603,1960.5196503407321,1716.210577517773,1664.4549218358732,97.72362912918369,1906.2674386511715,41.98470088591912,1801.3056864363737,1803.1807887821747,3936473615
77,2083.9009309507487,1944.312481854441,1932.9473043413363,55.835379638523015,1962.8640299340361,37.94215888195435,1868.0086327291503,1868.7111497301603,1960.5196503407321,1716.210577517773,1664.4549218358732,97.72362912918369,1906.2674386511715,41.98470088591912,1801.3056864363737,1803.1807887821747,3936679099
78,2293.6878548205423,2118.7895438797773,1940.228592989808,69.95932437630599,2068.2036614798235,39.76059033911817,1968.802185632028,1931.3828773100386,2153.0697477621384,1979.0826652448297,1922.7518535631239,69.59483300692348,2012.0784565210984,40.04629657629572,1911.962715080359,1908.0271773120746,3937435514
79,2153.0697477621384,1979.0826652448297,1922.7518535631239,69.59483300692348,2012.0784565210984,40.04629657629572,1911.962715080359,1908.0271773120746,2293.6878548205423,2118.7895438797773,1940.228592989808,69.95932437630599,2068.2036614798235,39.76059033911817,1968.802185632028,1931.3828773100386,3937484599
80,2270.1028619806984,2114.622045895485,2110.0974965351265,62.19232643408542,2078.4998679517003,39.01009520343336,1980.974629943117,1977.3237376214856,2266.242972626024,2079.2134406035943,2058.826303073945,74.81181280897184,2063.866517409563,36.35153413276829,1972.9876820776424,1974.3797745002012,3937537639
81,2270.1028619806984,2114.622045895485,2110.0974965351265,62.19232643408542,2078.4998679517003,39.01009520343336,1980.974629943117,1977.3237376214856,2266.242972626024,2079.2134406035943,2058.826303073945,74.81181280897184,2063.866517409563,36.35153413276829,1972.9876820776424,1974.3797745002012,3937609487
82,2117.345461783112,1928.3906272927347,1959.7932687214702,75.58193379615093,1948.3668305480119,38.55011074641393,1851.9915536819772,1859.9492783115807,2126.165659029237,1963.4978969102588,1919.9189319892885,65.06710484759125,1959.0627133546516,37.95695333909166,1864.1703300069225,1852.926869684919,3937695236
83,2117.345461783112,1928.3906272927347,1959.7932687214702,75.58193379615093,1948.3668305480119,38.55011074641393,1851.9915536819772,1859.9492783115807,2126.165659029237,1963.4978969102588,1919.9189319892885,65.06710484759125,1959.0627133546516,37.95695333909166,1864.1703300069225,1852.926869684919,3937770762
84,2102.257145344381,1953.776405715262,1928.871169513403,59.39229585164766,1982.4129119447664,38.36546521067406,1886.4992489180813,1881.1725233123686,2083.9009309507487,1944.312481854441,1932.9473043413363,55.835379638523015,1962.8640299340361,37.94215888195435,1868.0086327291503,1868.7111497301603,3937843537
85,2083.9009309507487,1944.312481854441,1932.9473043413363,55.835379638523015,1962.8640299340361,37.94215888195435,1868.0086327291503,1868.7111497301603,2102.257145344381,1953.776405715262,1928.871169513403,59.39229585164766,1982.4129119447664,38.36546521067406,1886.4992489180813,1881.1725233123686,3937936341
86,2270.1028619806984,2114.622045895485,2110.0974965351265,62.19232643408542,2078.4998679517003,39.01009520343336,1980.974629943117,1977.3237376214856,2126.165659029237,1963.4978969102588,1919.9189319892885,65.06710484759125,1959.0627133546516,37.95695333909166,1864.1703300069225,1852.926869684919,3941137339
87,2126.165659029237,1963.4978969102588,1919.9189319892885,65.06710484759125,1959.0627133546516,37.95695333909166,1864.1703300069225,1852.926869684919,2270.1028619806984,2114.622045895485,2110.0974965351265,62.19232643408542,2078.4998679517003,39.01009520343336,1980.974629943117,1977.3237376214856,3941208711
88,2153.0697477621384,1979.0826652448297,1922.7518535631239,69.59483300692348,2012.0784565210984,40.04629657629572,1911.962715080359,1908.0271773120746,2102.257145344381,1953.776405715262,1928.871169513403,59.39229585164766,1982.4129119447664,38.36546521067406,1886.4992489180813,1881.1725233123686,3941338408
89,2102.257145344381,1953.776405715262,1928.871169513403,59.39229585164766,1982.4129119447664,38.36546521067406,1886.4992489180813,1881.1725233123686,2153.0697477621384,1979.0826652448297,1922.7518535631239,69.59483300692348,2012.0784565210984,40.04629657629572,1911.962715080359,1908.0271773120746,3941422211
90,2153.0697477621384,1979.0826652448297,1922.7518535631239,69.59483300692348,2012.0784565210984,40.04629657629572,1911.962715080359,1908.0271773120746,2270.1028619806984,2114.622045895485,2110.0974965351265,62.19232643408542,2078.4998679517003,39.01009520343336,1980.974629943117,1977.3237376214856,3941608894
91,2153.0697477621384,1979.0826652448297,1922.7518535631239,69.59483300692348,2012.0784565210984,40.04629657629572,1911.962715080359,1908.0271773120746,2270.1028619806984,2114.622045895485,2110.0974965351265,62.19232643408542,2078.4998679517003,39.01009520343336,1980.974629943117,1977.3237376214856,3941740660
92,2270.1028619806984,2114.622045895485,2110.0974965351265,62.19232643408542,2078.4998679517003,39.01009520343336,1980.974629943117,1977.3237376214856,2153.0697477621384,1979.0826652448297,1922.7518535631239,69.59483300692348,2012.0784565210984,40.04629657629572,1911.962715080359,1908.0271773120746,3941931884
93,2266.242972626024,2079.2134406035943,2058.826303073945,74.81181280897184,2063.866517409563,36.35153413276829,1972.9876820776424,1974.3797745002012,2293.6878548205423,2118.7895438797773,1940.228592989808,69.95932437630599,2068.2036614798235,39.76059033911817,1968.802185632028,1931.3828773100386,3942119450
94,2293.6878548205423,2118.7895438797773,1940.228592989808,69.95932437630599,2068.2036614798235,39.76059033911817,1968.802185632028,1931.3828773100386,2266.242972626024,2079.2134406035943,2058.826303073945,74.81181280897184,2063.866517409563,36.35153413276829,1972.9876820776424,1974.3797745002012,3942260942
95,2270.1028619806984,2114.622045895485,2110.0974965351265,62.19232643408542,2078.4998679517003,39.01009520343336,1980.974629943117,1977.3237376214856,2266.242972626024,2079.2134406035943,2058.826303073945,74.81181280897184,2063.866517409563,36.35153413276829,1972.9876820776424,1974.3797745002012,3943204781
96,2266.242972626024,2079.2134406035943,2058.826303073945,74.81181280897184,2063.866517409563,36.35153413276829,1972.9876820776424,1974.3797745002012,2270.1028619806984,2114.622045895485,2110.0974965351265,62.19232643408542,2078.4998679517003,39.01009520343336,1980.974629943117,1977.3237376214856,3943262880
97,2266.242972626024,2079.2134406035943,2058.826303073945,74.81181280897184,2063.866517409563,36.35153413276829,1972.9876820776424,1974.3797745002012,2270.1028619806984,2114.622045895485,2110.0974965351265,62.19232643408542,2078.4998679517003,39.01009520343336,1980.974629943117,1977.3237376214856,3943365614
98,2270.1028619806984,2114.622045895485,2110.0974965351265,62.19232643408542,2078.4998679517003,39.01009520343336,1980.974629943117,1977.3237376214856,2293.6878548205423,2118.7895438797773,1940.228592989808,69.95932437630599,2068.2036614798235,39.76059033911817,1968.802185632028,1931.3828773100386,3943547236
99,2293.6878548205423,2118.7895438797773,1940.228592989808,69.95932437630599,2068.2036614798235,39.76059033911817,1968.802185632028,1931.3828773100386,2270.1028619806984,2114.622045895485,2110.0974965351265,62.19232643408542,2078.4998679517003,39.01009520343336,1980.974629943117,1977.3237376214856,3943673479
100,2270.1028619806984,2114.622045895485,2110.0974965351265,62.19232643408542,2078.4998679517003,39.01009520343336,1980.974629943117,1977.3237376214856,2293.6878548205423,2118.7895438797773,1940.228592989808,69.95932437630599,2068.2036614798235,39.76059033911817,1968.802185632028,1931.3828773100386,3943790375
101,2270.1028619806984,2114.622045895485,2110.0974965351265,62.19232643408542,2078.4998679517003,39.01009520343336,1980.974629943117,1977.3237376214856,2293.6878548205423,2118.7895438797773,1940.228592989808,69.95932437630599,2068.2036614798235,39.76059033911817,1968.802185632028,1931.3828773100386,3943893584
102,2293.6878548205423,2118.7895438797773,1940.228592989808,69.95932437630599,2068.2036614798235,39.76059033911817,1968.802185632028,1931.3828773100386,2270.1028619806984,2114.622045895485,2110.0974965351265,62.19232643408542,2078.4998679517003,39.01009520343336,1980.974629943117,1977.3237376214856,3943981461
103,1886.931651286573,1608.1966804289368,1673.0804779601958,111.49398834305448,1810.8100858017162,44.16498695284951,1700.3976184195924,1701.3195379263634,1945.2163420428083,1681.709233005098,1186.7651656842572,105.40284361508412,1728.9195826417008,45.17183186616487,1615.9900029762887,1580.9796376143627,3960583608
104,1634.4697344876722,1280.3860562839895,1273.3818799112576,141.63347128147302,1772.200799701405,49.01737988230723,1649.6573499956369,1672.3110243053372,1872.0333497270972,1629.0988759515994,1691.2246942862225,97.17378951019913,1816.5350405466097,45.237783963157284,1703.4405806387165,1710.3087472217258,3960600123
105,2273.615085774103,1926.7083831504883,0.0,138.76268104944594,2062.8645576551676,115.19340735850543,1774.881039258904,0.0,1568.494314837355,1131.8064213065388,881.7671102598848,174.67515741232646,1590.0064213639964,61.30693547696473,1436.7390826715846,1432.659623817815,3960615221
106,1929.2408770283962,1604.7722043790363,1100.2941805223113,129.7874690597439,1770.6110961484312,93.76721546975959,1536.1930574740322,1285.259518562389,1473.2548306415333,1137.8559670145228,1122.3054859186614,134.15954545080425,1604.1557225979427,49.624736042824196,1480.0938824908822,1494.5964567328222,3960680068
107,1445.0808527413626,1081.5019334718259,0.0,145.43156770781474,1455.3079902523796,126.43275014833713,1139.2261148815367,0.0,1461.9554250967283,897.8726316327081,0.0,225.63311738560807,1466.518803857612,208.8536796463537,944.3846047417278,0.0,3960760412
108,1445.0808527413626,1081.5019334718259,0.0,145.43156770781474,1455.3079902523796,126.43275014833713,1139.2261148815367,0.0,1945.2163420428083,1681.709233005098,1186.7651656842572,105.40284361508412,1728.9195826417008,45.17183186616487,1615.9900029762887,1580.9796376143627,3960868114
109,1929.2408770283962,1604.7722043790363,1100.2941805223113,129.7874690597439,1770.6110961484312,93.76721546975959,1536.1930574740322,1285.259518562389,1945.2163420428083,1681.709233005098,1186.7651656842572,105.40284361508412,1728.9195826417008,45.17183186616487,1615.9900029762887,1580.9796376143627,3960936028
110,1364.5449061650042,971.5218185236743,906.514988929777,157.209235056532,1655.5892630505239,60.31099941530951,1504.8117645122502,1552.8923004953592,1863.0603718262857,1611.8714047594299,1458.0732141004328,100.47558682674236,1841.8157084721586,45.46512817302974,1728.1528880395842,1735.4532265518096,3960963962
111,1936.8180386340837,1683.0459835430815,1528.3741909412197,101.5088220364008,1871.134728943282,45.550813324366835,1757.2576956323649,1750.0189494696892,1703.4619467731009,1380.3610877119295,1386.633614694561,129.2403436244686,1760.4257012929868,53.64374389270894,1626.3163415612144,1645.165766693355,3960988841
112,1831.2133579249314,1536.0355758751055,1186.1041175354728,118.07111281993039,1699.869746620165,58.04712079694417,1554.7519446278045,1492.3691915577945,1814.2734009064982,1511.7557328174264,1470.9824448696108,121.00706723562871,1817.8803289274038,44.80098369125043,1705.8778696992777,1716.3662443280452,3961000985
113,2079.5333078743856,1768.787106216393,1013.3609276671917,124.298480663197,1841.4731917943766,78.86617852037965,1644.3077454934275,1397.3939736673697,1863.0603718262857,1611.8714047594299,1458.0732141004328,100.47558682674236,1841.8157084721586,45.46512817302974,1728.1528880395842,1735.4532265518096,3961040985
114,1703.4619467731009,1380.3610877119295,1386.633614694561,129.2403436244686,1760.4257012929868,53.64374389270894,1626.3163415612144,1645.165766693355,1737.9530634510118,1291.5592348210062,0.0,178.5575314520022,1733.1368309232455,156.38257524072958,1342.1803928214215,0.0,3961061756
115,2079.5333078743856,1768.787106216393,1013.3609276671917,124.298480663197,1841.4731917943766,78.86617852037965,1644.3077454934275,1397.3939736673697,1364.5449061650042,971.5218185236743,906.514988929777,157.209235056532,1655.5892630505239,60.31099941530951,1504.8117645122502,1552.8923004953592,3961102532
116,1863.0603718262857,1611.8714047594299,1458.0732141004328,100.47558682674236,1841.8157084721586,45.46512817302974,1728.1528880395842,1735.4532265518096,1936.8180386340837,1683.0459835430815,1528.3741909412197,101.5088220364008,1871.134728943282,45.550813324366835,1757.2576956323649,1750.0189494696892,3961142758
117,1703.4619467731009,1380.3610877119295,1386.633614694561,129.2403436244686,1760.4257012929868,53.64374389270894,1626.3163415612144,1645.165766693355,1814.2734009064982,1511.7557328174264,1470.9824448696108,121.00706723562871,1817.8803289274038,44.80098369125043,1705.8778696992777,1716.3662443280452,3961146514
118,1831.2133579249314,1536.0355758751055,1186.1041175354728,118.07111281993039,1699.869746620165,58.04712079694417,1554.7519446278045,1492.3691915577945,1364.5449061650042,971.5218185236743,906.514988929777,157.209235056532,1655.5892630505239,60.31099941530951,1504.8117645122502,1552.8923004953592,3961217248
119,1737.9530634510118,1291.5592348210062,0.0,178.5575314520022,1733.1368309232455,156.38257524072958,1342.1803928214215,0.0,1814.2734009064982,1511.7557328174264,1470.9824448696108,121.00706723562871,1817.8803289274038,44.80098369125043,1705.8778696992777,1716.3662443280452,3961219376
120,1634.4697344876722,1280.3860562839895,1273.3818799112576,141.63347128147302,1772.200799701405,49.01737988230723,1649.6573499956369,1672.3110243053372,1850.3409841003838,1450.9965489400408,0.0,159.73777406413717,1773.601087912186,137.15180329191742,1430.7215796823923,0.0,3961259644
121,1936.8180386340837,1683.0459835430815,1528.3741909412197,101.5088220364008,1871.134728943282,45.550813324366835,1757.2576956323649,1750.0189494696892,1737.9530634510118,1291.5592348210062,0.0,178.5575314520022,1733.1368309232455,156.38257524072958,1342.1803928214215,0.0,3961276206
122,1831.2133579249314,1536.0355758751055,1186.1041175354728,118.07111281993039,1699.869746620165,58.04712079694417,1554.7519446278045,1492.3691915577945,1863.0603718262857,1611.8714047594299,1458.0732141004328,100.47558682674236,1841.8157084721586,45.46512817302974,1728.1528880395842,1735.4532265518096,3961291740
123,1872.0333497270972,1629.0988759515994,1691.2246942862225,97.17378951019913,1816.5350405466097,45.237783963157284,1703.4405806387165,1710.3087472217258,1515.2909801443195,1162.4226360457874,1295.2669508454744,141.14733763941288,1757.929178283333,47.980576552477906,1637.977736902138,1672.6206880492102,3961373359
124,1814.2734009064982,1511.7557328174264,1470.9824448696108,121.00706723562871,1817.8803289274038,44.80098369125043,1705.8778696992777,1716.3662443280452,1863.0603718262857,1611.8714047594299,1458.0732141004328,100.47558682674236,1841.8157084721586,45.46512817302974,1728.1528880395842,1735.4532265518096,3961425002
125,2018.3850309629884,1690.9895167386485,1531.022332153158,130.958205689736,1951.6182033015461,53.56446372104091,1817.7070439989438,1806.032639431288,2273.615085774103,1926.7083831504883,0.0,138.76268104944594,2062.8645576551676,115.19340735850543,1774.881039258904,0.0,3961454929
126,1814.2734009064982,1511.7557328174264,1470.9824448696108,121.00706723562871,1817.8803289274038,44.80098369125043,1705.8778696992777,1716.3662443280452,1936.8180386340837,1683.0459835430815,1528.3741909412197,101.5088220364008,1871.134728943282,45.550813324366835,1757.2576956323649,1750.0189494696892,3961505531
127,1850.3409841003838,1450.9965489400408,0.0,159.73777406413717,1773.601087912186,137.15180329191742,1430.7215796823923,0.0,1545.4628897365692,1081.5645840664645,0.0,185.55932226804188,1594.1118046954007,172.1393532721251,1163.7634215150879,0.0,3961553272
128,2018.3850309629884,1690.9895167386485,1531.022332153158,130.958205689736,1951.6182033015461,53.56446372104091,1817.7070439989438,1806.032639431288,1568.494314837355,1131.8064213065388,881.7671102598848,174.67515741232646,1590.0064213639964,61.30693547696473,1436.7390826715846,1432.659623817815,3961646185
129,1936.8180386340837,1683.0459835430815,1528.3741909412197,101.5088220364008,1871.134728943282,45.550813324366835,1757.2576956323649,1750.0189494696892,1863.0603718262857,1611.8714047594299,1458.0732141004328,100.47558682674236,1841.8157084721586,45.46512817302974,1728.1528880395842,1735.4532265518096,3961665955
130,1886.931651286573,1608.1966804289368,1673.0804779601958,111.49398834305448,1810.8100858017162,44.16498695284951,1700.3976184195924,1701.3195379263634,1473.2548306415333,1137.8559670145228,1122.3054859186614,134.15954545080425,1604.1557225979427,49.624736042824196,1480.0938824908822,1494.5964567328222,3962007207
131,1945.2163420428083,1681.709233005098,1186.7651656842572,105.40284361508412,1728.9195826417008,45.17183186616487,1615.9900029762887,1580.9796376143627,1350.127019461838,713.6099337204344,685.4874611789933,254.6068342965615,1491.1418916871407,65.93727181697462,1326.2987121447043,1331.960388967449,3962092993
132,1929.2408770283962,1604.7722043790363,1100.2941805223113,129.7874690597439,1770.6110961484312,93.76721546975959,1536.1930574740322,1285.259518562389,1445.0808527413626,1081.5019334718259,0.0,145.43156770781474,1455.3079902523796,126.43275014833713,1139.2261148815367,0.0,3962137083
133,1831.2133579249314,1536.0355758751055,1186.1041175354728,118.07111281993039,1699.869746620165,58.04712079694417,1554.7519446278045,1492.3691915577945,1936.8180386340837,1683.0459835430815,1528.3741909412197,101.5088220364008,1871.134728943282,45.550813324366835,1757.2576956323649,1750.0189494696892,3962632022
134,1831.2133579249314,1536.0355758751055,1186.1041175354728,118.07111281993039,1699.869746620165,58.04712079694417,1554.7519446278045,1492.3691915577945,1936.8180386340837,1683.0459835430815,1528.3741909412197,101.5088220364008,1871.134728943282,45.550813324366835,1757.2576956323649,1750.0189494696892,3962701540
135,2079.5333078743856,1768.787106216393,1013.3609276671917,124.298480663197,1841.4731917943766,78.86617852037965,1644.3077454934275,1397.3939736673697,1863.0603718262857,1611.8714047594299,1458.0732141004328,100.47558682674236,1841.8157084721586,45.46512817302974,1728.1528880395842,1735.4532265518096,3962815128
136,2079.5333078743856,1768.787106216393,1013.3609276671917,124.298480663197,1841.4731917943766,78.86617852037965,1644.3077454934275,1397.3939736673697,1863.0603718262857,1611.8714047594299,1458.0732141004328,100.47558682674236,1841.8157084721586,45.46512817302974,1728.1528880395842,1735.4532265518096,3962882047
137,2079.5333078743856,1768.787106216393,1013.3609276671917,124.298480663197,1841.4731917943766,78.86617852037965,1644.3077454934275,1397.3939736673697,1936.8180386340837,1683.0459835430815,1528.3741909412197,101.5088220364008,1871.134728943282,45.550813324366835,1757.2576956323649,1750.0189494696892,3962997393
138,1936.8180386340837,1683.0459835430815,1528.3741909412197,101.5088220364008,1871.134728943282,45.550813324366835,1757.2576956323649,1750.0189494696892,2079.5333078743856,1768.787106216393,1013.3609276671917,124.298480663197,1841.4731917943766,78.86617852037965,1644.3077454934275,1397.3939736673697,3963082795
139,1872.0333497270972,1629.0988759515994,1691.2246942862225,97.17378951019913,1816.5350405466097,45.237783963157284,1703.4405806387165,1710.3087472217258,2273.615085774103,1926.7083831504883,0.0,138.76268104944594,2062.8645576551676,115.19340735850543,1774.881039258904,0.0,3963141136
140,1936.8180386340837,1683.0459835430815,1528.3741909412197,101.5088220364008,1871.134728943282,45.550813324366835,1757.2576956323649,1750.0189494696892,2079.5333078743856,1768.787106216393,1013.3609276671917,124.298480663197,1841.4731917943766,78.86617852037965,1644.3077454934275,1397.3939736673697,3963175050
141,2273.615085774103,1926.7083831504883,0.0,138.76268104944594,2062.8645576551676,115.19340735850543,1774.881039258904,0.0,1872.0333497270972,1629.0988759515994,1691.2246942862225,97.17378951019913,1816.5350405466097,45.237783963157284,1703.4405806387165,1710.3087472217258,3963261456
142,1872.0333497270972,1629.0988759515994,1691.2246942862225,97.17378951019913,1816.5350405466097,45.237783963157284,1703.4405806387165,1710.3087472217258,2273.615085774103,1926.7083831504883,0.0,138.76268104944594,2062.8645576551676,115.19340735850543,1774.881039258904,0.0,3963365795
143,2018.3850309629884,1690.9895167386485,1531.022332153158,130.958205689736,1951.6182033015461,53.56446372104091,1817.7070439989438,1806.032639431288,2273.615085774103,1926.7083831504883,0.0,138.76268104944594,2062.8645576551676,115.19340735850543,1774.881039258904,0.0,3963510721
144,2018.3850309629884,1690.9895167386485,1531.022332153158,130.958205689736,1951.6182033015461,53.56446372104091,1817.7070439989438,1806.032639431288,2273.615085774103,1926.7083831504883,0.0,138.76268104944594,2062.8645576551676,115.19340735850543,1774.881039258904,0.0,3963622811
145,1929.2408770283962,1604.7722043790363,1100.2941805223113,129.7874690597439,1770.6110961484312,93.76721546975959,1536.1930574740322,1285.259518562389,1445.0808527413626,1081.5019334718259,0.0,145.43156770781474,1455.3079902523796,126.43275014833713,1139.2261148815367,0.0,3963695407
146,2018.3850309629884,1690.9895167386485,1531.022332153158,130.958205689736,1951.6182033015461,53.56446372104091,1817.7070439989438,1806.032639431288,2273.615085774103,1926.7083831504883,0.0,138.76268104944594,2062.8645576551676,115.19340735850543,1774.881039258904,0.0,3963748898
147,1886.931651286573,1608.1966804289368,1673.0804779601958,111.49398834305448,1810.8100858017162,44.16498695284951,1700.3976184195924,1701.3195379263634,1461.9554250967283,897.8726316327081,0.0,225.63311738560807,1466.518803857612,208.8536796463537,944.3846047417278,0.0,3963766315
148,1945.2163420428083,1681.709233005098,1186.7651656842572,105.40284361508412,1728.9195826417008,45.17183186616487,1615.9900029762887,1580.9796376143627,1473.2548306415333,1137.8559670145228,1122.3054859186614,134.15954545080425,1604.1557225979427,49.624736042824196,1480.0938824908822,1494.5964567328222,3963833718
149,1445.0808527413626,1081.5019334718259,0.0,145.43156770781474,1455.3079902523796,126.43275014833713,1139.2261148815367,0.0,1473.2548306415333,1137.8559670145228,1122.3054859186614,134.15954545080425,1604.1557225979427,49.624736042824196,1480.0938824908822,1494.5964567328222,3963951879
150,1929.2408770283962,1604.7722043790363,1100.2941805223113,129.7874690597439,1770.6110961484312,93.76721546975959,1536.1930574740322,1285.259518562389,1886.931651286573,1608.1966804289368,1673.0804779601958,111.49398834305448,1810.8100858017162,44.16498695284951,1700.3976184195924,1701.3195379263634,3964015955
151,1831.2133579249314,1536.0355758751055,1186.1041175354728,118.07111281993039,1699.869746620165,58.04712079694417,1554.7519446278045,1492.3691915577945,1863.0603718262857,1611.8714047594299,1458.0732141004328,100.47558682674236,1841.8157084721586,45.46512817302974,1728.1528880395842,1735.4532265518096,3964347005
152,1831.2133579249314,1536.0355758751055,1186.1041175354728,118.07111281993039,1699.869746620165,58.04712079694417,1554.7519446278045,1492.3691915577945,1863.0603718262857,1611.8714047594299,1458.0732141004328,100.47558682674236,1841.8157084721586,45.46512817302974,1728.1528880395842,1735.4532265518096,3964420417
153,1863.0603718262857,1611.8714047594299,1458.0732141004328,100.47558682674236,1841.8157084721586,45.46512817302974,1728.1528880395842,1735.4532265518096,1936.8180386340837,1683.0459835430815,1528.3741909412197,101.5088220364008,1871.134728943282,45.550813324366835,1757.2576956323649,1750.0189494696892,3964501224
154,1863.0603718262857,1611.8714047594299,1458.0732141004328,100.47558682674236,1841.8157084721586,45.46512817302974,1728.1528880395842,1735.4532265518096,1936.8180386340837,1683.0459835430815,1528.3741909412197,101.5088220364008,1871.134728943282,45.550813324366835,1757.2576956323649,1750.0189494696892,3964587511
155,1850.3409841003838,1450.9965489400408,0.0,159.73777406413717,1773.601087912186,137.15180329191742,1430.7215796823923,0.0,1872.0333497270972,1629.0988759515994,1691.2246942862225,97.17378951019913,1816.5350405466097,45.237783963157284,1703.4405806387165,1710.3087472217258,3964610577
156,1872.0333497270972,1629.0988759515994,1691.2246942862225,97.17378951019913,1816.5350405466097,45.237783963157284,1703.4405806387165,1710.3087472217258,1850.3409841003838,1450.9965489400408,0.0,159.73777406413717,1773.601087912186,137.15180329191742,1430.7215796823923,0.0,3964678461
157,1872.0333497270972,1629.0988759515994,1691.2246942862225,97.17378951019913,1816.5350405466097,45.237783963157284,1703.4405806387165,1710.3087472217258,1850.3409841003838,1450.9965489400408,0.0,159.73777406413717,1773.601087912186,137.15180329191742,1430.7215796823923,0.0,3964779866
158,2273.615085774103,1926.7083831504883,0.0,138.76268104944594,2062.8645576551676,115.19340735850543,1774.881039258904,0.0,1872.0333497270972,1629.0988759515994,1691.2246942862225,97.17378951019913,1816.5350405466097,45.237783963157284,1703.4405806387165,1710.3087472217258,3964906211
159,1872.0333497270972,1629.0988759515994,1691.2246942862225,97.17378951019913,1816.5350405466097,45.237783963157284,1703.4405806387165,1710.3087472217258,2273.615085774103,1926.7083831504883,0.0,138.76268104944594,2062.8645576551676,115.19340735850543,1774.881039258904,0.0,3965026783
160,1872.0333497270972,1629.0988759515994,1691.2246942862225,97.17378951019913,1816.5350405466097,45.237783963157284,1703.4405806387165,1710.3087472217258,2273.615085774103,1926.7083831504883,0.0,138.76268104944594,2062.8645576551676,115.19340735850543,1774.881039258904,0.0,3965138122
161,2273.615085774103,1926.7083831504883,0.0,138.76268104944594,2062.8645576551676,115.19340735850543,1774.881039258904,0.0,2018.3850309629884,1690.9895167386485,1531.022332153158,130.958205689736,1951.6182033015461,53.56446372104091,1817.7070439989438,1806.032639431288,3965322615
162,1445.0808527413626,1081.5019334718259,0.0,145.43156770781474,1455.3079902523796,126.43275014833713,1139.2261148815367,0.0,1945.2163420428083,1681.709233005098,1186.7651656842572,105.40284361508412,1728.9195826417008,45.17183186616487,1615.9900029762887,1580.9796376143627,3965388783
163,2018.3850309629884,1690.9895167386485,1531.022332153158,130.958205689736,1951.6182033015461,53.56446372104091,1817.7070439989438,1806.032639431288,2273.615085774103,1926.7083831504883,0.0,138.76268104944594,2062.8645576551676,115.19340735850543,1774.881039258904,0.0,3965452132
164,1445.0808527413626,1081.5019334718259,0.0,145.43156770781474,1455.3079902523796,126.43275014833713,1139.2261148815367,0.0,1945.2163420428083,1681.709233005098,1186.7651656842572,105.40284361508412,1728.9195826417008,45.17183186616487,1615.9900029762887,1580.9796376143627,3965513793
165,2273.615085774103,1926.7083831504883,0.0,138.76268104944594,2062.8645576551676,115.19340735850543,1774.881039258904,0.0,2018.3850309629884,1690.9895167386485,1531.022332153158,130.958205689736,1951.6182033015461,53.56446372104091,1817.7070439989438,1806.032639431288,3965525689
166,1886.931651286573,1608.1966804289368,1673.0804779601958,111.49398834305448,1810.8100858017162,44.16498695284951,1700.3976184195924,1701.3195379263634,1929.2408770283962,1604.7722043790363,1100.2941805223113,129.7874690597439,1770.6110961484312,93.76721546975959,1536.1930574740322,1285.259518562389,3965633377
167,2018.3850309629884,1690.9895167386485,1531.022332153158,130.958205689736,1951.6182033015461,53.56446372104091,1817.7070439989438,1806.032639431288,2273.615085774103,1926.7083831504883,0.0,138.76268104944594,2062.8645576551676,115.19340735850543,1774.881039258904,0.0,3965640129
168,1886.931651286573,1608.1966804289368,1673.0804779601958,111.49398834305448,1810.8100858017162,44.16498695284951,1700.3976184195924,1701.3195379263634,1929.2408770283962,1604.7722043790363,1100.2941805223113,129.7874690597439,1770.6110961484312,93.76721546975959,1536.1930574740322,1285.259518562389,3965702859
169,1929.2408770283962,1604.7722043790363,1100.2941805223113,129.7874690597439,1770.6110961484312,93.76721546975959,1536.1930574740322,1285.259518562389,1886.931651286573,1608.1966804289368,1673.0804779601958,111.49398834305448,1810.8100858017162,44.16498695284951,1700.3976184195924,1701.3195379263634,3965779077
170,1929.2408770283962,1604.7722043790363,1100.2941805223113,129.7874690597439,1770.6110961484312,93.76721546975959,1536.1930574740322,1285.259518562389,1945.2163420428083,1681.709233005098,1186.7651656842572,105.40284361508412,1728.9195826417008,45.17183186616487,1615.9900029762887,1580.9796376143627,3965854761
171,1929.2408770283962,1604.7722043790363,1100.2941805223113,129.7874690597439,1770.6110961484312,93.76721546975959,1536.1930574740322,1285.259518562389,1945.2163420428083,1681.709233005098,1186.7651656842572,105.40284361508412,1728.9195826417008,45.17183186616487,1615.9900029762887,1580.9796376143627,3965884494
172,1929.2408770283962,1604.7722043790363,1100.2941805223113,129.7874690597439,1770.6110961484312,93.76721546975959,1536.1930574740322,1285.259518562389,1945.2163420428083,1681.709233005098,1186.7651656842572,105.40284361508412,1728.9195826417008,45.17183186616487,1615.9900029762887,1580.9796376143627,3965927990
173,1918.6245929610955,1470.2830093931511,0.0,179.33663342717773,1808.7780908957243,151.23540122847191,1430.6895878245446,0.0,2081.8700250092934,1848.325719634005,1842.2019910677673,93.4177221501153,1946.1389289789772,39.694966120669456,1846.9015136773037,1848.531858504797,3966020533
174,2062.4231236578516,1777.8053628714515,1638.6689863974839,113.84710431456004,1937.8756521639798,40.98996274130989,1835.4007453107051,1832.6207955638754,1573.16743581093,1192.3042913903992,1149.641758582875,152.34525776821238,1558.111764384412,90.18159698115139,1332.6577719315335,1341.4585973688058,3966036899
175,1744.603975558611,1328.4082957295086,1302.2325047447798,166.478271931641,1690.9570524505614,67.58898203053818,1521.9845973742158,1521.4170735547802,1764.5879658168492,1294.34265006847,575.5099586825047,188.09812629935172,1622.8121216792513,113.2352235583052,1339.7240627834883,1184.0052256222434,3966077573
176,1689.3011716833862,1217.821910193385,0.0,188.59170459600045,1629.4307626103378,159.90660515422985,1229.664249724763,0.0,1388.1625600577563,916.6832985677552,0.0,188.59170459600045,1387.431511109631,159.9066051125382,987.6649983282855,0.0,3966088418
177,1744.603975558611,1328.4082957295086,1302.2325047447798,166.478271931641,1690.9570524505614,67.58898203053818,1521.9845973742158,1521.4170735547802,1573.16743581093,1192.3042913903992,1149.641758582875,152.34525776821238,1558.111764384412,90.18159698115139,1332.6577719315335,1341.4585973688058,3966150350
178,2081.8700250092934,1848.325719634005,1842.2019910677673,93.4177221501153,1946.1389289789772,39.694966120669456,1846.9015136773037,1848.531858504797,1689.3011716833862,1217.821910193385,0.0,188.59170459600045,1629.4307626103378,159.90660515422985,1229.664249724763,0.0,3966161147
179,1388.1625600577563,916.6832985677552,0.0,188.59170459600045,1387.431511109631,159.9066051125382,987.6649983282855,0.0,1918.6245929610955,1470.2830093931511,0.0,179.33663342717773,1808.7780908957243,151.23540122847191,1430.6895878245446,0.0,3966226885
180,2062.4231236578516,1777.8053628714515,1638.6689863974839,113.84710431456004,1937.8756521639798,40.98996274130989,1835.4007453107051,1832.6207955638754,1764.5879658168492,1294.34265006847,575.5099586825047,188.09812629935172,1622.8121216792513,113.2352235583052,1339.7240627834883,1184.0052256222434,3966233770
181,1689.3011716833862,1217.821910193385,0.0,188.59170459600045,1629.4307626103378,159.90660515422985,1229.664249724763,0.0,1918.6245929610955,1470.2830093931511,0.0,179.33663342717773,1808.7780908957243,151.23540122847191,1430.6895878245446,0.0,3966302839
182,2081.8700250092934,1848.325719634005,1842.2019910677673,93.4177221501153,1946.1389289789772,39.694966120669456,1846.9015136773037,1848.531858504797,1573.16743581093,1192.3042913903992,1149.641758582875,152.34525776821238,1558.111764384412,90.18159698115139,1332.6577719315335,1341.4585973688058,3966313873
183,1687.1228358377869,1411.3282281100533,1527.3408392845545,110.31784309109345,1748.1437338297164,48.766706646600255,1626.2269672132159,1659.5792916680691,2089.169187659756,1798.01135828826,1638.170458294329,116.4631317485984,1941.0626982385725,42.75972549886774,1834.1633844914031,1818.9005895531498,3966401120
184,1764.5879658168492,1294.34265006847,575.5099586825047,188.09812629935172,1622.8121216792513,113.2352235583052,1339.7240627834883,1184.0052256222434,1388.1625600577563,916.6832985677552,0.0,188.59170459600045,1387.431511109631,159.9066051125382,987.6649983282855,0.0,3966406239
185,2062.4231236578516,1777.8053628714515,1638.6689863974839,113.84710431456004,1937.8756521639798,40.98996274130989,1835.4007453107051,1832.6207955638754,1918.6245929610955,1470.2830093931511,0.0,179.33663342717773,1808.7780908957243,151.23540122847191,1430.6895878245446,0.0,3966411393
186,1883.8881636678225,1529.187920540318,0.0,141.88009725100187,1857.253371543551,125.04080850930217,1544.6513502702956,0.0,1622.9502449132967,1298.2342158013555,1233.5372490562545,129.8864116447765,1721.5008747477962,47.70997934965022,1602.2259263736705,1619.443090366375,3966442144
187,1404.3587330833925,976.5456153820809,812.8540434051979,171.12524708052464,1556.2828182879655,86.62906918270546,1339.7101453312018,1371.9675598333993,1595.3990133513757,1198.5334540448566,855.7368329920075,158.7462237226076,1609.753457630235,59.201743206816644,1461.7490996131935,1447.3684113968607,3966484283
188,1689.3011716833862,1217.821910193385,0.0,188.59170459600045,1629.4307626103378,159.90660515422985,1229.664249724763,0.0,1744.603975558611,1328.4082957295086,1302.2325047447798,166.478271931641,1690.9570524505614,67.58898203053818,1521.9845973742158,1521.4170735547802,3966487370
189,1573.16743581093,1192.3042913903992,1149.641758582875,152.34525776821238,1558.111764384412,90.18159698115139,1332.6577719315335,1341.4585973688058,1388.1625600577563,916.6832985677552,0.0,188.59170459600045,1387.431511109631,159.9066051125382,987.6649983282855,0.0,3966510320
190,1477.634800946685,1071.3812004381455,808.8727001485202,162.50144020341574,1459.7994226913465,78.64927040318287,1263.1762466833893,1240.413654051986,1781.3087565909027,1423.6513605479693,0.0,143.06295841717335,1776.5749581481878,126.3549446147325,1460.6875966113566,0.0,3966529435
191,1883.8881636678225,1529.187920540318,0.0,141.88009725100187,1857.253371543551,125.04080850930217,1544.6513502702956,0.0,1404.3587330833925,976.5456153820809,812.8540434051979,171.12524708052464,1556.2828182879655,86.62906918270546,1339.7101453312018,1371.9675598333993,3966570394
192,2062.4231236578516,1777.8053628714515,1638.6689863974839,113.84710431456004,1937.8756521639798,40.98996274130989,1835.4007453107051,1832.6207955638754,2081.8700250092934,1848.325719634005,1842.2019910677673,93.4177221501153,1946.1389289789772,39.694966120669456,1846.9015136773037,1848.531858504797,3966581710
193,1687.1228358377869,1411.3282281100533,1527.3408392845545,110.31784309109345,1748.1437338297164,48.766706646600255,1626.2269672132159,1659.5792916680691,1477.634800946685,1071.3812004381455,808.8727001485202,162.50144020341574,1459.7994226913465,78.64927040318287,1263.1762466833893,1240.413654051986,3966619151
194,1918.6245929610955,1470.2830093931511,0.0,179.33663342717773,1808.7780908957243,151.23540122847191,1430.6895878245446,0.0,1744.603975558611,1328.4082957295086,1302.2325047447798,166.478271931641,1690.9570524505614,67.58898203053818,1521.9845973742158,1521.4170735547802,3966626627
195,1781.3087565909027,1423.6513605479693,0.0,143.06295841717335,1776.5749581481878,126.3549446147325,1460.6875966113566,0.0,2089.169187659756,1798.01135828826,1638.170458294329,116.4631317485984,1941.0626982385725,42.75972549886774,1834.1633844914031,1818.9005895531498,3966654369
196,2081.8700250092934,1848.325719634005,1842.2019910677673,93.4177221501153,1946.1389289789772,39.694966120669456,1846.9015136773037,1848.531858504797,1744.603975558611,1328.4082957295086,1302.2325047447798,166.478271931641,1690.9570524505614,67.58898203053818,1521.9845973742158,1521.4170735547802,3966744537
197,1764.5879658168492,1294.34265006847,575.5099586825047,188.09812629935172,1622.8121216792513,113.2352235583052,1339.7240627834883,1184.0052256222434,1573.16743581093,1192.3042913903992,1149.641758582875,152.34525776821238,1558.111764384412,90.18159698115139,1332.6577719315335,1341.4585973688058,3966744778
198,1595.3990133513757,1198.5334540448566,855.7368329920075,158.7462237226076,1609.753457630235,59.201743206816644,1461.7490996131935,1447.3684113968607,1622.9502449132967,1298.2342158013555,1233.5372490562545,129.8864116447765,1721.5008747477962,47.70997934965022,1602.2259263736705,1619.443090366375,3966752666
199,2089.169187659756,1798.01135828826,1638.170458294329,116.4631317485984,1941.0626982385725,42.75972549886774,1834.1633844914031,1818.9005895531498,1477.634800946685,1071.3812004381455,808.8727001485202,162.50144020341574,1459.7994226913465,78.64927040318287,1263.1762466833893,1240.413654051986,3966788182
200,1689.3011716833862,1217.821910193385,0.0,188.59170459600045,1629.4307626103378,159.90660515422985,1229.664249724763,0.0,2062.4231236578516,1777.8053628714515,1638.6689863974839,113.84710431456004,1937.8756521639798,40.98996274130989,1835.4007453107051,1832.6207955638754,3966866578
201,1764.5879658168492,1294.34265006847,575.5099586825047,188.09812629935172,1622.8121216792513,113.2352235583052,1339.7240627834883,1184.0052256222434,1918.6245929610955,1470.2830093931511,0.0,179.33663342717773,1808.7780908957243,151.23540122847191,1430.6895878245446,0.0,3966884585
202,1883.8881636678225,1529.187920540318,0.0,141.88009725100187,1857.253371543551,125.04080850930217,1544.6513502702956,0.0,1687.1228358377869,1411.3282281100533,1527.3408392845545,110.31784309109345,1748.1437338297164,48.766706646600255,1626.2269672132159,1659.5792916680691,3966957407
203,1595.3990133513757,1198.5334540448566,855.7368329920075,158.7462237226076,1609.753457630235,59.201743206816644,1461.7490996131935,1447.3684113968607,1781.3087565909027,1423.6513605479693,0.0,143.06295841717335,1776.5749581481878,126.3549446147325,1460.6875966113566,0.0,3966977095
204,1388.1625600577563,916.6832985677552,0.0,188.59170459600045,1387.431511109631,159.9066051125382,987.6649983282855,0.0,1744.603975558611,1328.4082957295086,1302.2325047447798,166.478271931641,1690.9570524505614,67.58898203053818,1521.9845973742158,1521.4170735547802,3967002678
205,2089.169187659756,1798.01135828826,1638.170458294329,116.4631317485984,1941.0626982385725,42.75972549886774,1834.1633844914031,1818.9005895531498,1622.9502449132967,1298.2342158013555,1233.5372490562545,129.8864116447765,1721.5008747477962,47.70997934965022,1602.2259263736705,1619.443090366375,3967062172
206,1477.634800946685,1071.3812004381455,808.8727001485202,162.50144020341574,1459.7994226913465,78.64927040318287,1263.1762466833893,1240.413654051986,1404.3587330833925,976.5456153820809,812.8540434051979,171.12524708052464,1556.2828182879655,86.62906918270546,1339.7101453312018,1371.9675598333993,3967146931
207,1781.3087565909027,1423.6513605479693,0.0,143.06295841717335,1776.5749581481878,126.3549446147325,1460.6875966113566,0.0,1883.8881636678225,1529.187920540318,0.0,141.88009725100187,1857.253371543551,125.04080850930217,1544.6513502702956,0.0,3967207226
208,1945.2163420428083,1681.709233005098,1186.7651656842572,105.40284361508412,1728.9195826417008,45.17183186616487,1615.9900029762887,1580.9796376143627,1886.931651286573,1608.1966804289368,1673.0804779601958,111.49398834305448,1810.8100858017162,44.16498695284951,1700.3976184195924,1701.3195379263634,3967214219
209,1687.1228358377869,1411.3282281100533,1527.3408392845545,110.31784309109345,1748.1437338297164,48.766706646600255,1626.2269672132159,1659.5792916680691,1622.9502449132967,1298.2342158013555,1233.5372490562545,129.8864116447765,1721.5008747477962,47.70997934965022,1602.2259263736705,1619.443090366375,3967271411
210,2089.169187659756,1798.01135828826,1638.170458294329,116.4631317485984,1941.0626982385725,42.75972549886774,1834.1633844914031,1818.9005895531498,1404.3587330833925,976.5456153820809,812.8540434051979,171.12524708052464,1556.2828182879655,86.62906918270546,1339.7101453312018,1371.9675598333993,3967285140
211,1886.931651286573,1608.1966804289368,1673.0804779601958,111.49398834305448,1810.8100858017162,44.16498695284951,1700.3976184195924,1701.3195379263634,1945.2163420428083,1681.709233005098,1186.7651656842572,105.40284361508412,1728.9195826417008,45.17183186616487,1615.9900029762887,1580.9796376143627,3967303905
212,1582.8943398630736,1110.4668210159248,0.0,188.9710075388595,1541.8641888942723,165.0674831132667,1129.1954811111054,0.0,1445.994657371523,950.5605642820273,0.0,198.17363723579834,1449.392476578617,175.3931473773524,1010.9096081352361,0.0,3967311583
213,2161.492112049107,1935.8683493490635,1824.1102640177096,90.24950508001744,2030.0273244340792,45.308104389688516,1916.7570634598578,1898.343721212594,2088.1332314721767,1879.3775921624322,1868.3657349935684,83.5022557238978,1957.5575531510772,38.48736392511731,1861.339143338284,1860.6750534566388,3967343435
214,1883.8881636678225,1529.187920540318,0.0,141.88009725100187,1857.253371543551,125.04080850930217,1544.6513502702956,0.0,1595.3990133513757,1198.5334540448566,855.7368329920075,158.7462237226076,1609.753457630235,59.201743206816644,1461.7490996131935,1447.3684113968607,3967364495
215,1404.3587330833925,976.5456153820809,812.8540434051979,171.12524708052464,1556.2828182879655,86.62906918270546,1339.7101453312018,1371.9675598333993,1687.1228358377869,1411.3282281100533,1527.3408392845545,110.31784309109345,1748.1437338297164,48.766706646600255,1626.2269672132159,1659.5792916680691,3967369181
216,1886.931651286573,1608.1966804289368,1673.0804779601958,111.49398834305448,1810.8100858017162,44.16498695284951,1700.3976184195924,1701.3195379263634,1945.2163420428083,1681.709233005098,1186.7651656842572,105.40284361508412,1728.9195826417008,45.17183186616487,1615.9900029762887,1580.9796376143627,3967391784
217,1497.0315160318723,1069.985788354133,892.4483254101909,170.81829107109573,1492.3299931692702,93.89878539162943,1257.5830296901966,1258.8709833240325,1445.994657371523,950.5605642820273,0.0,198.17363723579834,1449.392476578617,175.3931473773524,1010.9096081352361,0.0,3967396766
218,2022.8807228089445,1713.5260817721914,1391.6745779614662,123.74185641470125,1884.5018281505286,46.15361380992957,1769.1177936257047,1752.775700722762,2088.1332314721767,1879.3775921624322,1868.3657349935684,83.5022557238978,1957.5575531510772,38.48736392511731,1861.339143338284,1860.6750534566388,3967424462
219,1477.634800946685,1071.3812004381455,808.8727001485202,162.50144020341574,1459.7994226913465,78.64927040318287,1263.1762466833893,1240.413654051986,1622.9502449132967,1298.2342158013555,1233.5372490562545,129.8864116447765,1721.5008747477962,47.70997934965022,1602.2259263736705,1619.443090366375,3967435213
220,2089.169187659756,1798.01135828826,1638.170458294329,116.4631317485984,1941.0626982385725,42.75972549886774,1834.1633844914031,1818.9005895531498,1595.3990133513757,1198.5334540448566,855.7368329920075,158.7462237226076,1609.753457630235,59.201743206816644,1461.7490996131935,1447.3684113968607,3967446758
221,1445.994657371523,950.5605642820273,0.0,198.17363723579834,1449.392476578617,175.3931473773524,1010.9096081352361,0.0,2161.492112049107,1935.8683493490635,1824.1102640177096,90.24950508001744,2030.0273244340792,45.308104389688516,1916.7570634598578,1898.343721212594,3967478661
222,1445.0808527413626,1081.5019334718259,0.0,145.43156770781474,1455.3079902523796,126.43275014833713,1139.2261148815367,0.0,1945.2163420428083,1681.709233005098,1186.7651656842572,105.40284361508412,1728.9195826417008,45.17183186616487,1615.9900029762887,1580.9796376143627,3967480317
223,1497.0315160318723,1069.985788354133,892.4483254101909,170.81829107109573,1492.3299931692702,93.89878539162943,1257.5830296901966,1258.8709833240325,2088.1332314721767,1879.3775921624322,1868.3657349935684,83.5022557238978,1957.5575531510772,38.48736392511731,1861.339143338284,1860.6750534566388,3967493885
224,1781.3087565909027,1423.6513605479693,0.0,143.06295841717335,1776.5749581481878,126.3549446147325,1460.6875966113566,0.0,1404.3587330833925,976.5456153820809,812.8540434051979,171.12524708052464,1556.2828182879655,86.62906918270546,1339.7101453312018,1371.9675598333993,3967501317
225,1582.8943398630736,1110.4668210159248,0.0,188.9710075388595,1541.8641888942723,165.0674831132667,1129.1954811111054,0.0,2088.1332314721767,1879.3775921624322,1868.3657349935684,83.5022557238978,1957.5575531510772,38.48736392511731,1861.339143338284,1860.6750534566388,3967532949
226,1883.2646792405105,1579.9262385111333,1321.5434459970297,121.33537629175095,1798.5600237835781,51.260319509968944,1670.4092250086558,1663.0660674680908,2161.492112049107,1935.8683493490635,1824.1102640177096,90.24950508001744,2030.0273244340792,45.308104389688516,1916.7570634598578,1898.343721212594,3967535610
227,1945.2163420428083,1681.709233005098,1186.7651656842572,105.40284361508412,1728.9195826417008,45.17183186616487,1615.9900029762887,1580.9796376143627,1445.0808527413626,1081.5019334718259,0.0,145.43156770781474,1455.3079902523796,126.43275014833713,1139.2261148815367,0.0,3967562562
228,1497.0315160318723,1069.985788354133,892.4483254101909,170.81829107109573,1492.3299931692702,93.89878539162943,1257.5830296901966,1258.8709833240325,2022.8807228089445,1713.5260817721914,1391.6745779614662,123.74185641470125,1884.5018281505286,46.15361380992957,1769.1177936257047,1752.775700722762,3967576585
229,1899.9171530283547,1649.070581669071,1603.1447188207237,100.33862854371348,1929.0175866539898,44.676936476447594,1817.325245462871,1825.5464439553152,2088.1332314721767,1879.3775921624322,1868.3657349935684,83.5022557238978,1957.5575531510772,38.48736392511731,1861.339143338284,1860.6750534566388,3967602199
230,2022.8807228089445,1713.5260817721914,1391.6745779614662,123.74185641470125,1884.5018281505286,46.15361380992957,1769.1177936257047,1752.775700722762,1883.2646792405105,1579.9262385111333,1321.5434459970297,121.33537629175095,1798.5600237835781,51.260319509968944,1670.4092250086558,1663.0660674680908,3967618847
231,2161.492112049107,1935.8683493490635,1824.1102640177096,90.24950508001744,2030.0273244340792,45.308104389688516,1916.7570634598578,1898.343721212594,1497.0315160318723,1069.985788354133,892.4483254101909,170.81829107109573,1492.3299931692702,93.89878539162943,1257.5830296901966,1258.8709833240325,3967645548
232,2022.8807228089445,1713.5260817721914,1391.6745779614662,123.74185641470125,1884.5018281505286,46.15361380992957,1769.1177936257047,1752.775700722762,1582.8943398630736,1110.4668210159248,0.0,188.9710075388595,1541.8641888942723,165.0674831132667,1129.1954811111054,0.0,3967666409
233,1899.9171530283547,1649.070581669071,1603.1447188207237,100.33862854371348,1929.0175866539898,44.676936476447594,1817.325245462871,1825.5464439553152,1445.994657371523,950.5605642820273,0.0,198.17363723579834,1449.392476578617,175.3931473773524,1010.9096081352361,0.0,3967679468
234,1899.9171530283547,1649.070581669071,1603.1447188207237,100.33862854371348,1929.0175866539898,44.676936476447594,1817.325245462871,1825.5464439553152,2161.492112049107,1935.8683493490635,1824.1102640177096,90.24950508001744,2030.0273244340792,45.308104389688516,1916.7570634598578,1898.343721212594,3967718821
235,1582.8943398630736,1110.4668210159248,0.0,188.9710075388595,1541.8641888942723,165.0674831132667,1129.1954811111054,0.0,1497.0315160318723,1069.985788354133,892.4483254101909,170.81829107109573,1492.3299931692702,93.89878539162943,1257.5830296901966,1258.8709833240325,3967727113
236,1689.3011716833862,1217.821910193385,0.0,188.59170459600045,1629.4307626103378,159.90660515422985,1229.664249724763,0.0,1573.16743581093,1192.3042913903992,1149.641758582875,152.34525776821238,1558.111764384412,90.18159698115139,1332.6577719315335,1341.4585973688058,3967792394
237,1445.994657371523,950.5605642820273,0.0,198.17363723579834,1449.392476578617,175.3931473773524,1010.9096081352361,0.0,1883.2646792405105,1579.9262385111333,1321.5434459970297,121.33537629175095,1798.5600237835781,51.260319509968944,1670.4092250086558,1663.0660674680908,3967805803
238,2022.8807228089445,1713.5260817721914,1391.6745779614662,123.74185641470125,1884.5018281505286,46.15361380992957,1769.1177936257047,1752.775700722762,1899.9171530283547,1649.070581669071,1603.1447188207237,100.33862854371348,1929.0175866539898,44.676936476447594,1817.325245462871,1825.5464439553152,3967809253
239,1764.5879658168492,1294.34265006847,575.5099586825047,188.09812629935172,1622.8121216792513,113.2352235583052,1339.7240627834883,1184.0052256222434,2081.8700250092934,1848.325719634005,1842.2019910677673,93.4177221501153,1946.1389289789772,39.694966120669456,1846.9015136773037,1848.531858504797,3967858418
240,1497.0315160318723,1069.985788354133,892.4483254101909,170.81829107109573,1492.3299931692702,93.89878539162943,1257.5830296901966,1258.8709833240325,1883.2646792405105,1579.9262385111333,1321.5434459970297,121.33537629175095,1798.5600237835781,51.260319509968944,1670.4092250086558,1663.0660674680908,3967872144
241,1582.8943398630736,1110.4668210159248,0.0,188.9710075388595,1541.8641888942723,165.0674831132667,1129.1954811111054,0.0,1899.9171530283547,1649.070581669071,1603.1447188207237,100.33862854371348,1929.0175866539898,44.676936476447594,1817.325245462871,1825.5464439553152,3967891613
242,1744.603975558611,1328.4082957295086,1302.2325047447798,166.478271931641,1690.9570524505614,67.58898203053818,1521.9845973742158,1521.4170735547802,2062.4231236578516,1777.8053628714515,1638.6689863974839,113.84710431456004,1937.8756521639798,40.98996274130989,1835.4007453107051,1832.6207955638754,3967908532
243,1918.6245929610955,1470.2830093931511,0.0,179.33663342717773,1808.7780908957243,151.23540122847191,1430.6895878245446,0.0,1573.16743581093,1192.3042913903992,1149.641758582875,152.34525776821238,1558.111764384412,90.18159698115139,1332.6577719315335,1341.4585973688058,3967996227
244,2062.4231236578516,1777.8053628714515,1638.6689863974839,113.84710431456004,1937.8756521639798,40.98996274130989,1835.4007453107051,1832.6207955638754,1388.1625600577563,916.6832985677552,0.0,188.59170459600045,1387.431511109631,159.9066051125382,987.6649983282855,0.0,3968073382
245,1764.5879658168492,1294.34265006847,575.5099586825047,188.09812629935172,1622.8121216792513,113.2352235583052,1339.7240627834883,1184.0052256222434,1689.3011716833862,1217.821910193385,0.0,188.59170459600045,1629.4307626103378,159.90660515422985,1229.664249724763,0.0,3968238268
246,2081.8700250092934,1848.325719634005,1842.2019910677673,93.4177221501153,1946.1389289789772,39.694966120669456,1846.9015136773037,1848.531858504797,1388.1625600577563,916.6832985677552,0.0,188.59170459600045,1387.431511109631,159.9066051125382,987.6649983282855,0.0,3968327522
247,2089.169187659756,1798.01135828826,1638.170458294329,116.4631317485984,1941.0626982385725,42.75972549886774,1834.1633844914031,1818.9005895531498,1883.8881636678225,1529.187920540318,0.0,141.88009725100187,1857.253371543551,125.04080850930217,1544.6513502702956,0.0,3968380074
248,1687.1228358377869,1411.3282281100533,1527.3408392845545,110.31784309109345,1748.1437338297164,48.766706646600255,1626.2269672132159,1659.5792916680691,1595.3990133513757,1198.5334540448566,855.7368329920075,158.7462237226076,1609.753457630235,59.201743206816644,1461.7490996131935,1447.3684113968607,3968470278
249,1883.8881636678225,1529.187920540318,0.0,141.88009725100187,1857.253371543551,125.04080850930217,1544.6513502702956,0.0,1477.634800946685,1071.3812004381455,808.8727001485202,162.50144020341574,1459.7994226913465,78.64927040318287,1263.1762466833893,1240.413654051986,3968700910
250,1781.3087565909027,1423.6513605479693,0.0,143.06295841717335,1776.5749581481878,126.3549446147325,1460.6875966113566,0.0,1622.9502449132967,1298.2342158013555,1233.5372490562545,129.8864116447765,1721.5008747477962,47.70997934965022,1602.2259263736705,1619.443090366375,3968863152
251,1595.3990133513757,1198.5334540448566,855.7368329920075,158.7462237226076,1609.753457630235,59.201743206816644,1461.7490996131935,1447.3684113968607,1477.634800946685,1071.3812004381455,808.8727001485202,162.50144020341574,1459.7994226913465,78.64927040318287,1263.1762466833893,1240.413654051986,3969003873
252,2022.8807228089445,1713.5260817721914,1391.6745779614662,123.74185641470125,1884.5018281505286,46.15361380992957,1769.1177936257047,1752.775700722762,2161.492112049107,1935.8683493490635,1824.1102640177096,90.24950508001744,2030.0273244340792,45.308104389688516,1916.7570634598578,1898.343721212594,3969180038
253,1899.9171530283547,1649.070581669071,1603.1447188207237,100.33862854371348,1929.0175866539898,44.676936476447594,1817.325245462871,1825.5464439553152,1883.2646792405105,1579.9262385111333,1321.5434459970297,121.33537629175095,1798.5600237835781,51.260319509968944,1670.4092250086558,1663.0660674680908,3969305067
254,1886.931651286573,1608.1966804289368,1673.0804779601958,111.49398834305448,1810.8100858017162,44.16498695284951,1700.3976184195924,1701.3195379263634,1945.2163420428083,1681.709233005098,1186.7651656842572,105.40284361508412,1728.9195826417008,45.17183186616487,1615.9900029762887,1580.9796376143627,3969357638
255,1445.994657371523,950.5605642820273,0.0,198.17363723579834,1449.392476578617,175.3931473773524,1010.9096081352361,0.0,2088.1332314721767,1879.3775921624322,1868.3657349935684,83.5022557238978,1957.5575531510772,38.48736392511731,1861.339143338284,1860.6750534566388,3969382823
256,1886.931651286573,1608.1966804289368,1673.0804779601958,111.49398834305448,1810.8100858017162,44.16498695284951,1700.3976184195924,1701.3195379263634,1945.2163420428083,1681.709233005098,1186.7651656842572,105.40284361508412,1728.9195826417008,45.17183186616487,1615.9900029762887,1580.9796376143627,3969427809
257,1883.2646792405105,1579.9262385111333,1321.5434459970297,121.33537629175095,1798.5600237835781,51.260319509968944,1670.4092250086558,1663.0660674680908,1582.8943398630736,1110.4668210159248,0.0,188.9710075388595,1541.8641888942723,165.0674831132667,1129.1954811111054,0.0,3969431394
258,1945.2163420428083,1681.709233005098,1186.7651656842572,105.40284361508412,1728.9195826417008,45.17183186616487,1615.9900029762887,1580.9796376143627,1886.931651286573,1608.1966804289368,1673.0804779601958,111.49398834305448,1810.8100858017162,44.16498695284951,1700.3976184195924,1701.3195379263634,3969496101
259,1899.9171530283547,1649.070581669071,1603.1447188207237,100.33862854371348,1929.0175866539898,44.676936476447594,1817.325245462871,1825.5464439553152,1497.0315160318723,1069.985788354133,892.4483254101909,170.81829107109573,1492.3299931692702,93.89878539162943,1257.5830296901966,1258.8709833240325,3969510492
260,1886.931651286573,1608.1966804289368,1673.0804779601958,111.49398834305448,1810.8100858017162,44.16498695284951,1700.3976184195924,1701.3195379263634,1945.2163420428083,1681.709233005098,1186.7651656842572,105.40284361508412,1728.9195826417008,45.17183186616487,1615.9900029762887,1580.9796376143627,3969556326
261,2161.492112049107,1935.8683493490635,1824.1102640177096,90.24950508001744,2030.0273244340792,45.308104389688516,1916.7570634598578,1898.343721212594,1582.8943398630736,1110.4668210159248,0.0,188.9710075388595,1541.8641888942723,165.0674831132667,1129.1954811111054,0.0,3969557308
262,2088.1332314721767,1879.3775921624322,1868.3657349935684,83.5022557238978,1957.5575531510772,38.48736392511731,1861.339143338284,1860.6750534566388,1883.2646792405105,1579.9262385111333,1321.5434459970297,121.33537629175095,1798.5600237835781,51.260319509968944,1670.4092250086558,1663.0660674680908,3969599769
263,2022.8807228089445,1713.5260817721914,1391.6745779614662,123.74185641470125,1884.5018281505286,46.15361380992957,1769.1177936257047,1752.775700722762,1445.994657371523,950.5605642820273,0.0,198.17363723579834,1449.392476578617,175.3931473773524,1010.9096081352361,0.0,3969605634
264,1886.931651286573,1608.1966804289368,1673.0804779601958,111.49398834305448,1810.8100858017162,44.16498695284951,1700.3976184195924,1701.3195379263634,1945.2163420428083,1681.709233005098,1186.7651656842572,105.40284361508412,1728.9195826417008,45.17183186616487,1615.9900029762887,1580.9796376143627,3969620539
265,1582.8943398630736,1110.4668210159248,0.0,188.9710075388595,1541.8641888942723,165.0674831132667,1129.1954811111054,0.0,1883.2646792405105,1579.9262385111333,1321.5434459970297,121.33537629175095,1798.5600237835781,51.260319509968944,1670.4092250086558,1663.0660674680908,3969654858
266,2161.492112049107,1935.8683493490635,1824.1102640177096,90.24950508001744,2030.0273244340792,45.308104389688516,1916.7570634598578,1898.343721212594,2088.1332314721767,1879.3775921624322,1868.3657349935684,83.5022557238978,1957.5575531510772,38.48736392511731,1861.339143338284,1860.6750534566388,3969656979
267,2161.492112049107,1935.8683493490635,1824.1102640177096,90.24950508001744,2030.0273244340792,45.308104389688516,1916.7570634598578,1898.343721212594,2022.8807228089445,1713.5260817721914,1391.6745779614662,123.74185641470125,1884.5018281505286,46.15361380992957,1769.1177936257047,1752.775700722762,3969720897
268,2022.8807228089445,1713.5260817721914,1391.6745779614662,123.74185641470125,1884.5018281505286,46.15361380992957,1769.1177936257047,1752.775700722762,2088.1332314721767,1879.3775921624322,1868.3657349935684,83.5022557238978,1957.5575531510772,38.48736392511731,1861.339143338284,1860.6750534566388,3969775882
269,1764.5879658168492,1294.34265006847,575.5099586825047,188.09812629935172,1622.8121216792513,113.2352235583052,1339.7240627834883,1184.0052256222434,2081.8700250092934,1848.325719634005,1842.2019910677673,93.4177221501153,1946.1389289789772,39.694966120669456,1846.9015136773037,1848.531858504797,3969876442
270,1764.5879658168492,1294.34265006847,575.5099586825047,188.09812629935172,1622.8121216792513,113.2352235583052,1339.7240627834883,1184.0052256222434,2081.8700250092934,1848.325719634005,1842.2019910677673,93.4177221501153,1946.1389289789772,39.694966120669456,1846.9015136773037,1848.531858504797,3969955414
271,2062.4231236578516,1777.8053628714515,1638.6689863974839,113.84710431456004,1937.8756521639798,40.98996274130989,1835.4007453107051,1832.6207955638754,1918.6245929610955,1470.2830093931511,0.0,179.33663342717773,1808.7780908957243,151.23540122847191,1430.6895878245446,0.0,3970041014
272,1918.6245929610955,1470.2830093931511,0.0,179.33663342717773,1808.7780908957243,151.23540122847191,1430.6895878245446,0.0,2062.4231236578516,1777.8053628714515,1638.6689863974839,113.84710431456004,1937.8756521639798,40.98996274130989,1835.4007453107051,1832.6207955638754,3970112306
273,2081.8700250092934,1848.325719634005,1842.2019910677673,93.4177221501153,1946.1389289789772,39.694966120669456,1846.9015136773037,1848.531858504797,2062.4231236578516,1777.8053628714515,1638.6689863974839,113.84710431456004,1937.8756521639798,40.98996274130989,1835.4007453107051,1832.6207955638754,3970279887
274,2089.169187659756,1798.01135828826,1638.170458294329,116.4631317485984,1941.0626982385725,42.75972549886774,1834.1633844914031,1818.9005895531498,1622.9502449132967,1298.2342158013555,1233.5372490562545,129.8864116447765,1721.5008747477962,47.70997934965022,1602.2259263736705,1619.443090366375,3970333065
275,2089.169187659756,1798.01135828826,1638.170458294329,116.4631317485984,1941.0626982385725,42.75972549886774,1834.1633844914031,1818.9005895531498,1622.9502449132967,1298.2342158013555,1233.5372490562545,129.8864116447765,1721.5008747477962,47.70997934965022,1602.2259263736705,1619.443090366375,3970420652
276,2062.4231236578516,1777.8053628714515,1638.6689863974839,113.84710431456004,1937.8756521639798,40.98996274130989,1835.4007453107051,1832.6207955638754,2081.8700250092934,1848.325719634005,1842.2019910677673,93.4177221501153,1946.1389289789772,39.694966120669456,1846.9015136773037,1848.531858504797,3970454002
277,1883.8881636678225,1529.187920540318,0.0,141.88009725100187,1857.253371543551,125.04080850930217,1544.6513502702956,0.0,1781.3087565909027,1423.6513605479693,0.0,143.06295841717335,1776.5749581481878,126.3549446147325,1460.6875966113566,0.0,3970514314
278,1781.3087565909027,1423.6513605479693,0.0,143.06295841717335,1776.5749581481878,126.3549446147325,1460.6875966113566,0.0,1883.8881636678225,1529.187920540318,0.0,141.88009725100187,1857.253371543551,125.04080850930217,1544.6513502702956,0.0,3970663686
279,1781.3087565909027,1423.6513605479693,0.0,143.06295841717335,1776.5749581481878,126.3549446147325,1460.6875966113566,0.0,1883.8881636678225,1529.187920540318,0.0,141.88009725100187,1857.253371543551,125.04080850930217,1544.6513502702956,0.0,3970792027
280,1883.8881636678225,1529.187920540318,0.0,141.88009725100187,1857.253371543551,125.04080850930217,1544.6513502702956,0.0,2089.169187659756,1798.01135828826,1638.170458294329,116.4631317485984,1941.0626982385725,42.75972549886774,1834.1633844914031,1818.9005895531498,3970990054
281,2089.169187659756,1798.01135828826,1638.170458294329,116.4631317485984,1941.0626982385725,42.75972549886774,1834.1633844914031,1818.9005895531498,1883.8881636678225,1529.187920540318,0.0,141.88009725100187,1857.253371543551,125.04080850930217,1544.6513502702956,0.0,3971089692
282,1883.8881636678225,1529.187920540318,0.0,141.88009725100187,1857.253371543551,125.04080850930217,1544.6513502702956,0.0,2089.169187659756,1798.01135828826,1638.170458294329,116.4631317485984,1941.0626982385725,42.75972549886774,1834.1633844914031,1818.9005895531498,3971176821
283,1781.3087565909027,1423.6513605479693,0.0,143.06295841717335,1776.5749581481878,126.3549446147325,1460.6875966113566,0.0,1622.9502449132967,1298.2342158013555,1233.5372490562545,129.8864116447765,1721.5008747477962,47.70997934965022,1602.2259263736705,1619.443090366375,3971263389
284,1781.3087565909027,1423.6513605479693,0.0,143.06295841717335,1776.5749581481878,126.3549446147325,1460.6875966113566,0.0,1622.9502449132967,1298.2342158013555,1233.5372490562545,129.8864116447765,1721.5008747477962,47.70997934965022,1602.2259263736705,1619.443090366375,3971335899
285,1883.2646792405105,1579.9262385111333,1321.5434459970297,121.33537629175095,1798.5600237835781,51.260319509968944,1670.4092250086558,1663.0660674680908,2088.1332314721767,1879.3775921624322,1868.3657349935684,83.5022557238978,1957.5575531510772,38.48736392511731,1861.339143338284,1860.6750534566388,3971338283
286,2088.1332314721767,1879.3775921624322,1868.3657349935684,83.5022557238978,1957.5575531510772,38.48736392511731,1861.339143338284,1860.6750534566388,1883.2646792405105,1579.9262385111333,1321.5434459970297,121.33537629175095,1798.5600237835781,51.260319509968944,1670.4092250086558,1663.0660674680908,3971411606
287,1883.2646792405105,1579.9262385111333,1321.5434459970297,121.33537629175095,1798.5600237835781,51.260319509968944,1670.4092250086558,1663.0660674680908,2088.1332314721767,1879.3775921624322,1868.3657349935684,83.5022557238978,1957.5575531510772,38.48736392511731,1861.339143338284,1860.6750534566388,3971470160
288,1899.9171530283547,1649.070581669071,1603.1447188207237,100.33862854371348,1929.0175866539898,44.676936476447594,1817.325245462871,1825.5464439553152,2022.8807228089445,1713.5260817721914,1391.6745779614662,123.74185641470125,1884.5018281505286,46.15361380992957,1769.1177936257047,1752.775700722762,3971552773
289,2022.8807228089445,1713.5260817721914,1391.6745779614662,123.74185641470125,1884.5018281505286,46.15361380992957,1769.1177936257047,1752.775700722762,1899.9171530283547,1649.070581669071,1603.1447188207237,100.33862854371348,1929.0175866539898,44.676936476447594,1817.325245462871,1825.5464439553152,3971583578
290,1899.9171530283547,1649.070581669071,1603.1447188207237,100.33862854371348,1929.0175866539898,44.676936476447594,1817.325245462871,1825.5464439553152,1883.2646792405105,1579.9262385111333,1321.5434459970297,121.33537629175095,1798.5600237835781,51.260319509968944,1670.4092250086558,1663.0660674680908,3971673262
291,1883.2646792405105,1579.9262385111333,1321.5434459970297,121.33537629175095,1798.5600237835781,51.260319509968944,1670.4092250086558,1663.0660674680908,1899.9171530283547,1649.070581669071,1603.1447188207237,100.33862854371348,1929.0175866539898,44.676936476447594,1817.325245462871,1825.5464439553152,3971717222
292,1764.5879658168492,1294.34265006847,575.5099586825047,188.09812629935172,1622.8121216792513,113.2352235583052,1339.7240627834883,1184.0052256222434,1918.6245929610955,1470.2830093931511,0.0,179.33663342717773,1808.7780908957243,151.23540122847191,1430.6895878245446,0.0,3971798245
293,1918.6245929610955,1470.2830093931511,0.0,179.33663342717773,1808.7780908957243,151.23540122847191,1430.6895878245446,0.0,1764.5879658168492,1294.34265006847,575.5099586825047,188.09812629935172,1622.8121216792513,113.2352235583052,1339.7240627834883,1184.0052256222434,3971856001
294,1918.6245929610955,1470.2830093931511,0.0,179.33663342717773,1808.7780908957243,151.23540122847191,1430.6895878245446,0.0,1764.5879658168492,1294.34265006847,575.5099586825047,188.09812629935172,1622.8121216792513,113.2352235583052,1339.7240627834883,1184.0052256222434,3971903975
295,1918.6245929610955,1470.2830093931511,0.0,179.33663342717773,1808.7780908957243,151.23540122847191,1430.6895878245446,0.0,2081.8700250092934,1848.325719634005,1842.2019910677673,93.4177221501153,1946.1389289789772,39.694966120669456,1846.9015136773037,1848.531858504797,3971976818
296,1918.6245929610955,1470.2830093931511,0.0,179.33663342717773,1808.7780908957243,151.23540122847191,1430.6895878245446,0.0,2081.8700250092934,1848.325719634005,1842.2019910677673,93.4177221501153,1946.1389289789772,39.694966120669456,1846.9015136773037,1848.531858504797,3972055233
297,1918.6245929610955,1470.2830093931511,0.0,179.33663342717773,1808.7780908957243,151.23540122847191,1430.6895878245446,0.0,2081.8700250092934,1848.325719634005,1842.2019910677673,93.4177221501153,1946.1389289789772,39.694966120669456,1846.9015136773037,1848.531858504797,3972154535
298,1883.8881636678225,1529.187920540318,0.0,141.88009725100187,1857.253371543551,125.04080850930217,1544.6513502702956,0.0,1781.3087565909027,1423.6513605479693,0.0,143.06295841717335,1776.5749581481878,126.3549446147325,1460.6875966113566,0.0,3972375830
299,1781.3087565909027,1423.6513605479693,0.0,143.06295841717335,1776.5749581481878,126.3549446147325,1460.6875966113566,0.0,1883.8881636678225,1529.187920540318,0.0,141.88009725100187,1857.253371543551,125.04080850930217,1544.6513502702956,0.0,3972522707
300,1883.8881636678225,1529.187920540318,0.0,141.88009725100187,1857.253371543551,125.04080850930217,1544.6513502702956,0.0,1781.3087565909027,1423.6513605479693,0.0,143.06295841717335,1776.5749581481878,126.3549446147325,1460.6875966113566,0.0,3972633082
301,1883.8881636678225,1529.187920540318,0.0,141.88009725100187,1857.253371543551,125.04080850930217,1544.6513502702956,0.0,2089.169187659756,1798.01135828826,1638.170458294329,116.4631317485984,1941.0626982385725,42.75972549886774,1834.1633844914031,1818.9005895531498,3972835248
302,2090.0524919251957,1833.0257726742016,1798.01135828826,102.81068770039762,1946.5662063506923,42.89808683508955,1839.3209892629684,1834.1633844914031,1890.4666079838687,1627.8466895406218,1529.187920540318,105.04796737729876,1839.3158342378938,93.36854329614684,1605.8944759975266,1544.6513502702956,3972937677
303,1890.4666079838687,1627.8466895406218,1529.187920540318,105.04796737729876,1839.3158342378938,93.36854329614684,1605.8944759975266,1544.6513502702956,2090.0524919251957,1833.0257726742016,1798.01135828826,102.81068770039762,1946.5662063506923,42.89808683508955,1839.3209892629684,1834.1633844914031,3973023989
304,2130.433356388417,1937.6423984655507,1879.3775921624322,77.11638316914654,1969.418378114724,38.98454441538207,1871.9570170762688,1861.339143338284,1896.6552727686128,1638.4481360243076,1713.5260817721914,103.28285469772207,1864.5938308105542,45.732552578458545,1750.2624493644078,1769.1177936257047,3973036021
305,2090.0524919251957,1833.0257726742016,1798.01135828826,102.81068770039762,1946.5662063506923,42.89808683508955,1839.3209892629684,1834.1633844914031,1890.4666079838687,1627.8466895406218,1529.187920540318,105.04796737729876,1839.3158342378938,93.36854329614684,1605.8944759975266,1544.6513502702956,3973105146
306,1896.6552727686128,1638.4481360243076,1713.5260817721914,103.28285469772207,1864.5938308105542,45.732552578458545,1750.2624493644078,1769.1177936257047,2130.433356388417,1937.6423984655507,1879.3775921624322,77.11638316914654,1969.418378114724,38.98454441538207,1871.9570170762688,1861.339143338284,3973127831
307,2130.433356388417,1937.6423984655507,1879.3775921624322,77.11638316914654,1969.418378114724,38.98454441538207,1871.9570170762688,1861.339143338284,1799.1601051523044,1541.7228801951844,1579.9262385111333,102.97488998284798,1780.859825757696,50.442528732938335,1654.75350392535,1670.4092250086558,3973211743
308,1799.1601051523044,1541.7228801951844,1579.9262385111333,102.97488998284798,1780.859825757696,50.442528732938335,1654.75350392535,1670.4092250086558,2130.433356388417,1937.6423984655507,1879.3775921624322,77.11638316914654,1969.418378114724,38.98454441538207,1871.9570170762688,1861.339143338284,3973246064
309,1000.0892969618219,368.7455991423536,1164.1524666077507,252.53747912778732,1621.0333079624033,158.67275334439904,1224.3514246014056,1510.6698096802822,1627.679942843589,1096.2236773810982,0.0,212.58250618499628,1672.982351747752,190.44610987581754,1196.8670770582082,0.0,3979184158
310,1627.679942843589,1096.2236773810982,0.0,212.58250618499628,1672.982351747752,190.44610987581754,1196.8670770582082,0.0,1000.0892969618219,368.7455991423536,1164.1524666077507,252.53747912778732,1621.0333079624033,158.67275334439904,1224.3514246014056,1510.6698096802822,3979298911
311,1627.679942843589,1096.2236773810982,0.0,212.58250618499628,1672.982351747752,190.44610987581754,1196.8670770582082,0.0,1000.0892969618219,368.7455991423536,1164.1524666077507,252.53747912778732,1621.0333079624033,158.67275334439904,1224.3514246014056,1510.6698096802822,3979399789
312,1762.1664342014149,1392.8189814991047,971.5678382144771,147.73898108092413,1685.4629925596853,101.89755147461823,1430.7191138731398,1258.476175683044,1558.3730932880887,1282.13395903326,1280.3860562839895,110.49565370193153,1743.3792211711705,48.23698923994196,1622.7867480713155,1649.6573499956369,3979544791
313,1598.650523712779,1294.9944641377022,1162.4226360457874,121.46242383003073,1761.306123726839,47.47545636763396,1642.617482807754,1637.977736902138,1690.9857926665804,1306.3628950295583,944.8162965054876,153.84915905480887,1645.0791618118496,53.63905116585315,1510.9815338972167,1481.696799808659,3979547233
314,1690.9857926665804,1306.3628950295583,944.8162965054876,153.84915905480887,1645.0791618118496,53.63905116585315,1510.9815338972167,1481.696799808659,1598.650523712779,1294.9944641377022,1162.4226360457874,121.46242383003073,1761.306123726839,47.47545636763396,1642.617482807754,1637.977736902138,3979665820
315,1558.3730932880887,1282.13395903326,1280.3860562839895,110.49565370193153,1743.3792211711705,48.23698923994196,1622.7867480713155,1649.6573499956369,1762.1664342014149,1392.8189814991047,971.5678382144771,147.73898108092413,1685.4629925596853,101.89755147461823,1430.7191138731398,1258.476175683044,3979702213
316,1598.650523712779,1294.9944641377022,1162.4226360457874,121.46242383003073,1761.306123726839,47.47545636763396,1642.617482807754,1637.977736902138,1690.9857926665804,1306.3628950295583,944.8162965054876,153.84915905480887,1645.0791618118496,53.63905116585315,1510.9815338972167,1481.696799808659,3979786666
317,1762.1664342014149,1392.8189814991047,971.5678382144771,147.73898108092413,1685.4629925596853,101.89755147461823,1430.7191138731398,1258.476175683044,1558.3730932880887,1282.13395903326,1280.3860562839895,110.49565370193153,1743.3792211711705,48.23698923994196,1622.7867480713155,1649.6573499956369,3979824996
318,1519.9880847954946,1200.758091907824,1081.5645840664645,127.69199715506818,1582.6792246247687,122.91853746776458,1275.3828809553572,1163.7634215150879,1527.0757630996318,1199.839980260084,1071.3812004381455,130.89431313581906,1475.43633353981,73.8308818276265,1290.8591289707438,1263.1762466833893,3981106180
319,1527.0757630996318,1199.839980260084,1071.3812004381455,130.89431313581906,1475.43633353981,73.8308818276265,1290.8591289707438,1263.1762466833893,1519.9880847954946,1200.758091907824,1081.5645840664645,127.69199715506818,1582.6792246247687,122.91853746776458,1275.3828809553572,1163.7634215150879,3981231091
320,1000.0892969618219,368.7455991423536,1164.1524666077507,252.53747912778732,1621.0333079624033,158.67275334439904,1224.3514246014056,1510.6698096802822,1598.650523712779,1294.9944641377022,1162.4226360457874,121.46242383003073,1761.306123726839,47.47545636763396,1642.617482807754,1637.977736902138,3981456050
321,1598.650523712779,1294.9944641377022,1162.4226360457874,121.46242383003073,1761.306123726839,47.47545636763396,1642.617482807754,1637.977736902138,1000.0892969618219,368.7455991423536,1164.1524666077507,252.53747912778732,1621.0333079624033,158.67275334439904,1224.3514246014056,1510.6698096802822,3981626536
322,1558.3730932880887,1282.13395903326,1280.3860562839895,110.49565370193153,1743.3792211711705,48.23698923994196,1622.7867480713155,1649.6573499956369,1519.9880847954946,1200.758091907824,1081.5645840664645,127.69199715506818,1582.6792246247687,122.91853746776458,1275.3828809553572,1163.7634215150879,3981742278
323,1519.9880847954946,1200.758091907824,1081.5645840664645,127.69199715506818,1582.6792246247687,122.91853746776458,1275.3828809553572,1163.7634215150879,1558.3730932880887,1282.13395903326,1280.3860562839895,110.49565370193153,1743.3792211711705,48.23698923994196,1622.7867480713155,1649.6573499956369,3981835685
324,1519.9880847954946,1200.758091907824,1081.5645840664645,127.69199715506818,1582.6792246247687,122.91853746776458,1275.3828809553572,1163.7634215150879,1558.3730932880887,1282.13395903326,1280.3860562839895,110.49565370193153,1743.3792211711705,48.23698923994196,1622.7867480713155,1649.6573499956369,3981901697
