"match_id","avg","count","winrate","winrate_wilson","sum","min","max","stddev"
3537526907,"1.00000000000000000000",1,0.5,0.236589593615487,10,1,1,"0"
3537662528,"1.00000000000000000000",1,0.5,0.236589593615487,10,1,1,"0"
3537800215,"1.00000000000000000000",1,0.5,0.236589593615487,10,1,1,"0"
3538073823,"1.00000000000000000000",1,0.5,0.236589593615487,10,1,1,"0"
3538209536,"1.00000000000000000000",1,0.5,0.236589593615487,10,1,1,"0"
3538372616,"1.00000000000000000000",1,0.5,0.236589593615487,10,1,1,"0"
3538465716,"1.00000000000000000000",1,0.5,0.236589593615487,10,1,1,"0"
3539645043,"1.00000000000000000000",1,0.5,0.236589593615487,10,1,1,"0"
3539833160,"1.00000000000000000000",1,0.5,0.236589593615487,10,1,1,"0"
3539980173,"1.00000000000000000000",1,0.5,0.236589593615487,10,1,1,"0"
3540226851,"1.00000000000000000000",1,0.5,0.236589593615487,10,1,1,"0"
3540395141,"1.00000000000000000000",1,0.5,0.236589593615487,10,1,1,"0"
3540529925,"1.00000000000000000000",1,0.5,0.236589593615487,10,1,1,"0"
3540681433,"1.00000000000000000000",1,0.5,0.236589593615487,10,1,1,"0"
3540802315,"1.00000000000000000000",1,0.5,0.236589593615487,10,1,1,"0"
3541962187,"1.00000000000000000000",1,0.5,0.236589593615487,10,1,1,"0"
3542130436,"1.00000000000000000000",1,0.5,0.236589593615487,10,1,1,"0"
3542160201,"1.00000000000000000000",1,0.5,0.236589593615487,10,1,1,"0"
3542359881,"1.00000000000000000000",1,0.5,0.236589593615487,10,1,1,"0"
3542603444,"1.00000000000000000000",1,0.5,0.236589593615487,10,1,1,"0"
3542800810,"1.00000000000000000000",1,0.5,0.236589593615487,10,1,1,"0"
3542962816,"1.00000000000000000000",1,0.5,0.236589593615487,10,1,1,"0"
3543084625,"1.00000000000000000000",1,0.5,0.236589593615487,10,1,1,"0"
3544380687,"1.00000000000000000000",1,0.5,0.236589593615487,10,1,1,"0"
3544548127,"1.00000000000000000000",1,0.5,0.236589593615487,10,1,1,"0"
3544710395,"1.00000000000000000000",1,0.5,0.236589593615487,10,1,1,"0"
3544999229,"1.00000000000000000000",1,0.5,0.236589593615487,10,1,1,"0"
3545125310,"1.00000000000000000000",1,0.5,0.236589593615487,10,1,1,"0"
3545253155,"1.00000000000000000000",1,0.5,0.236589593615487,10,1,1,"0"
3545330410,"1.00000000000000000000",1,0.5,0.236589593615487,10,1,1,"0"
3545411013,"1.00000000000000000000",1,0.5,0.236589593615487,10,1,1,"0"
3547144432,"1.00000000000000000000",1,0.5,0.236589593615487,10,1,1,"0"
3547233268,"1.00000000000000000000",1,0.5,0.236589593615487,10,1,1,"0"
3547324514,"1.00000000000000000000",1,0.5,0.236589593615487,10,1,1,"0"
3547388149,"1.00000000000000000000",1,0.5,0.236589593615487,10,1,1,"0"
3548767455,"1.00000000000000000000",1,0.5,0.236589593615487,10,1,1,"0"
3548897559,"1.00000000000000000000",1,0.5,0.236589593615487,10,1,1,"0"
3548993847,"1.00000000000000000000",1,0.5,0.236589593615487,10,1,1,"0"
3549079813,"1.00000000000000000000",1,0.5,0.236589593615487,10,1,1,"0"
3549168535,"1.00000000000000000000",1,0.5,0.236589593615487,10,1,1,"0"
3549172140,"1.00000000000000000000",1,0.5,0.236589593615487,10,1,1,"0"
3549219773,"1.00000000000000000000",1,0.5,0.236589593615487,10,1,1,"0"
3550508063,"1.00000000000000000000",1,0.5,0.236589593615487,10,1,1,"0"
3550606727,"1.00000000000000000000",1,0.5,0.236589593615487,10,1,1,"0"
3550720735,"1.00000000000000000000",1,0.5,0.236589593615487,10,1,1,"0"
3550781676,"1.00000000000000000000",1,0.5,0.236589593615487,10,1,1,"0"
3550862852,"1.00000000000000000000",1,0.5,0.236589593615487,10,1,1,"0"
3550918091,"1.00000000000000000000",1,0.5,0.236589593615487,10,1,1,"0"
3552253587,"1.00000000000000000000",1,0.5,0.236589593615487,10,1,1,"0"
3552339511,"1.00000000000000000000",1,0.5,0.236589593615487,10,1,1,"0"
3552460526,"1.00000000000000000000",1,0.5,0.236589593615487,10,1,1,"0"
3552551775,"1.00000000000000000000",1,0.5,0.236589593615487,10,1,1,"0"
3552645913,"1.00000000000000000000",1,0.5,0.236589593615487,10,1,1,"0"
3552694103,"1.00000000000000000000",1,0.5,0.236589593615487,10,1,1,"0"
3553407600,"1.00000000000000000000",1,0.5,0.236589593615487,10,1,1,"0"
3553477514,"1.00000000000000000000",1,0.5,0.236589593615487,10,1,1,"0"
3553604059,"1.00000000000000000000",1,0.5,0.236589593615487,10,1,1,"0"
3553733545,"1.00000000000000000000",1,0.5,0.236589593615487,10,1,1,"0"
3553844716,"1.00000000000000000000",1,0.5,0.236589593615487,10,1,1,"0"
3553986322,"1.00000000000000000000",1,0.5,0.236589593615487,10,1,1,"0"
3554279798,"1.00000000000000000000",1,0.5,0.236589593615487,10,1,1,"0"
3554360514,"1.00000000000000000000",1,0.5,0.236589593615487,10,1,1,"0"
3554422887,"1.00000000000000000000",1,0.5,0.236589593615487,10,1,1,"0"
3554472677,"1.00000000000000000000",1,0.5,0.236589593615487,10,1,1,"0"
3554491138,"1.00000000000000000000",1,0.5,0.236589593615487,10,1,1,"0"
3554583049,"1.00000000000000000000",1,0.5,0.236589593615487,10,1,1,"0"
3555539638,"1.00000000000000000000",1,0.5,0.236589593615487,10,1,1,"0"
3555684032,"1.00000000000000000000",1,0.5,0.236589593615487,10,1,1,"0"
3555789151,"1.00000000000000000000",1,0.5,0.236589593615487,10,1,1,"0"
3555836986,"1.00000000000000000000",1,0.5,0.236589593615487,10,1,1,"0"
3555940520,"1.00000000000000000000",1,0.5,0.236589593615487,10,1,1,"0"
3555994592,"1.00000000000000000000",1,0.5,0.236589593615487,10,1,1,"0"
3556058418,"1.00000000000000000000",1,0.5,0.236589593615487,10,1,1,"0"
3556140432,"1.00000000000000000000",1,0.5,0.236589593615487,10,1,1,"0"
3556202582,"1.00000000000000000000",1,0.5,0.236589593615487,10,1,1,"0"
3556335653,"1.00000000000000000000",1,0.5,0.236589593615487,10,1,1,"0"
3556414389,"1.00000000000000000000",1,0.5,0.236589593615487,10,1,1,"0"
3556521210,"1.00000000000000000000",1,0.5,0.236589593615487,10,1,1,"0"
3556631234,"1.00000000000000000000",1,0.5,0.236589593615487,10,1,1,"0"
3556681860,"1.00000000000000000000",1,0.5,0.236589593615487,10,1,1,"0"
3556731659,"1.00000000000000000000",1,0.5,0.236589593615487,10,1,1,"0"
3556748985,"1.00000000000000000000",1,0.5,0.236589593615487,10,1,1,"0"
3556790073,"1.00000000000000000000",1,0.5,0.236589593615487,10,1,1,"0"
3556843486,"1.00000000000000000000",1,0.5,0.236589593615487,10,1,1,"0"
3556883220,"1.00000000000000000000",1,0.5,0.236589593615487,10,1,1,"0"
3556897960,"1.00000000000000000000",1,0.5,0.236589593615487,10,1,1,"0"
3556943290,"1.00000000000000000000",1,0.5,0.236589593615487,10,1,1,"0"
3557608133,"1.00000000000000000000",1,0.5,0.236589593615487,10,1,1,"0"
3557762105,"1.00000000000000000000",1,0.5,0.236589593615487,10,1,1,"0"
3557856495,"1.00000000000000000000",1,0.5,0.236589593615487,10,1,1,"0"
3558048294,"1.00000000000000000000",1,0.5,0.236589593615487,10,1,1,"0"
3558186968,"1.00000000000000000000",1,0.5,0.236589593615487,10,1,1,"0"
3558187182,"1.00000000000000000000",1,0.5,0.236589593615487,10,1,1,"0"
3558318138,"1.00000000000000000000",1,0.5,0.236589593615487,10,1,1,"0"
3558510788,"1.00000000000000000000",1,0.5,0.236589593615487,10,1,1,"0"
3558597688,"1.00000000000000000000",1,0.5,0.236589593615487,10,1,1,"0"
3558619997,"1.00000000000000000000",1,0.5,0.236589593615487,10,1,1,"0"
3558701651,"1.00000000000000000000",1,0.5,0.236589593615487,10,1,1,"0"
3558713613,"1.00000000000000000000",1,0.5,0.236589593615487,10,1,1,"0"
3558777126,"1.00000000000000000000",1,0.5,0.236589593615487,10,1,1,"0"
3558793494,"1.00000000000000000000",1,0.5,0.236589593615487,10,1,1,"0"
3558866805,"1.00000000000000000000",1,0.5,0.236589593615487,10,1,1,"0"
3558899818,"1.00000000000000000000",1,0.5,0.236589593615487,10,1,1,"0"
3558923187,"1.00000000000000000000",1,0.5,0.236589593615487,10,1,1,"0"
3558951952,"1.00000000000000000000",1,0.5,0.236589593615487,10,1,1,"0"
3558979253,"1.00000000000000000000",1,0.5,0.236589593615487,10,1,1,"0"
3558994461,"1.00000000000000000000",1,0.5,0.236589593615487,10,1,1,"0"
3559037317,"1.00000000000000000000",1,0.5,0.236589593615487,10,1,1,"0"
3559037923,"1.00000000000000000000",1,0.5,0.236589593615487,10,1,1,"0"
3560068096,"1.00000000000000000000",1,0.5,0.236589593615487,10,1,1,"0"
3560160171,"1.00000000000000000000",1,0.5,0.236589593615487,10,1,1,"0"
3560337697,"1.00000000000000000000",1,0.5,0.236589593615487,10,1,1,"0"
3560422984,"1.00000000000000000000",1,0.5,0.236589593615487,10,1,1,"0"
3560477029,"1.00000000000000000000",1,0.5,0.236589593615487,10,1,1,"0"
3560540470,"1.00000000000000000000",1,0.5,0.236589593615487,10,1,1,"0"
3560641643,"1.00000000000000000000",1,0.5,0.236589593615487,10,1,1,"0"
3560681188,"1.00000000000000000000",1,0.5,0.236589593615487,10,1,1,"0"
3560725931,"1.00000000000000000000",1,0.5,0.236589593615487,10,1,1,"0"
3560781378,"1.00000000000000000000",1,0.5,0.236589593615487,10,1,1,"0"
3560847623,"1.00000000000000000000",1,0.5,0.236589593615487,10,1,1,"0"
3561495630,"1.00000000000000000000",1,0.5,0.236589593615487,10,1,1,"0"
3561636602,"1.00000000000000000000",1,0.5,0.236589593615487,10,1,1,"0"
3561782689,"1.00000000000000000000",1,0.5,0.236589593615487,10,1,1,"0"
3561888741,"1.00000000000000000000",1,0.5,0.236589593615487,10,1,1,"0"
3561952591,"1.00000000000000000000",1,0.5,0.236589593615487,10,1,1,"0"
3561966598,"1.00000000000000000000",1,0.5,0.236589593615487,10,1,1,"0"
3562026562,"1.00000000000000000000",1,0.5,0.236589593615487,10,1,1,"0"
3562039160,"1.00000000000000000000",1,0.5,0.236589593615487,10,1,1,"0"
3562093731,"1.00000000000000000000",1,0.5,0.236589593615487,10,1,1,"0"
3562170839,"1.00000000000000000000",1,0.5,0.236589593615487,10,1,1,"0"
3562171562,"1.00000000000000000000",1,0.5,0.236589593615487,10,1,1,"0"
3562232404,"1.00000000000000000000",1,0.5,0.236589593615487,10,1,1,"0"
3562303498,"1.00000000000000000000",1,0.5,0.236589593615487,10,1,1,"0"
3562308019,"1.00000000000000000000",1,0.5,0.236589593615487,10,1,1,"0"
3562345749,"1.00000000000000000000",1,0.5,0.236589593615487,10,1,1,"0"
3562356718,"1.00000000000000000000",1,0.5,0.236589593615487,10,1,1,"0"
3562437228,"1.00000000000000000000",1,0.5,0.236589593615487,10,1,1,"0"
3562473552,"1.00000000000000000000",1,0.5,0.236589593615487,10,1,1,"0"
3562508474,"1.00000000000000000000",1,0.5,0.236589593615487,10,1,1,"0"
3563161917,"1.00000000000000000000",1,0.5,0.236589593615487,10,1,1,"0"
3563253639,"1.00000000000000000000",1,0.5,0.236589593615487,10,1,1,"0"
3563757526,"1.00000000000000000000",1,0.5,0.236589593615487,10,1,1,"0"
3563837364,"1.00000000000000000000",1,0.5,0.236589593615487,10,1,1,"0"
3563931981,"1.00000000000000000000",1,0.5,0.236589593615487,10,1,1,"0"
3564002609,"1.00000000000000000000",1,0.5,0.236589593615487,10,1,1,"0"
3564003018,"1.00000000000000000000",1,0.5,0.236589593615487,10,1,1,"0"
3564051769,"1.00000000000000000000",1,0.5,0.236589593615487,10,1,1,"0"
3564127436,"1.00000000000000000000",1,0.5,0.236589593615487,10,1,1,"0"
3564165553,"1.00000000000000000000",1,0.5,0.236589593615487,10,1,1,"0"
3564206816,"1.00000000000000000000",1,0.5,0.236589593615487,10,1,1,"0"
3565465115,"1.00000000000000000000",1,0.5,0.236589593615487,10,1,1,"0"
3565540360,"1.00000000000000000000",1,0.5,0.236589593615487,10,1,1,"0"
3565640271,"1.00000000000000000000",1,0.5,0.236589593615487,10,1,1,"0"
3565732649,"1.00000000000000000000",1,0.5,0.236589593615487,10,1,1,"0"
3565735375,"1.00000000000000000000",1,0.5,0.236589593615487,10,1,1,"0"
3565827984,"1.00000000000000000000",1,0.5,0.236589593615487,10,1,1,"0"
3565875392,"1.00000000000000000000",1,0.5,0.236589593615487,10,1,1,"0"
3565905099,"1.00000000000000000000",1,0.5,0.236589593615487,10,1,1,"0"
3566348242,"1.00000000000000000000",1,0.5,0.236589593615487,10,1,1,"0"
3566438125,"1.00000000000000000000",1,0.5,0.236589593615487,10,1,1,"0"
3566544785,"1.00000000000000000000",1,0.5,0.236589593615487,10,1,1,"0"
3566631812,"1.00000000000000000000",1,0.5,0.236589593615487,10,1,1,"0"
3566763577,"1.00000000000000000000",1,0.5,0.236589593615487,10,1,1,"0"
3566899357,"1.00000000000000000000",1,0.5,0.236589593615487,10,1,1,"0"
3567049639,"1.00000000000000000000",1,0.5,0.236589593615487,10,1,1,"0"
3568326776,"1.00000000000000000000",1,0.5,0.236589593615487,10,1,1,"0"
3568429861,"1.00000000000000000000",1,0.5,0.236589593615487,10,1,1,"0"
3568535037,"1.00000000000000000000",1,0.5,0.236589593615487,10,1,1,"0"
3568669034,"1.00000000000000000000",1,0.5,0.236589593615487,10,1,1,"0"
3568795427,"1.00000000000000000000",1,0.5,0.236589593615487,10,1,1,"0"
3568956712,"1.00000000000000000000",1,0.5,0.236589593615487,10,1,1,"0"
3569112659,"1.00000000000000000000",1,0.5,0.236589593615487,10,1,1,"0"
3569242485,"1.00000000000000000000",1,0.5,0.236589593615487,10,1,1,"0"
3570053039,"1.00000000000000000000",1,0.5,0.236589593615487,10,1,1,"0"
3570059287,"1.00000000000000000000",1,0.5,0.236589593615487,10,1,1,"0"
3570130016,"1.00000000000000000000",1,0.5,0.236589593615487,10,1,1,"0"
3570136285,"1.00000000000000000000",1,0.5,0.236589593615487,10,1,1,"0"
3570219677,"1.00000000000000000000",1,0.5,0.236589593615487,10,1,1,"0"
3570234217,"1.00000000000000000000",1,0.5,0.236589593615487,10,1,1,"0"
3570352646,"1.00000000000000000000",1,0.5,0.236589593615487,10,1,1,"0"
3570353578,"1.00000000000000000000",1,0.5,0.236589593615487,10,1,1,"0"
3570459988,"1.00000000000000000000",1,0.5,0.236589593615487,10,1,1,"0"
3570584164,"1.00000000000000000000",1,0.5,0.236589593615487,10,1,1,"0"
3570592363,"1.00000000000000000000",1,0.5,0.236589593615487,10,1,1,"0"
3570692321,"1.00000000000000000000",1,0.5,0.236589593615487,10,1,1,"0"
3570704604,"1.00000000000000000000",1,0.5,0.236589593615487,10,1,1,"0"
3570802617,"1.00000000000000000000",1,0.5,0.236589593615487,10,1,1,"0"
3570818280,"1.00000000000000000000",1,0.5,0.236589593615487,10,1,1,"0"
3570955781,"1.00000000000000000000",1,0.5,0.236589593615487,10,1,1,"0"
3570981816,"1.00000000000000000000",1,0.5,0.236589593615487,10,1,1,"0"
3571097519,"1.00000000000000000000",1,0.5,0.236589593615487,10,1,1,"0"
3571101436,"1.00000000000000000000",1,0.5,0.236589593615487,10,1,1,"0"
3571242499,"1.00000000000000000000",1,0.5,0.236589593615487,10,1,1,"0"
3572054448,"1.00000000000000000000",1,0.5,0.236589593615487,10,1,1,"0"
3572056357,"1.00000000000000000000",1,0.5,0.236589593615487,10,1,1,"0"
3572109722,"1.00000000000000000000",1,0.5,0.236589593615487,10,1,1,"0"
3572114989,"1.00000000000000000000",1,0.5,0.236589593615487,10,1,1,"0"
3572167253,"1.00000000000000000000",1,0.5,0.236589593615487,10,1,1,"0"
3572179567,"1.00000000000000000000",1,0.5,0.236589593615487,10,1,1,"0"
3572227754,"1.00000000000000000000",1,0.5,0.236589593615487,10,1,1,"0"
3572228268,"1.00000000000000000000",1,0.5,0.236589593615487,10,1,1,"0"
3572306807,"1.00000000000000000000",1,0.5,0.236589593615487,10,1,1,"0"
3572319102,"1.00000000000000000000",1,0.5,0.236589593615487,10,1,1,"0"
3572369074,"1.00000000000000000000",1,0.5,0.236589593615487,10,1,1,"0"
3572385680,"1.00000000000000000000",1,0.5,0.236589593615487,10,1,1,"0"
3572448805,"1.00000000000000000000",1,0.5,0.236589593615487,10,1,1,"0"
3572453085,"1.00000000000000000000",1,0.5,0.236589593615487,10,1,1,"0"
3572510732,"1.00000000000000000000",1,0.5,0.236589593615487,10,1,1,"0"
3572527922,"1.00000000000000000000",1,0.5,0.236589593615487,10,1,1,"0"
3572608314,"1.00000000000000000000",1,0.5,0.236589593615487,10,1,1,"0"
3572625996,"1.00000000000000000000",1,0.5,0.236589593615487,10,1,1,"0"
3572696340,"1.00000000000000000000",1,0.5,0.236589593615487,10,1,1,"0"
3572702903,"1.00000000000000000000",1,0.5,0.236589593615487,10,1,1,"0"
3575335731,"1.00000000000000000000",1,0.5,0.236589593615487,10,1,1,"0"
3575387841,"1.00000000000000000000",1,0.5,0.236589593615487,10,1,1,"0"
3575435612,"1.00000000000000000000",1,0.5,0.236589593615487,10,1,1,"0"
3575552622,"1.00000000000000000000",1,0.5,0.236589593615487,10,1,1,"0"
3575628185,"1.00000000000000000000",1,0.5,0.236589593615487,10,1,1,"0"
3575732914,"1.00000000000000000000",1,0.5,0.236589593615487,10,1,1,"0"
3575810910,"1.00000000000000000000",1,0.5,0.236589593615487,10,1,1,"0"
3576960284,"1.00000000000000000000",1,0.5,0.236589593615487,10,1,1,"0"
3577011190,"1.00000000000000000000",1,0.5,0.236589593615487,10,1,1,"0"
3577069088,"1.00000000000000000000",1,0.5,0.236589593615487,10,1,1,"0"
3577149391,"1.00000000000000000000",1,0.5,0.236589593615487,10,1,1,"0"
3577220071,"1.00000000000000000000",1,0.5,0.236589593615487,10,1,1,"0"
3577286940,"1.00000000000000000000",1,0.5,0.236589593615487,10,1,1,"0"
3577403300,"1.00000000000000000000",1,0.5,0.236589593615487,10,1,1,"0"
3577491695,"1.00000000000000000000",1,0.5,0.236589593615487,10,1,1,"0"
3578689020,"1.00000000000000000000",1,0.5,0.236589593615487,10,1,1,"0"
3578770128,"1.00000000000000000000",1,0.5,0.236589593615487,10,1,1,"0"
3578831574,"1.00000000000000000000",1,0.5,0.236589593615487,10,1,1,"0"
3578907393,"1.00000000000000000000",1,0.5,0.236589593615487,10,1,1,"0"
3578989936,"1.00000000000000000000",1,0.5,0.236589593615487,10,1,1,"0"
3579099469,"1.00000000000000000000",1,0.5,0.236589593615487,10,1,1,"0"
3579202701,"1.00000000000000000000",1,0.5,0.236589593615487,10,1,1,"0"
3580613127,"1.00000000000000000000",1,0.5,0.236589593615487,10,1,1,"0"
3580676580,"1.00000000000000000000",1,0.5,0.236589593615487,10,1,1,"0"
3580785184,"1.00000000000000000000",1,0.5,0.236589593615487,10,1,1,"0"
3580920775,"1.00000000000000000000",1,0.5,0.236589593615487,10,1,1,"0"
3581002972,"1.00000000000000000000",1,0.5,0.236589593615487,10,1,1,"0"
3581095967,"1.00000000000000000000",1,0.5,0.236589593615487,10,1,1,"0"
3581277522,"1.00000000000000000000",1,0.5,0.236589593615487,10,1,1,"0"
3581372542,"1.00000000000000000000",1,0.5,0.236589593615487,10,1,1,"0"
3583359836,"1.00000000000000000000",1,0.5,0.236589593615487,10,1,1,"0"
3583479175,"1.00000000000000000000",1,0.5,0.236589593615487,10,1,1,"0"
3583630926,"1.00000000000000000000",1,0.5,0.236589593615487,10,1,1,"0"
3588953545,"1.00000000000000000000",1,0.5,0.236589593615487,10,1,1,"0"
3589042488,"1.00000000000000000000",1,0.5,0.236589593615487,10,1,1,"0"
3589214207,"1.00000000000000000000",1,0.5,0.236589593615487,10,1,1,"0"
3589319310,"1.00000000000000000000",1,0.5,0.236589593615487,10,1,1,"0"
3589434725,"1.00000000000000000000",1,0.5,0.236589593615487,10,1,1,"0"
3589523352,"1.00000000000000000000",1,0.5,0.236589593615487,10,1,1,"0"
3589620382,"1.00000000000000000000",1,0.5,0.236589593615487,10,1,1,"0"
3589691006,"1.00000000000000000000",1,0.5,0.236589593615487,10,1,1,"0"
3589809063,"1.00000000000000000000",1,0.5,0.236589593615487,10,1,1,"0"
3589863624,"1.00000000000000000000",1,0.5,0.236589593615487,10,1,1,"0"
3591455566,"1.00000000000000000000",1,0.5,0.236589593615487,10,1,1,"0"
3591534483,"1.00000000000000000000",1,0.5,0.236589593615487,10,1,1,"0"
3591582076,"1.00000000000000000000",1,0.5,0.236589593615487,10,1,1,"0"
3591646812,"1.00000000000000000000",1,0.5,0.236589593615487,10,1,1,"0"
3591701983,"1.00000000000000000000",1,0.5,0.236589593615487,10,1,1,"0"
3591761696,"1.00000000000000000000",1,0.5,0.236589593615487,10,1,1,"0"
3591808202,"1.00000000000000000000",1,0.5,0.236589593615487,10,1,1,"0"
3592347071,"1.00000000000000000000",1,0.5,0.236589593615487,10,1,1,"0"
3592392708,"1.00000000000000000000",1,0.5,0.236589593615487,10,1,1,"0"
3592440441,"1.00000000000000000000",1,0.5,0.236589593615487,10,1,1,"0"
3592497127,"1.00000000000000000000",1,0.5,0.236589593615487,10,1,1,"0"
3592614727,"1.00000000000000000000",1,0.5,0.236589593615487,10,1,1,"0"
3592641601,"1.00000000000000000000",1,0.5,0.236589593615487,10,1,1,"0"
3592768996,"1.00000000000000000000",1,0.5,0.236589593615487,10,1,1,"0"
3592887792,"1.00000000000000000000",1,0.5,0.236589593615487,10,1,1,"0"
3592959842,"1.00000000000000000000",1,0.5,0.236589593615487,10,1,1,"0"
3593038122,"1.00000000000000000000",1,0.5,0.236589593615487,10,1,1,"0"
3593135264,"1.00000000000000000000",1,0.5,0.236589593615487,10,1,1,"0"
3593194086,"1.00000000000000000000",1,0.5,0.236589593615487,10,1,1,"0"
3593239494,"1.00000000000000000000",1,0.5,0.236589593615487,10,1,1,"0"
3593288991,"1.00000000000000000000",1,0.5,0.236589593615487,10,1,1,"0"
3593334179,"1.00000000000000000000",1,0.5,0.236589593615487,10,1,1,"0"
3593368959,"1.00000000000000000000",1,0.5,0.236589593615487,10,1,1,"0"
3593412291,"1.00000000000000000000",1,0.5,0.236589593615487,10,1,1,"0"
3593471736,"1.00000000000000000000",1,0.5,0.236589593615487,10,1,1,"0"
3593531837,"1.00000000000000000000",1,0.5,0.236589593615487,10,1,1,"0"
3594381943,"1.00000000000000000000",1,0.5,0.236589593615487,10,1,1,"0"
3594540805,"1.00000000000000000000",1,0.5,0.236589593615487,10,1,1,"0"
3594714448,"1.00000000000000000000",1,0.5,0.236589593615487,10,1,1,"0"
3594879358,"1.00000000000000000000",1,0.5,0.236589593615487,10,1,1,"0"
3595023144,"1.00000000000000000000",1,0.5,0.236589593615487,10,1,1,"0"
3595192440,"1.00000000000000000000",1,0.5,0.236589593615487,10,1,1,"0"
3595326728,"1.00000000000000000000",1,0.5,0.236589593615487,10,1,1,"0"
3595430302,"1.00000000000000000000",1,0.5,0.236589593615487,10,1,1,"0"
3595557830,"1.00000000000000000000",1,0.5,0.236589593615487,10,1,1,"0"
3595635564,"1.00000000000000000000",1,0.5,0.236589593615487,10,1,1,"0"
3596688904,"1.00000000000000000000",1,0.5,0.236589593615487,10,1,1,"0"
3596803540,"1.00000000000000000000",1,0.5,0.236589593615487,10,1,1,"0"
3597031137,"1.00000000000000000000",1,0.5,0.236589593615487,10,1,1,"0"
3597234172,"1.00000000000000000000",1,0.5,0.236589593615487,10,1,1,"0"
3597401325,"1.00000000000000000000",1,0.5,0.236589593615487,10,1,1,"0"
3603194362,"1.00000000000000000000",1,0.5,0.236589593615487,10,1,1,"0"
3603282282,"1.00000000000000000000",1,0.5,0.236589593615487,10,1,1,"0"
3616214571,"1.00000000000000000000",1,0.5,0.236589593615487,10,1,1,"0"
3616300576,"1.00000000000000000000",1,0.5,0.236589593615487,10,1,1,"0"
3616383122,"1.00000000000000000000",1,0.5,0.236589593615487,10,1,1,"0"
3616461072,"1.00000000000000000000",1,0.5,0.236589593615487,10,1,1,"0"
3616514538,"1.00000000000000000000",1,0.5,0.236589593615487,10,1,1,"0"
3616571379,"1.00000000000000000000",1,0.5,0.236589593615487,10,1,1,"0"
3616622623,"1.00000000000000000000",1,0.5,0.236589593615487,10,1,1,"0"
3616664521,"1.00000000000000000000",1,0.5,0.236589593615487,10,1,1,"0"
3616712080,"1.00000000000000000000",1,0.5,0.236589593615487,10,1,1,"0"
3617950074,"1.00000000000000000000",1,0.5,0.236589593615487,10,1,1,"0"
3618034898,"1.00000000000000000000",1,0.5,0.236589593615487,10,1,1,"0"
3618122365,"1.00000000000000000000",1,0.5,0.236589593615487,10,1,1,"0"
3618204345,"1.00000000000000000000",1,0.5,0.236589593615487,10,1,1,"0"
3618313643,"1.00000000000000000000",1,0.5,0.236589593615487,10,1,1,"0"
3618354768,"1.00000000000000000000",1,0.5,0.236589593615487,10,1,1,"0"
3618428334,"1.00000000000000000000",1,0.5,0.236589593615487,10,1,1,"0"
3618490596,"1.00000000000000000000",1,0.5,0.236589593615487,10,1,1,"0"
3618579401,"1.00000000000000000000",1,0.5,0.236589593615487,10,1,1,"0"
3620078284,"1.00000000000000000000",1,0.5,0.236589593615487,10,1,1,"0"
3620201501,"1.00000000000000000000",1,0.5,0.236589593615487,10,1,1,"0"
3620299194,"1.00000000000000000000",1,0.5,0.236589593615487,10,1,1,"0"
3620409478,"1.00000000000000000000",1,0.5,0.236589593615487,10,1,1,"0"
3620503169,"1.00000000000000000000",1,0.5,0.236589593615487,10,1,1,"0"
3620591660,"1.00000000000000000000",1,0.5,0.236589593615487,10,1,1,"0"
3620675836,"1.00000000000000000000",1,0.5,0.236589593615487,10,1,1,"0"
3620742450,"1.00000000000000000000",1,0.5,0.236589593615487,10,1,1,"0"
3620796674,"1.00000000000000000000",1,0.5,0.236589593615487,10,1,1,"0"
3622490608,"1.00000000000000000000",1,0.5,0.236589593615487,10,1,1,"0"
3622599446,"1.00000000000000000000",1,0.5,0.236589593615487,10,1,1,"0"
3622722921,"1.00000000000000000000",1,0.5,0.236589593615487,10,1,1,"0"
3622880958,"1.00000000000000000000",1,0.5,0.236589593615487,10,1,1,"0"
3622964324,"1.00000000000000000000",1,0.5,0.236589593615487,10,1,1,"0"
3623062792,"1.00000000000000000000",1,0.5,0.236589593615487,10,1,1,"0"
3623123807,"1.00000000000000000000",1,0.5,0.236589593615487,10,1,1,"0"
3623193404,"1.00000000000000000000",1,0.5,0.236589593615487,10,1,1,"0"
3624843844,"1.00000000000000000000",1,0.5,0.236589593615487,10,1,1,"0"
3624958444,"1.00000000000000000000",1,0.5,0.236589593615487,10,1,1,"0"
3625065137,"1.00000000000000000000",1,0.5,0.236589593615487,10,1,1,"0"
3625160730,"1.00000000000000000000",1,0.5,0.236589593615487,10,1,1,"0"
3625232006,"1.00000000000000000000",1,0.5,0.236589593615487,10,1,1,"0"
3625315335,"1.00000000000000000000",1,0.5,0.236589593615487,10,1,1,"0"
3625366950,"1.00000000000000000000",1,0.5,0.236589593615487,10,1,1,"0"
3625422067,"1.00000000000000000000",1,0.5,0.236589593615487,10,1,1,"0"
3625490002,"1.00000000000000000000",1,0.5,0.236589593615487,10,1,1,"0"
3625536941,"1.00000000000000000000",1,0.5,0.236589593615487,10,1,1,"0"
3625617392,"1.00000000000000000000",1,0.5,0.236589593615487,10,1,1,"0"
3625750231,"1.00000000000000000000",1,0.5,0.236589593615487,10,1,1,"0"
3625837366,"1.00000000000000000000",1,0.5,0.236589593615487,10,1,1,"0"
3626019428,"1.00000000000000000000",1,0.5,0.236589593615487,10,1,1,"0"
3626107606,"1.00000000000000000000",1,0.5,0.236589593615487,10,1,1,"0"
3626210150,"1.00000000000000000000",1,0.5,0.236589593615487,10,1,1,"0"
3626539172,"1.00000000000000000000",1,0.5,0.236589593615487,10,1,1,"0"
3626698786,"1.00000000000000000000",1,0.5,0.236589593615487,10,1,1,"0"
3626774539,"1.00000000000000000000",1,0.5,0.236589593615487,10,1,1,"0"
3626792749,"1.00000000000000000000",1,0.5,0.236589593615487,10,1,1,"0"
3626870137,"1.00000000000000000000",1,0.5,0.236589593615487,10,1,1,"0"
3626875680,"1.00000000000000000000",1,0.5,0.236589593615487,10,1,1,"0"
3626969000,"1.00000000000000000000",1,0.5,0.236589593615487,10,1,1,"0"
3627082055,"1.00000000000000000000",1,0.5,0.236589593615487,10,1,1,"0"
3627208936,"1.00000000000000000000",1,0.5,0.236589593615487,10,1,1,"0"
3627256039,"1.00000000000000000000",1,0.5,0.236589593615487,10,1,1,"0"
3627315453,"1.00000000000000000000",1,0.5,0.236589593615487,10,1,1,"0"
3627396911,"1.00000000000000000000",1,0.5,0.236589593615487,10,1,1,"0"
3627482767,"1.00000000000000000000",1,0.5,0.236589593615487,10,1,1,"0"
3627503357,"1.00000000000000000000",1,0.5,0.236589593615487,10,1,1,"0"
3627613231,"1.00000000000000000000",1,0.5,0.236589593615487,10,1,1,"0"
3627705231,"1.00000000000000000000",1,0.5,0.236589593615487,10,1,1,"0"
3627783951,"1.00000000000000000000",1,0.5,0.236589593615487,10,1,1,"0"
3627898766,"1.00000000000000000000",1,0.5,0.236589593615487,10,1,1,"0"
3627985030,"1.00000000000000000000",1,0.5,0.236589593615487,10,1,1,"0"
3628077239,"1.00000000000000000000",1,0.5,0.236589593615487,10,1,1,"0"
3628190458,"1.00000000000000000000",1,0.5,0.236589593615487,10,1,1,"0"
3628335903,"1.00000000000000000000",1,0.5,0.236589593615487,10,1,1,"0"
3628436489,"1.00000000000000000000",1,0.5,0.236589593615487,10,1,1,"0"
3628496070,"1.00000000000000000000",1,0.5,0.236589593615487,10,1,1,"0"
3628607459,"1.00000000000000000000",1,0.5,0.236589593615487,10,1,1,"0"
3628689072,"1.00000000000000000000",1,0.5,0.236589593615487,10,1,1,"0"
3628720949,"1.00000000000000000000",1,0.5,0.236589593615487,10,1,1,"0"
3628812143,"1.00000000000000000000",1,0.5,0.236589593615487,10,1,1,"0"
3628821541,"1.00000000000000000000",1,0.5,0.236589593615487,10,1,1,"0"
3628902549,"1.00000000000000000000",1,0.5,0.236589593615487,10,1,1,"0"
3628909744,"1.00000000000000000000",1,0.5,0.236589593615487,10,1,1,"0"
3629456251,"1.00000000000000000000",1,0.5,0.236589593615487,10,1,1,"0"
3629526650,"1.00000000000000000000",1,0.5,0.236589593615487,10,1,1,"0"
3629706160,"1.00000000000000000000",1,0.5,0.236589593615487,10,1,1,"0"
3629847571,"1.00000000000000000000",1,0.5,0.236589593615487,10,1,1,"0"
3629954267,"1.00000000000000000000",1,0.5,0.236589593615487,10,1,1,"0"
3630073327,"1.00000000000000000000",1,0.5,0.236589593615487,10,1,1,"0"
3630185831,"1.00000000000000000000",1,0.5,0.236589593615487,10,1,1,"0"
3630287614,"1.00000000000000000000",1,0.5,0.236589593615487,10,1,1,"0"
3630553740,"1.00000000000000000000",1,0.5,0.236589593615487,10,1,1,"0"
3630554282,"1.00000000000000000000",1,0.5,0.236589593615487,10,1,1,"0"
3630642076,"1.00000000000000000000",1,0.5,0.236589593615487,10,1,1,"0"
3630693484,"1.00000000000000000000",1,0.5,0.236589593615487,10,1,1,"0"
3630767989,"1.00000000000000000000",1,0.5,0.236589593615487,10,1,1,"0"
3630770808,"1.00000000000000000000",1,0.5,0.236589593615487,10,1,1,"0"
3630785115,"1.00000000000000000000",1,0.5,0.236589593615487,10,1,1,"0"
3630870775,"1.00000000000000000000",1,0.5,0.236589593615487,10,1,1,"0"
3631027855,"1.00000000000000000000",1,0.5,0.236589593615487,10,1,1,"0"
3631031732,"1.00000000000000000000",1,0.5,0.236589593615487,10,1,1,"0"
3631092813,"1.00000000000000000000",1,0.5,0.236589593615487,10,1,1,"0"
3631122820,"1.00000000000000000000",1,0.5,0.236589593615487,10,1,1,"0"
3631170863,"1.00000000000000000000",1,0.5,0.236589593615487,10,1,1,"0"
3631237053,"1.00000000000000000000",1,0.5,0.236589593615487,10,1,1,"0"
3631290049,"1.00000000000000000000",1,0.5,0.236589593615487,10,1,1,"0"
3631384820,"1.00000000000000000000",1,0.5,0.236589593615487,10,1,1,"0"
3631465419,"1.00000000000000000000",1,0.5,0.236589593615487,10,1,1,"0"
3631550859,"1.00000000000000000000",1,0.5,0.236589593615487,10,1,1,"0"
3632802094,"1.00000000000000000000",1,0.5,0.236589593615487,10,1,1,"0"
3632874675,"1.00000000000000000000",1,0.5,0.236589593615487,10,1,1,"0"
3633071499,"1.00000000000000000000",1,0.5,0.236589593615487,10,1,1,"0"
3633141188,"1.00000000000000000000",1,0.5,0.236589593615487,10,1,1,"0"
3634571038,"1.00000000000000000000",1,0.5,0.236589593615487,10,1,1,"0"
3634671662,"1.00000000000000000000",1,0.5,0.236589593615487,10,1,1,"0"
3634688743,"1.00000000000000000000",1,0.5,0.236589593615487,10,1,1,"0"
3634764783,"1.00000000000000000000",1,0.5,0.236589593615487,10,1,1,"0"
3634797251,"1.00000000000000000000",1,0.5,0.236589593615487,10,1,1,"0"
3634867419,"1.00000000000000000000",1,0.5,0.236589593615487,10,1,1,"0"
3634984542,"1.00000000000000000000",1,0.5,0.236589593615487,10,1,1,"0"
3635068051,"1.00000000000000000000",1,0.5,0.236589593615487,10,1,1,"0"
3635201303,"1.00000000000000000000",1,0.5,0.236589593615487,10,1,1,"0"
3635271322,"1.00000000000000000000",1,0.5,0.236589593615487,10,1,1,"0"
3635326955,"1.00000000000000000000",1,0.5,0.236589593615487,10,1,1,"0"
3635791585,"1.00000000000000000000",1,0.5,0.236589593615487,10,1,1,"0"
3635931169,"1.00000000000000000000",1,0.5,0.236589593615487,10,1,1,"0"
3636037139,"1.00000000000000000000",1,0.5,0.236589593615487,10,1,1,"0"
3636144457,"1.00000000000000000000",1,0.5,0.236589593615487,10,1,1,"0"
3636274306,"1.00000000000000000000",1,0.5,0.236589593615487,10,1,1,"0"
3636669963,"1.00000000000000000000",1,0.5,0.236589593615487,10,1,1,"0"
3636763898,"1.00000000000000000000",1,0.5,0.236589593615487,10,1,1,"0"
3636939097,"1.00000000000000000000",1,0.5,0.236589593615487,10,1,1,"0"
3638069035,"1.00000000000000000000",1,0.5,0.236589593615487,10,1,1,"0"
3638192973,"1.00000000000000000000",1,0.5,0.236589593615487,10,1,1,"0"
3638312745,"1.00000000000000000000",1,0.5,0.236589593615487,10,1,1,"0"
3655990173,"1.00000000000000000000",1,0.5,0.236589593615487,10,1,1,"0"
3655991306,"1.00000000000000000000",1,0.5,0.236589593615487,10,1,1,"0"
3656050304,"1.00000000000000000000",1,0.5,0.236589593615487,10,1,1,"0"
3656093068,"1.00000000000000000000",1,0.5,0.236589593615487,10,1,1,"0"
3656130160,"1.00000000000000000000",1,0.5,0.236589593615487,10,1,1,"0"
3656158506,"1.00000000000000000000",1,0.5,0.236589593615487,10,1,1,"0"
3656307892,"1.00000000000000000000",1,0.5,0.236589593615487,10,1,1,"0"
3656392742,"1.00000000000000000000",1,0.5,0.236589593615487,10,1,1,"0"
3657908283,"1.00000000000000000000",1,0.5,0.236589593615487,10,1,1,"0"
3657912267,"1.00000000000000000000",1,0.5,0.236589593615487,10,1,1,"0"
3657984800,"1.00000000000000000000",1,0.5,0.236589593615487,10,1,1,"0"
3658079366,"1.00000000000000000000",1,0.5,0.236589593615487,10,1,1,"0"
3658100750,"1.00000000000000000000",1,0.5,0.236589593615487,10,1,1,"0"
3658305495,"1.00000000000000000000",1,0.5,0.236589593615487,10,1,1,"0"
3658447169,"1.00000000000000000000",1,0.5,0.236589593615487,10,1,1,"0"
3658547529,"1.00000000000000000000",1,0.5,0.236589593615487,10,1,1,"0"
3659342482,"1.00000000000000000000",1,0.5,0.236589593615487,10,1,1,"0"
3659359036,"1.00000000000000000000",1,0.5,0.236589593615487,10,1,1,"0"
3659404443,"1.00000000000000000000",1,0.5,0.236589593615487,10,1,1,"0"
3659404960,"1.00000000000000000000",1,0.5,0.236589593615487,10,1,1,"0"
3659489112,"1.00000000000000000000",1,0.5,0.236589593615487,10,1,1,"0"
3659546120,"1.00000000000000000000",1,0.5,0.236589593615487,10,1,1,"0"
3659550542,"1.00000000000000000000",1,0.5,0.236589593615487,10,1,1,"0"
3659628386,"1.00000000000000000000",1,0.5,0.236589593615487,10,1,1,"0"
3659637001,"1.00000000000000000000",1,0.5,0.236589593615487,10,1,1,"0"
3659703845,"1.00000000000000000000",1,0.5,0.236589593615487,10,1,1,"0"
3659750395,"1.00000000000000000000",1,0.5,0.236589593615487,10,1,1,"0"
3660378428,"1.00000000000000000000",1,0.5,0.236589593615487,10,1,1,"0"
3661212127,"1.00000000000000000000",1,0.5,0.236589593615487,10,1,1,"0"
3661212159,"1.00000000000000000000",1,0.5,0.236589593615487,10,1,1,"0"
3661281715,"1.00000000000000000000",1,0.5,0.236589593615487,10,1,1,"0"
3661293356,"1.00000000000000000000",1,0.5,0.236589593615487,10,1,1,"0"
3661346789,"1.00000000000000000000",1,0.5,0.236589593615487,10,1,1,"0"
3661415665,"1.00000000000000000000",1,0.5,0.236589593615487,10,1,1,"0"
3661474899,"1.00000000000000000000",1,0.5,0.236589593615487,10,1,1,"0"
3661553040,"1.00000000000000000000",1,0.5,0.236589593615487,10,1,1,"0"
3661621609,"1.00000000000000000000",1,0.5,0.236589593615487,10,1,1,"0"
3662803647,"1.00000000000000000000",1,0.5,0.236589593615487,10,1,1,"0"
3662847963,"1.00000000000000000000",1,0.5,0.236589593615487,10,1,1,"0"
3663211527,"1.00000000000000000000",1,0.5,0.236589593615487,10,1,1,"0"
3663220984,"1.00000000000000000000",1,0.5,0.236589593615487,10,1,1,"0"
3663289947,"1.00000000000000000000",1,0.5,0.236589593615487,10,1,1,"0"
3663290427,"1.00000000000000000000",1,0.5,0.236589593615487,10,1,1,"0"
3663370749,"1.00000000000000000000",1,0.5,0.236589593615487,10,1,1,"0"
3663487741,"1.00000000000000000000",1,0.5,0.236589593615487,10,1,1,"0"
3663609201,"1.00000000000000000000",1,0.5,0.236589593615487,10,1,1,"0"
3665291631,"1.00000000000000000000",1,0.5,0.236589593615487,10,1,1,"0"
3665390743,"1.00000000000000000000",1,0.5,0.236589593615487,10,1,1,"0"
3665392361,"1.00000000000000000000",1,0.5,0.236589593615487,10,1,1,"0"
3665393185,"1.00000000000000000000",1,0.5,0.236589593615487,10,1,1,"0"
3665462466,"1.00000000000000000000",1,0.5,0.236589593615487,10,1,1,"0"
3665463695,"1.00000000000000000000",1,0.5,0.236589593615487,10,1,1,"0"
3665479564,"1.00000000000000000000",1,0.5,0.236589593615487,10,1,1,"0"
3665536042,"1.00000000000000000000",1,0.5,0.236589593615487,10,1,1,"0"
3665567565,"1.00000000000000000000",1,0.5,0.236589593615487,10,1,1,"0"
3665662407,"1.00000000000000000000",1,0.5,0.236589593615487,10,1,1,"0"
3665663557,"1.00000000000000000000",1,0.5,0.236589593615487,10,1,1,"0"
3665773985,"1.00000000000000000000",1,0.5,0.236589593615487,10,1,1,"0"
3665788523,"1.00000000000000000000",1,0.5,0.236589593615487,10,1,1,"0"
3666212178,"1.00000000000000000000",1,0.5,0.236589593615487,10,1,1,"0"
3666218561,"1.00000000000000000000",1,0.5,0.236589593615487,10,1,1,"0"
3666299454,"1.00000000000000000000",1,0.5,0.236589593615487,10,1,1,"0"
3666345336,"1.00000000000000000000",1,0.5,0.236589593615487,10,1,1,"0"
3666349184,"1.00000000000000000000",1,0.5,0.236589593615487,10,1,1,"0"
3666376627,"1.00000000000000000000",1,0.5,0.236589593615487,10,1,1,"0"
3666430052,"1.00000000000000000000",1,0.5,0.236589593615487,10,1,1,"0"
3666433628,"1.00000000000000000000",1,0.5,0.236589593615487,10,1,1,"0"
3666434044,"1.00000000000000000000",1,0.5,0.236589593615487,10,1,1,"0"
3666438256,"1.00000000000000000000",1,0.5,0.236589593615487,10,1,1,"0"
3666508579,"1.00000000000000000000",1,0.5,0.236589593615487,10,1,1,"0"
3666529082,"1.00000000000000000000",1,0.5,0.236589593615487,10,1,1,"0"
3666530133,"1.00000000000000000000",1,0.5,0.236589593615487,10,1,1,"0"
3666541967,"1.00000000000000000000",1,0.5,0.236589593615487,10,1,1,"0"
3666542496,"1.00000000000000000000",1,0.5,0.236589593615487,10,1,1,"0"
3666602503,"1.00000000000000000000",1,0.5,0.236589593615487,10,1,1,"0"
3666607897,"1.00000000000000000000",1,0.5,0.236589593615487,10,1,1,"0"
3666613384,"1.00000000000000000000",1,0.5,0.236589593615487,10,1,1,"0"
3666619731,"1.00000000000000000000",1,0.5,0.236589593615487,10,1,1,"0"
3666623074,"1.00000000000000000000",1,0.5,0.236589593615487,10,1,1,"0"
3666636720,"1.00000000000000000000",1,0.5,0.236589593615487,10,1,1,"0"
3666668099,"1.00000000000000000000",1,0.5,0.236589593615487,10,1,1,"0"
3666688038,"1.00000000000000000000",1,0.5,0.236589593615487,10,1,1,"0"
3666698105,"1.00000000000000000000",1,0.5,0.236589593615487,10,1,1,"0"
3666702405,"1.00000000000000000000",1,0.5,0.236589593615487,10,1,1,"0"
3666706475,"1.00000000000000000000",1,0.5,0.236589593615487,10,1,1,"0"
3666720817,"1.00000000000000000000",1,0.5,0.236589593615487,10,1,1,"0"
3666764398,"1.00000000000000000000",1,0.5,0.236589593615487,10,1,1,"0"
3666775743,"1.00000000000000000000",1,0.5,0.236589593615487,10,1,1,"0"
3666829657,"1.00000000000000000000",1,0.5,0.236589593615487,10,1,1,"0"
3667058965,"1.00000000000000000000",1,0.5,0.236589593615487,10,1,1,"0"
3667068640,"1.00000000000000000000",1,0.5,0.236589593615487,10,1,1,"0"
3667114915,"1.00000000000000000000",1,0.5,0.236589593615487,10,1,1,"0"
3667119344,"1.00000000000000000000",1,0.5,0.236589593615487,10,1,1,"0"
3667698112,"1.00000000000000000000",1,0.5,0.236589593615487,10,1,1,"0"
3667833474,"1.00000000000000000000",1,0.5,0.236589593615487,10,1,1,"0"
3668562177,"1.00000000000000000000",1,0.5,0.236589593615487,10,1,1,"0"
3668631785,"1.00000000000000000000",1,0.5,0.236589593615487,10,1,1,"0"
3669026454,"1.00000000000000000000",1,0.5,0.236589593615487,10,1,1,"0"
3669076622,"1.00000000000000000000",1,0.5,0.236589593615487,10,1,1,"0"
3669093471,"1.00000000000000000000",1,0.5,0.236589593615487,10,1,1,"0"
3669095658,"1.00000000000000000000",1,0.5,0.236589593615487,10,1,1,"0"
3669097495,"1.00000000000000000000",1,0.5,0.236589593615487,10,1,1,"0"
3669136916,"1.00000000000000000000",1,0.5,0.236589593615487,10,1,1,"0"
3669150756,"1.00000000000000000000",1,0.5,0.236589593615487,10,1,1,"0"
3669156467,"1.00000000000000000000",1,0.5,0.236589593615487,10,1,1,"0"
3669192418,"1.00000000000000000000",1,0.5,0.236589593615487,10,1,1,"0"
3669223136,"1.00000000000000000000",1,0.5,0.236589593615487,10,1,1,"0"
3669228773,"1.00000000000000000000",1,0.5,0.236589593615487,10,1,1,"0"
3669231416,"1.00000000000000000000",1,0.5,0.236589593615487,10,1,1,"0"
3669275546,"1.00000000000000000000",1,0.5,0.236589593615487,10,1,1,"0"
3669297328,"1.00000000000000000000",1,0.5,0.236589593615487,10,1,1,"0"
3669300900,"1.00000000000000000000",1,0.5,0.236589593615487,10,1,1,"0"
3669302018,"1.00000000000000000000",1,0.5,0.236589593615487,10,1,1,"0"
3669307939,"1.00000000000000000000",1,0.5,0.236589593615487,10,1,1,"0"
3669370205,"1.00000000000000000000",1,0.5,0.236589593615487,10,1,1,"0"
3669388238,"1.00000000000000000000",1,0.5,0.236589593615487,10,1,1,"0"
3669457967,"1.00000000000000000000",1,0.5,0.236589593615487,10,1,1,"0"
3669462612,"1.00000000000000000000",1,0.5,0.236589593615487,10,1,1,"0"
3669470453,"1.00000000000000000000",1,0.5,0.236589593615487,10,1,1,"0"
3669505748,"1.00000000000000000000",1,0.5,0.236589593615487,10,1,1,"0"
3669545110,"1.00000000000000000000",1,0.5,0.236589593615487,10,1,1,"0"
3669554370,"1.00000000000000000000",1,0.5,0.236589593615487,10,1,1,"0"
3669561629,"1.00000000000000000000",1,0.5,0.236589593615487,10,1,1,"0"
3669581323,"1.00000000000000000000",1,0.5,0.236589593615487,10,1,1,"0"
3669608386,"1.00000000000000000000",1,0.5,0.236589593615487,10,1,1,"0"
3669663527,"1.00000000000000000000",1,0.5,0.236589593615487,10,1,1,"0"
3669672435,"1.00000000000000000000",1,0.5,0.236589593615487,10,1,1,"0"
3669771534,"1.00000000000000000000",1,0.5,0.236589593615487,10,1,1,"0"
3669773993,"1.00000000000000000000",1,0.5,0.236589593615487,10,1,1,"0"
3669774665,"1.00000000000000000000",1,0.5,0.236589593615487,10,1,1,"0"
3669775093,"1.00000000000000000000",1,0.5,0.236589593615487,10,1,1,"0"
3669775605,"1.00000000000000000000",1,0.5,0.236589593615487,10,1,1,"0"
3669854923,"1.00000000000000000000",1,0.5,0.236589593615487,10,1,1,"0"
3669865768,"1.00000000000000000000",1,0.5,0.236589593615487,10,1,1,"0"
3669870441,"1.00000000000000000000",1,0.5,0.236589593615487,10,1,1,"0"
3669942202,"1.00000000000000000000",1,0.5,0.236589593615487,10,1,1,"0"
3670005141,"1.00000000000000000000",1,0.5,0.236589593615487,10,1,1,"0"
3670056060,"1.00000000000000000000",1,0.5,0.236589593615487,10,1,1,"0"
3670126295,"1.00000000000000000000",1,0.5,0.236589593615487,10,1,1,"0"
3670141108,"1.00000000000000000000",1,0.5,0.236589593615487,10,1,1,"0"
3670225184,"1.00000000000000000000",1,0.5,0.236589593615487,10,1,1,"0"
3670232622,"1.00000000000000000000",1,0.5,0.236589593615487,10,1,1,"0"
3670240370,"1.00000000000000000000",1,0.5,0.236589593615487,10,1,1,"0"
3670270379,"1.00000000000000000000",1,0.5,0.236589593615487,10,1,1,"0"
3670314015,"1.00000000000000000000",1,0.5,0.236589593615487,10,1,1,"0"
3670327145,"1.00000000000000000000",1,0.5,0.236589593615487,10,1,1,"0"
3670425494,"1.00000000000000000000",1,0.5,0.236589593615487,10,1,1,"0"
3670464891,"1.00000000000000000000",1,0.5,0.236589593615487,10,1,1,"0"
3670541925,"1.00000000000000000000",1,0.5,0.236589593615487,10,1,1,"0"
3670587205,"1.00000000000000000000",1,0.5,0.236589593615487,10,1,1,"0"
3670671475,"1.00000000000000000000",1,0.5,0.236589593615487,10,1,1,"0"
3670678570,"1.00000000000000000000",1,0.5,0.236589593615487,10,1,1,"0"
3670684368,"1.00000000000000000000",1,0.5,0.236589593615487,10,1,1,"0"
3670720184,"1.00000000000000000000",1,0.5,0.236589593615487,10,1,1,"0"
3670730423,"1.00000000000000000000",1,0.5,0.236589593615487,10,1,1,"0"
3670753957,"1.00000000000000000000",1,0.5,0.236589593615487,10,1,1,"0"
3670768568,"1.00000000000000000000",1,0.5,0.236589593615487,10,1,1,"0"
3670782779,"1.00000000000000000000",1,0.5,0.236589593615487,10,1,1,"0"
3670788423,"1.00000000000000000000",1,0.5,0.236589593615487,10,1,1,"0"
3670814208,"1.00000000000000000000",1,0.5,0.236589593615487,10,1,1,"0"
3670830153,"1.00000000000000000000",1,0.5,0.236589593615487,10,1,1,"0"
3670848008,"1.00000000000000000000",1,0.5,0.236589593615487,10,1,1,"0"
3670906487,"1.00000000000000000000",1,0.5,0.236589593615487,10,1,1,"0"
3670910709,"1.00000000000000000000",1,0.5,0.236589593615487,10,1,1,"0"
3670915406,"1.00000000000000000000",1,0.5,0.236589593615487,10,1,1,"0"
3670915410,"1.00000000000000000000",1,0.5,0.236589593615487,10,1,1,"0"
3670983261,"1.00000000000000000000",1,0.5,0.236589593615487,10,1,1,"0"
3670983643,"1.00000000000000000000",1,0.5,0.236589593615487,10,1,1,"0"
3670986336,"1.00000000000000000000",1,0.5,0.236589593615487,10,1,1,"0"
3670989334,"1.00000000000000000000",1,0.5,0.236589593615487,10,1,1,"0"
3671003756,"1.00000000000000000000",1,0.5,0.236589593615487,10,1,1,"0"
3671004560,"1.00000000000000000000",1,0.5,0.236589593615487,10,1,1,"0"
3671050897,"1.00000000000000000000",1,0.5,0.236589593615487,10,1,1,"0"
3671061970,"1.00000000000000000000",1,0.5,0.236589593615487,10,1,1,"0"
3671082529,"1.00000000000000000000",1,0.5,0.236589593615487,10,1,1,"0"
3671087160,"1.00000000000000000000",1,0.5,0.236589593615487,10,1,1,"0"
3671102093,"1.00000000000000000000",1,0.5,0.236589593615487,10,1,1,"0"
3671145779,"1.00000000000000000000",1,0.5,0.236589593615487,10,1,1,"0"
3671152960,"1.00000000000000000000",1,0.5,0.236589593615487,10,1,1,"0"
3671161784,"1.00000000000000000000",1,0.5,0.236589593615487,10,1,1,"0"
3671175172,"1.00000000000000000000",1,0.5,0.236589593615487,10,1,1,"0"
3671216561,"1.00000000000000000000",1,0.5,0.236589593615487,10,1,1,"0"
3671236550,"1.00000000000000000000",1,0.5,0.236589593615487,10,1,1,"0"
3671249370,"1.00000000000000000000",1,0.5,0.236589593615487,10,1,1,"0"
3671260457,"1.00000000000000000000",1,0.5,0.236589593615487,10,1,1,"0"
3671328138,"1.00000000000000000000",1,0.5,0.236589593615487,10,1,1,"0"
3671333941,"1.00000000000000000000",1,0.5,0.236589593615487,10,1,1,"0"
3671351618,"1.00000000000000000000",1,0.5,0.236589593615487,10,1,1,"0"
3671430511,"1.00000000000000000000",1,0.5,0.236589593615487,10,1,1,"0"
3671434452,"1.00000000000000000000",1,0.5,0.236589593615487,10,1,1,"0"
3671451565,"1.00000000000000000000",1,0.5,0.236589593615487,10,1,1,"0"
3671452478,"1.00000000000000000000",1,0.5,0.236589593615487,10,1,1,"0"
3671455981,"1.00000000000000000000",1,0.5,0.236589593615487,10,1,1,"0"
3671522180,"1.00000000000000000000",1,0.5,0.236589593615487,10,1,1,"0"
3671535496,"1.00000000000000000000",1,0.5,0.236589593615487,10,1,1,"0"
3671539575,"1.00000000000000000000",1,0.5,0.236589593615487,10,1,1,"0"
3671553991,"1.00000000000000000000",1,0.5,0.236589593615487,10,1,1,"0"
3671561032,"1.00000000000000000000",1,0.5,0.236589593615487,10,1,1,"0"
3671617722,"1.00000000000000000000",1,0.5,0.236589593615487,10,1,1,"0"
3671622540,"1.00000000000000000000",1,0.5,0.236589593615487,10,1,1,"0"
3671623557,"1.00000000000000000000",1,0.5,0.236589593615487,10,1,1,"0"
3671628132,"1.00000000000000000000",1,0.5,0.236589593615487,10,1,1,"0"
3671630575,"1.00000000000000000000",1,0.5,0.236589593615487,10,1,1,"0"
3671630924,"1.00000000000000000000",1,0.5,0.236589593615487,10,1,1,"0"
3671634756,"1.00000000000000000000",1,0.5,0.236589593615487,10,1,1,"0"
3671648827,"1.00000000000000000000",1,0.5,0.236589593615487,10,1,1,"0"
3671650558,"1.00000000000000000000",1,0.5,0.236589593615487,10,1,1,"0"
3671661767,"1.00000000000000000000",1,0.5,0.236589593615487,10,1,1,"0"
3671665937,"1.00000000000000000000",1,0.5,0.236589593615487,10,1,1,"0"
3671703106,"1.00000000000000000000",1,0.5,0.236589593615487,10,1,1,"0"
3671703294,"1.00000000000000000000",1,0.5,0.236589593615487,10,1,1,"0"
3671707905,"1.00000000000000000000",1,0.5,0.236589593615487,10,1,1,"0"
3671709539,"1.00000000000000000000",1,0.5,0.236589593615487,10,1,1,"0"
3671714947,"1.00000000000000000000",1,0.5,0.236589593615487,10,1,1,"0"
3671716982,"1.00000000000000000000",1,0.5,0.236589593615487,10,1,1,"0"
3671717076,"1.00000000000000000000",1,0.5,0.236589593615487,10,1,1,"0"
3671724133,"1.00000000000000000000",1,0.5,0.236589593615487,10,1,1,"0"
3671728565,"1.00000000000000000000",1,0.5,0.236589593615487,10,1,1,"0"
3671728686,"1.00000000000000000000",1,0.5,0.236589593615487,10,1,1,"0"
3671728965,"1.00000000000000000000",1,0.5,0.236589593615487,10,1,1,"0"
3671736557,"1.00000000000000000000",1,0.5,0.236589593615487,10,1,1,"0"
3671738470,"1.00000000000000000000",1,0.5,0.236589593615487,10,1,1,"0"
3671772446,"1.00000000000000000000",1,0.5,0.236589593615487,10,1,1,"0"
3671785906,"1.00000000000000000000",1,0.5,0.236589593615487,10,1,1,"0"
3671791914,"1.00000000000000000000",1,0.5,0.236589593615487,10,1,1,"0"
3671823596,"1.00000000000000000000",1,0.5,0.236589593615487,10,1,1,"0"
3671837416,"1.00000000000000000000",1,0.5,0.236589593615487,10,1,1,"0"
3671854956,"1.00000000000000000000",1,0.5,0.236589593615487,10,1,1,"0"
3671862496,"1.00000000000000000000",1,0.5,0.236589593615487,10,1,1,"0"
3671862656,"1.00000000000000000000",1,0.5,0.236589593615487,10,1,1,"0"
3671863641,"1.00000000000000000000",1,0.5,0.236589593615487,10,1,1,"0"
3671865669,"1.00000000000000000000",1,0.5,0.236589593615487,10,1,1,"0"
3671866265,"1.00000000000000000000",1,0.5,0.236589593615487,10,1,1,"0"
3671877610,"1.00000000000000000000",1,0.5,0.236589593615487,10,1,1,"0"
3671913791,"1.00000000000000000000",1,0.5,0.236589593615487,10,1,1,"0"
3671917413,"1.00000000000000000000",1,0.5,0.236589593615487,10,1,1,"0"
3671928080,"1.00000000000000000000",1,0.5,0.236589593615487,10,1,1,"0"
3671928906,"1.00000000000000000000",1,0.5,0.236589593615487,10,1,1,"0"
3671934932,"1.00000000000000000000",1,0.5,0.236589593615487,10,1,1,"0"
3671938083,"1.00000000000000000000",1,0.5,0.236589593615487,10,1,1,"0"
3671940724,"1.00000000000000000000",1,0.5,0.236589593615487,10,1,1,"0"
3671943525,"1.00000000000000000000",1,0.5,0.236589593615487,10,1,1,"0"
3671944623,"1.00000000000000000000",1,0.5,0.236589593615487,10,1,1,"0"
3671972452,"1.00000000000000000000",1,0.5,0.236589593615487,10,1,1,"0"
3671989102,"1.00000000000000000000",1,0.5,0.236589593615487,10,1,1,"0"
3671993486,"1.00000000000000000000",1,0.5,0.236589593615487,10,1,1,"0"
3672000740,"1.00000000000000000000",1,0.5,0.236589593615487,10,1,1,"0"
3672012925,"1.00000000000000000000",1,0.5,0.236589593615487,10,1,1,"0"
3672047164,"1.00000000000000000000",1,0.5,0.236589593615487,10,1,1,"0"
3672048053,"1.00000000000000000000",1,0.5,0.236589593615487,10,1,1,"0"
3672060578,"1.00000000000000000000",1,0.5,0.236589593615487,10,1,1,"0"
3672067427,"1.00000000000000000000",1,0.5,0.236589593615487,10,1,1,"0"
3672098681,"1.00000000000000000000",1,0.5,0.236589593615487,10,1,1,"0"
3672100804,"1.00000000000000000000",1,0.5,0.236589593615487,10,1,1,"0"
3672108573,"1.00000000000000000000",1,0.5,0.236589593615487,10,1,1,"0"
3672143301,"1.00000000000000000000",1,0.5,0.236589593615487,10,1,1,"0"
3672154057,"1.00000000000000000000",1,0.5,0.236589593615487,10,1,1,"0"
3672185917,"1.00000000000000000000",1,0.5,0.236589593615487,10,1,1,"0"
3672201078,"1.00000000000000000000",1,0.5,0.236589593615487,10,1,1,"0"
3672244579,"1.00000000000000000000",1,0.5,0.236589593615487,10,1,1,"0"
3672247774,"1.00000000000000000000",1,0.5,0.236589593615487,10,1,1,"0"
3672255445,"1.00000000000000000000",1,0.5,0.236589593615487,10,1,1,"0"
3672288667,"1.00000000000000000000",1,0.5,0.236589593615487,10,1,1,"0"
3672305221,"1.00000000000000000000",1,0.5,0.236589593615487,10,1,1,"0"
3672310612,"1.00000000000000000000",1,0.5,0.236589593615487,10,1,1,"0"
3672384363,"1.00000000000000000000",1,0.5,0.236589593615487,10,1,1,"0"
3672440405,"1.00000000000000000000",1,0.5,0.236589593615487,10,1,1,"0"
3672453927,"1.00000000000000000000",1,0.5,0.236589593615487,10,1,1,"0"
3672502687,"1.00000000000000000000",1,0.5,0.236589593615487,10,1,1,"0"
3672514696,"1.00000000000000000000",1,0.5,0.236589593615487,10,1,1,"0"
3672579698,"1.00000000000000000000",1,0.5,0.236589593615487,10,1,1,"0"
3672588819,"1.00000000000000000000",1,0.5,0.236589593615487,10,1,1,"0"
3672593060,"1.00000000000000000000",1,0.5,0.236589593615487,10,1,1,"0"
3672651683,"1.00000000000000000000",1,0.5,0.236589593615487,10,1,1,"0"
3672653744,"1.00000000000000000000",1,0.5,0.236589593615487,10,1,1,"0"
3672659134,"1.00000000000000000000",1,0.5,0.236589593615487,10,1,1,"0"
3672683657,"1.00000000000000000000",1,0.5,0.236589593615487,10,1,1,"0"
3672734100,"1.00000000000000000000",1,0.5,0.236589593615487,10,1,1,"0"
3672805308,"1.00000000000000000000",1,0.5,0.236589593615487,10,1,1,"0"
3672818831,"1.00000000000000000000",1,0.5,0.236589593615487,10,1,1,"0"
3672826266,"1.00000000000000000000",1,0.5,0.236589593615487,10,1,1,"0"
3672919546,"1.00000000000000000000",1,0.5,0.236589593615487,10,1,1,"0"
3672924338,"1.00000000000000000000",1,0.5,0.236589593615487,10,1,1,"0"
3672976384,"1.00000000000000000000",1,0.5,0.236589593615487,10,1,1,"0"
3672986849,"1.00000000000000000000",1,0.5,0.236589593615487,10,1,1,"0"
3673012387,"1.00000000000000000000",1,0.5,0.236589593615487,10,1,1,"0"
3673014367,"1.00000000000000000000",1,0.5,0.236589593615487,10,1,1,"0"
3673105024,"1.00000000000000000000",1,0.5,0.236589593615487,10,1,1,"0"
3673107545,"1.00000000000000000000",1,0.5,0.236589593615487,10,1,1,"0"
3673114744,"1.00000000000000000000",1,0.5,0.236589593615487,10,1,1,"0"
3673116079,"1.00000000000000000000",1,0.5,0.236589593615487,10,1,1,"0"
3673116420,"1.00000000000000000000",1,0.5,0.236589593615487,10,1,1,"0"
3673196949,"1.00000000000000000000",1,0.5,0.236589593615487,10,1,1,"0"
3673209217,"1.00000000000000000000",1,0.5,0.236589593615487,10,1,1,"0"
3673216575,"1.00000000000000000000",1,0.5,0.236589593615487,10,1,1,"0"
3673233182,"1.00000000000000000000",1,0.5,0.236589593615487,10,1,1,"0"
3673296002,"1.00000000000000000000",1,0.5,0.236589593615487,10,1,1,"0"
3673304751,"1.00000000000000000000",1,0.5,0.236589593615487,10,1,1,"0"
3673313769,"1.00000000000000000000",1,0.5,0.236589593615487,10,1,1,"0"
3673316176,"1.00000000000000000000",1,0.5,0.236589593615487,10,1,1,"0"
3673347054,"1.00000000000000000000",1,0.5,0.236589593615487,10,1,1,"0"
3673395323,"1.00000000000000000000",1,0.5,0.236589593615487,10,1,1,"0"
3673399279,"1.00000000000000000000",1,0.5,0.236589593615487,10,1,1,"0"
3673403923,"1.00000000000000000000",1,0.5,0.236589593615487,10,1,1,"0"
3673458470,"1.00000000000000000000",1,0.5,0.236589593615487,10,1,1,"0"
3673482405,"1.00000000000000000000",1,0.5,0.236589593615487,10,1,1,"0"
3673559508,"1.00000000000000000000",1,0.5,0.236589593615487,10,1,1,"0"
3673560465,"1.00000000000000000000",1,0.5,0.236589593615487,10,1,1,"0"
3673562182,"1.00000000000000000000",1,0.5,0.236589593615487,10,1,1,"0"
3673578605,"1.00000000000000000000",1,0.5,0.236589593615487,10,1,1,"0"
3673623945,"1.00000000000000000000",1,0.5,0.236589593615487,10,1,1,"0"
3673631946,"1.00000000000000000000",1,0.5,0.236589593615487,10,1,1,"0"
3673639687,"1.00000000000000000000",1,0.5,0.236589593615487,10,1,1,"0"
3673640339,"1.00000000000000000000",1,0.5,0.236589593615487,10,1,1,"0"
3673647411,"1.00000000000000000000",1,0.5,0.236589593615487,10,1,1,"0"
3673650821,"1.00000000000000000000",1,0.5,0.236589593615487,10,1,1,"0"
3673654779,"1.00000000000000000000",1,0.5,0.236589593615487,10,1,1,"0"
3673687191,"1.00000000000000000000",1,0.5,0.236589593615487,10,1,1,"0"
3673690513,"1.00000000000000000000",1,0.5,0.236589593615487,10,1,1,"0"
3673691377,"1.00000000000000000000",1,0.5,0.236589593615487,10,1,1,"0"
3673702603,"1.00000000000000000000",1,0.5,0.236589593615487,10,1,1,"0"
3673721028,"1.00000000000000000000",1,0.5,0.236589593615487,10,1,1,"0"
3673725612,"1.00000000000000000000",1,0.5,0.236589593615487,10,1,1,"0"
3673733442,"1.00000000000000000000",1,0.5,0.236589593615487,10,1,1,"0"
3673733716,"1.00000000000000000000",1,0.5,0.236589593615487,10,1,1,"0"
3673745148,"1.00000000000000000000",1,0.5,0.236589593615487,10,1,1,"0"
3673763737,"1.00000000000000000000",1,0.5,0.236589593615487,10,1,1,"0"
3673783451,"1.00000000000000000000",1,0.5,0.236589593615487,10,1,1,"0"
3673789772,"1.00000000000000000000",1,0.5,0.236589593615487,10,1,1,"0"
3673792593,"1.00000000000000000000",1,0.5,0.236589593615487,10,1,1,"0"
3673810304,"1.00000000000000000000",1,0.5,0.236589593615487,10,1,1,"0"
3673826529,"1.00000000000000000000",1,0.5,0.236589593615487,10,1,1,"0"
3673830518,"1.00000000000000000000",1,0.5,0.236589593615487,10,1,1,"0"
3673836937,"1.00000000000000000000",1,0.5,0.236589593615487,10,1,1,"0"
3673848348,"1.00000000000000000000",1,0.5,0.236589593615487,10,1,1,"0"
3673870809,"1.00000000000000000000",1,0.5,0.236589593615487,10,1,1,"0"
3673872461,"1.00000000000000000000",1,0.5,0.236589593615487,10,1,1,"0"
3673874368,"1.00000000000000000000",1,0.5,0.236589593615487,10,1,1,"0"
3673918084,"1.00000000000000000000",1,0.5,0.236589593615487,10,1,1,"0"
3673922353,"1.00000000000000000000",1,0.5,0.236589593615487,10,1,1,"0"
3673964759,"1.00000000000000000000",1,0.5,0.236589593615487,10,1,1,"0"
3673986808,"1.00000000000000000000",1,0.5,0.236589593615487,10,1,1,"0"
3674025041,"1.00000000000000000000",1,0.5,0.236589593615487,10,1,1,"0"
3674089192,"1.00000000000000000000",1,0.5,0.236589593615487,10,1,1,"0"
3674106773,"1.00000000000000000000",1,0.5,0.236589593615487,10,1,1,"0"
3674136979,"1.00000000000000000000",1,0.5,0.236589593615487,10,1,1,"0"
3674138469,"1.00000000000000000000",1,0.5,0.236589593615487,10,1,1,"0"
3674169059,"1.00000000000000000000",1,0.5,0.236589593615487,10,1,1,"0"
3674209274,"1.00000000000000000000",1,0.5,0.236589593615487,10,1,1,"0"
3674318913,"1.00000000000000000000",1,0.5,0.236589593615487,10,1,1,"0"
3674345427,"1.00000000000000000000",1,0.5,0.236589593615487,10,1,1,"0"
3674347563,"1.00000000000000000000",1,0.5,0.236589593615487,10,1,1,"0"
3674363710,"1.00000000000000000000",1,0.5,0.236589593615487,10,1,1,"0"
3674399684,"1.00000000000000000000",1,0.5,0.236589593615487,10,1,1,"0"
3674429258,"1.00000000000000000000",1,0.5,0.236589593615487,10,1,1,"0"
3674440157,"1.00000000000000000000",1,0.5,0.236589593615487,10,1,1,"0"
3674450456,"1.00000000000000000000",1,0.5,0.236589593615487,10,1,1,"0"
3674500189,"1.00000000000000000000",1,0.5,0.236589593615487,10,1,1,"0"
3674511155,"1.00000000000000000000",1,0.5,0.236589593615487,10,1,1,"0"
3674668790,"1.00000000000000000000",1,0.5,0.236589593615487,10,1,1,"0"
3674717392,"1.00000000000000000000",1,0.5,0.236589593615487,10,1,1,"0"
3674781537,"1.00000000000000000000",1,0.5,0.236589593615487,10,1,1,"0"
3674845306,"1.00000000000000000000",1,0.5,0.236589593615487,10,1,1,"0"
3674954033,"1.00000000000000000000",1,0.5,0.236589593615487,10,1,1,"0"
3674977685,"1.00000000000000000000",1,0.5,0.236589593615487,10,1,1,"0"
3674991077,"1.00000000000000000000",1,0.5,0.236589593615487,10,1,1,"0"
3675086930,"1.00000000000000000000",1,0.5,0.236589593615487,10,1,1,"0"
3675095710,"1.00000000000000000000",1,0.5,0.236589593615487,10,1,1,"0"
3675098526,"1.00000000000000000000",1,0.5,0.236589593615487,10,1,1,"0"
3675099734,"1.00000000000000000000",1,0.5,0.236589593615487,10,1,1,"0"
3675186584,"1.00000000000000000000",1,0.5,0.236589593615487,10,1,1,"0"
3675207479,"1.00000000000000000000",1,0.5,0.236589593615487,10,1,1,"0"
3675212117,"1.00000000000000000000",1,0.5,0.236589593615487,10,1,1,"0"
3675231320,"1.00000000000000000000",1,0.5,0.236589593615487,10,1,1,"0"
3675325224,"1.00000000000000000000",1,0.5,0.236589593615487,10,1,1,"0"
3675365749,"1.00000000000000000000",1,0.5,0.236589593615487,10,1,1,"0"
3675390208,"1.00000000000000000000",1,0.5,0.236589593615487,10,1,1,"0"
3675448553,"1.00000000000000000000",1,0.5,0.236589593615487,10,1,1,"0"
3675457589,"1.00000000000000000000",1,0.5,0.236589593615487,10,1,1,"0"
3675525406,"1.00000000000000000000",1,0.5,0.236589593615487,10,1,1,"0"
3675551460,"1.00000000000000000000",1,0.5,0.236589593615487,10,1,1,"0"
3675592634,"1.00000000000000000000",1,0.5,0.236589593615487,10,1,1,"0"
3675667881,"1.00000000000000000000",1,0.5,0.236589593615487,10,1,1,"0"
3675728032,"1.00000000000000000000",1,0.5,0.236589593615487,10,1,1,"0"
3675756821,"1.00000000000000000000",1,0.5,0.236589593615487,10,1,1,"0"
3675779844,"1.00000000000000000000",1,0.5,0.236589593615487,10,1,1,"0"
3675804527,"1.00000000000000000000",1,0.5,0.236589593615487,10,1,1,"0"
3675809741,"1.00000000000000000000",1,0.5,0.236589593615487,10,1,1,"0"
3675816262,"1.00000000000000000000",1,0.5,0.236589593615487,10,1,1,"0"
3675858008,"1.00000000000000000000",1,0.5,0.236589593615487,10,1,1,"0"
3675870776,"1.00000000000000000000",1,0.5,0.236589593615487,10,1,1,"0"
3675890755,"1.00000000000000000000",1,0.5,0.236589593615487,10,1,1,"0"
3676934192,"1.00000000000000000000",1,0.5,0.236589593615487,10,1,1,"0"
3677050954,"1.00000000000000000000",1,0.5,0.236589593615487,10,1,1,"0"
3677301188,"1.00000000000000000000",1,0.5,0.236589593615487,10,1,1,"0"
3677394414,"1.00000000000000000000",1,0.5,0.236589593615487,10,1,1,"0"
3677414099,"1.00000000000000000000",1,0.5,0.236589593615487,10,1,1,"0"
3677501971,"1.00000000000000000000",1,0.5,0.236589593615487,10,1,1,"0"
3677576150,"1.00000000000000000000",1,0.5,0.236589593615487,10,1,1,"0"
3677586745,"1.00000000000000000000",1,0.5,0.236589593615487,10,1,1,"0"
3677638871,"1.00000000000000000000",1,0.5,0.236589593615487,10,1,1,"0"
3677685722,"1.00000000000000000000",1,0.5,0.236589593615487,10,1,1,"0"
3677690788,"1.00000000000000000000",1,0.5,0.236589593615487,10,1,1,"0"
3677746184,"1.00000000000000000000",1,0.5,0.236589593615487,10,1,1,"0"
3677800159,"1.00000000000000000000",1,0.5,0.236589593615487,10,1,1,"0"
3677847089,"1.00000000000000000000",1,0.5,0.236589593615487,10,1,1,"0"
3677856633,"1.00000000000000000000",1,0.5,0.236589593615487,10,1,1,"0"
3677890174,"1.00000000000000000000",1,0.5,0.236589593615487,10,1,1,"0"
3677907381,"1.00000000000000000000",1,0.5,0.236589593615487,10,1,1,"0"
3677974897,"1.00000000000000000000",1,0.5,0.236589593615487,10,1,1,"0"
3678034354,"1.00000000000000000000",1,0.5,0.236589593615487,10,1,1,"0"
3678094603,"1.00000000000000000000",1,0.5,0.236589593615487,10,1,1,"0"
3678460398,"1.00000000000000000000",1,0.5,0.236589593615487,10,1,1,"0"
3678628664,"1.00000000000000000000",1,0.5,0.236589593615487,10,1,1,"0"
3678728544,"1.00000000000000000000",1,0.5,0.236589593615487,10,1,1,"0"
3679007953,"1.00000000000000000000",1,0.5,0.236589593615487,10,1,1,"0"
3679023543,"1.00000000000000000000",1,0.5,0.236589593615487,10,1,1,"0"
3679140650,"1.00000000000000000000",1,0.5,0.236589593615487,10,1,1,"0"
3679145662,"1.00000000000000000000",1,0.5,0.236589593615487,10,1,1,"0"
3679230675,"1.00000000000000000000",1,0.5,0.236589593615487,10,1,1,"0"
3679278012,"1.00000000000000000000",1,0.5,0.236589593615487,10,1,1,"0"
3680397726,"1.00000000000000000000",1,0.5,0.236589593615487,10,1,1,"0"
3680478729,"1.00000000000000000000",1,0.5,0.236589593615487,10,1,1,"0"
3681141101,"1.00000000000000000000",1,0.5,0.236589593615487,10,1,1,"0"
3681208490,"1.00000000000000000000",1,0.5,0.236589593615487,10,1,1,"0"
3681994430,"1.00000000000000000000",1,0.5,0.236589593615487,10,1,1,"0"
3681994910,"1.00000000000000000000",1,0.5,0.236589593615487,10,1,1,"0"
3682060385,"1.00000000000000000000",1,0.5,0.236589593615487,10,1,1,"0"
3682064889,"1.00000000000000000000",1,0.5,0.236589593615487,10,1,1,"0"
3682119944,"1.00000000000000000000",1,0.5,0.236589593615487,10,1,1,"0"
3682183854,"1.00000000000000000000",1,0.5,0.236589593615487,10,1,1,"0"
3682222007,"1.00000000000000000000",1,0.5,0.236589593615487,10,1,1,"0"
3683360294,"1.00000000000000000000",1,0.5,0.236589593615487,10,1,1,"0"
3683396689,"1.00000000000000000000",1,0.5,0.236589593615487,10,1,1,"0"
3683472944,"1.00000000000000000000",1,0.5,0.236589593615487,10,1,1,"0"
3683501311,"1.00000000000000000000",1,0.5,0.236589593615487,10,1,1,"0"
3683550012,"1.00000000000000000000",1,0.5,0.236589593615487,10,1,1,"0"
3683935248,"1.00000000000000000000",1,0.5,0.236589593615487,10,1,1,"0"
3684013735,"1.00000000000000000000",1,0.5,0.236589593615487,10,1,1,"0"
3684109077,"1.00000000000000000000",1,0.5,0.236589593615487,10,1,1,"0"
3684200927,"1.00000000000000000000",1,0.5,0.236589593615487,10,1,1,"0"
3684323149,"1.00000000000000000000",1,0.5,0.236589593615487,10,1,1,"0"
3684449466,"1.00000000000000000000",1,0.5,0.236589593615487,10,1,1,"0"
3684943864,"1.00000000000000000000",1,0.5,0.236589593615487,10,1,1,"0"
3684986226,"1.00000000000000000000",1,0.5,0.236589593615487,10,1,1,"0"
3685076750,"1.00000000000000000000",1,0.5,0.236589593615487,10,1,1,"0"
3685115403,"1.00000000000000000000",1,0.5,0.236589593615487,10,1,1,"0"
3685276900,"1.00000000000000000000",1,0.5,0.236589593615487,10,1,1,"0"
3685343126,"1.00000000000000000000",1,0.5,0.236589593615487,10,1,1,"0"
3685486157,"1.00000000000000000000",1,0.5,0.236589593615487,10,1,1,"0"
3685560533,"1.00000000000000000000",1,0.5,0.236589593615487,10,1,1,"0"
3685644944,"1.00000000000000000000",1,0.5,0.236589593615487,10,1,1,"0"
3686630652,"1.00000000000000000000",1,0.5,0.236589593615487,10,1,1,"0"
3686682034,"1.00000000000000000000",1,0.5,0.236589593615487,10,1,1,"0"
3686742741,"1.00000000000000000000",1,0.5,0.236589593615487,10,1,1,"0"
3686799589,"1.00000000000000000000",1,0.5,0.236589593615487,10,1,1,"0"
3686848827,"1.00000000000000000000",1,0.5,0.236589593615487,10,1,1,"0"
3686906814,"1.00000000000000000000",1,0.5,0.236589593615487,10,1,1,"0"
3686909192,"1.00000000000000000000",1,0.5,0.236589593615487,10,1,1,"0"
3686916657,"1.00000000000000000000",1,0.5,0.236589593615487,10,1,1,"0"
3686974255,"1.00000000000000000000",1,0.5,0.236589593615487,10,1,1,"0"
3686978852,"1.00000000000000000000",1,0.5,0.236589593615487,10,1,1,"0"
3687074915,"1.00000000000000000000",1,0.5,0.236589593615487,10,1,1,"0"
3687092089,"1.00000000000000000000",1,0.5,0.236589593615487,10,1,1,"0"
3687151809,"1.00000000000000000000",1,0.5,0.236589593615487,10,1,1,"0"
3687154463,"1.00000000000000000000",1,0.5,0.236589593615487,10,1,1,"0"
3687262459,"1.00000000000000000000",1,0.5,0.236589593615487,10,1,1,"0"
3687347650,"1.00000000000000000000",1,0.5,0.236589593615487,10,1,1,"0"
3687594391,"1.00000000000000000000",1,0.5,0.236589593615487,10,1,1,"0"
3688740865,"1.00000000000000000000",1,0.5,0.236589593615487,10,1,1,"0"
3688822000,"1.00000000000000000000",1,0.5,0.236589593615487,10,1,1,"0"
3688897611,"1.00000000000000000000",1,0.5,0.236589593615487,10,1,1,"0"
3689045549,"1.00000000000000000000",1,0.5,0.236589593615487,10,1,1,"0"
3689133031,"1.00000000000000000000",1,0.5,0.236589593615487,10,1,1,"0"
3689347829,"1.00000000000000000000",1,0.5,0.236589593615487,10,1,1,"0"
3689489578,"1.00000000000000000000",1,0.5,0.236589593615487,10,1,1,"0"
3690751201,"1.00000000000000000000",1,0.5,0.236589593615487,10,1,1,"0"
3690859058,"1.00000000000000000000",1,0.5,0.236589593615487,10,1,1,"0"
3690954503,"1.00000000000000000000",1,0.5,0.236589593615487,10,1,1,"0"
3691083265,"1.00000000000000000000",1,0.5,0.236589593615487,10,1,1,"0"
3691216356,"1.00000000000000000000",1,0.5,0.236589593615487,10,1,1,"0"
3691341015,"1.00000000000000000000",1,0.5,0.236589593615487,10,1,1,"0"
3691576813,"1.00000000000000000000",1,0.5,0.236589593615487,10,1,1,"0"